grid_id,total_activity,peak_hour_activity,active_hours
5161,274800.2956,33120.754400000005,24
5059,197968.3438,17500.2359,24
5758,143489.2707,13040.3491,24
5061,137435.4867,11297.983100000001,24
5955,135844.9556,9393.459099999998,24
5262,131322.87589999998,12492.089899999999,24
6064,126818.9053,9980.393199999999,24
5162,124664.3217,11834.750399999999,24
4857,121991.8232,9340.6056,24
4856,114005.337,7601.4693,24
5458,113380.8117,7280.148999999999,24
4755,112272.013,6968.7024,24
4654,111520.1209,8584.662199999999,24
6073,110620.42300000001,6332.3012,24
5956,109792.7562,10804.864699999998,24
5658,107140.1977,7159.5971,24
6072,106965.59270000001,6063.3271,24
5855,106165.8445,7360.7955999999995,24
5857,106148.4458,7043.3647,24
5567,105790.0871,6708.435799999999,24
6169,103415.8489,6212.3054999999995,24
4655,102825.7641,6773.1833,24
5959,102213.3588,7660.9428,24
4653,101830.7412,8332.8589,24
4457,101093.4741,5801.254800000001,24
4754,100498.129,6445.000900000001,24
4855,100417.7678,5529.709,24
5258,100278.4717,6652.1296999999995,24
6165,100257.6082,7549.9263,24
4456,100173.0297,6127.9562,24
5954,99716.8043,7070.227999999999,24
4556,98140.5294,7091.886,24
5858,97114.2977,6930.7837,24
5856,96982.11009999999,7085.9843,24
5958,95957.6396,8132.8561,24
5060,95509.3967,8549.8075,24
4554,94423.409,8422.728299999999,24
5765,93731.7915,5918.2002999999995,24
5854,93119.4077,5830.970200000001,24
4656,93028.1109,6876.397800000001,24
5967,92454.2819,5748.5874,24
4756,92426.7222,7345.8937000000005,24
5159,92329.7162,8400.8873,24
6058,91634.3312,5967.6361,24
5859,91329.00230000001,5654.7033,24
5259,91275.547,10245.7718,24
4553,89686.822,8971.7709,24
4462,89549.0931,6961.219999999999,24
4555,89503.7647,6212.077799999999,24
5957,89414.2945,6374.3053,24
6065,88418.1211,5281.3822,24
5766,87940.05990000001,6925.5182,24
6260,87495.7691,6071.829299999999,24
5659,87038.756,5133.1288,24
5160,86680.9504,9867.8933,24
6067,85432.2439,5231.4626,24
4957,84674.452,5440.8115,24
4366,82933.0957,4972.2669000000005,24
5965,82601.205,4592.2780999999995,24
5263,82012.6221,6974.7179,24
4465,81855.9341,4819.2884,24
5461,81845.2234,5556.5036,24
4959,81813.50319999999,6678.5935,24
5968,81603.237,5340.7457,24
6068,81026.6309,5011.2786,24
5759,80572.3945,4831.5132,24
4948,79493.86809999999,5690.900799999999,24
6164,79454.5725,5862.6231,24
4648,78751.9914,4770.739,24
6557,78321.0362,9356.3294,24
4757,78155.0997,5839.8796,24
4256,77998.0901,4806.0308,24
5256,77926.4271,5015.839199999999,24
4452,77782.3871,12112.689000000002,24
4453,77743.8191,9897.0013,24
5163,77663.48819999999,5897.3403,24
5866,77637.6922,5899.905699999999,24
6358,77629.8953,4766.8652999999995,24
6345,77452.3971,7205.5886,24
6558,77405.9083,7614.6714,24
5361,77293.8098,6805.6608,24
5467,76895.5356,4284.1246,24
4958,75846.8144,5150.3274,24
4548,75416.6204,5124.741599999999,24
5068,75054.2302,4557.7224,24
4961,74531.8124,4718.995199999999,24
6066,74334.5815,4204.5134,24
4968,74172.5953,4363.8853,24
5349,74065.46669999999,4938.3889,24
5072,73229.0373,3858.8991,24
5248,73068.92689999999,5703.920300000001,24
5148,73061.3993,5485.3,24
6074,72795.238,4124.1071999999995,24
4758,72446.6152,5681.0954,24
5358,72334.4753,4870.214099999999,24
6371,71713.9455,4334.5688,24
4854,71696.6716,4347.392400000001,24
4762,71494.9757,4267.632299999999,24
4455,71436.4378,5441.7068,24
6268,71408.6325,4406.9466,24
4960,71075.8735,5478.158199999999,24
6069,70945.1393,3929.6153999999997,24
6269,70166.2066,4377.6752,24
6460,69956.2103,4161.5869,24
5261,69763.5687,6248.3472,24
5367,69737.6117,3836.585,24
6265,69700.3673,5089.8393,24
5255,69630.062,3996.9942,24
4355,69394.007,5009.4827000000005,24
5568,69261.6972,3976.4873000000002,24
5860,68794.4016,4370.7611,24
6264,68733.3183,4562.890299999999,24
5867,68267.057,4881.318300000001,24
4257,67827.1773,4106.282999999999,24
4853,67794.43,3912.8241,24
4753,67337.3096,4052.4717999999993,24
4559,67103.0383,4531.3746,24
4761,66842.0586,3970.117,24
8169,66531.4473,8110.5766,24
5667,66365.5778,4056.8043,24
4458,66365.4996,4823.3847000000005,24
5147,66325.4416,3929.9824000000003,24
4972,66305.1143,3559.4425,24
4356,66210.4582,3901.4139999999998,24
5868,66063.5384,4204.7705000000005,24
4362,66054.2313,4008.7226,24
7164,65761.4554,4361.8679,24
6372,65724.7955,4138.4385,24
5151,65381.1275,4084.2875999999997,24
4459,65325.326,5098.6624,24
4956,65304.7928,4319.9923,24
5767,64863.1276,4085.7355,24
5566,64766.5847,4026.5267,24
6560,64730.4246,4040.5571999999997,24
6151,64501.2574,3667.9001000000003,24
5073,64397.1041,3626.7721999999994,24
5047,64261.1141,3741.4139000000005,24
5769,63929.5872,4392.8743,24
4759,63779.304,4753.7349,24
6166,63688.1275,4720.656300000001,24
6059,63652.8646,5876.637699999999,24
5964,63405.5252,3423.9865999999993,24
5368,63260.9026,3640.5134,24
5966,63180.9769,3534.2374,24
5670,62564.9617,3422.1860999999994,24
6674,62400.1232,4977.286900000001,24
5257,62341.062,4598.5621,24
5559,62263.3651,3750.5551,24
4561,62247.4695,4924.977,24
4354,62081.0368,5013.3828,24
5760,61600.292499999996,3609.6173,24
4557,61444.9269,4432.4242,24
6565,61401.8496,3799.2932,24
5143,61217.3854,3795.8093,24
6457,61186.3673,4178.0971,24
4659,61145.3522,3854.3068,24
4156,60843.780699999996,3665.8785,24
4861,60832.5607,4338.0467,24
4860,60789.5858,3985.2524999999996,24
4454,60777.3253,5030.1583,24
6051,60749.367,4356.7149,24
5757,60522.0151,3696.0647,24
5252,60467.49,3310.9127,24
6175,60339.3725,3269.5627999999997,24
5861,60315.445,3699.9997,24
5761,59568.792,3334.2014,24
6458,59224.8781,3761.9480999999996,24
4363,59120.0536,3395.443,24
6772,59064.5696,3469.8071000000004,24
5669,58937.1713,4979.7244,24
5653,58933.7066,4743.3644,24
5770,58789.3953,3510.6841,24
5753,58726.2919,3649.0829999999996,24
5754,58700.989199999996,3296.2782,24
6174,58617.9285,3145.3787,24
6050,58558.5827,3513.3196,24
5953,58493.28,3563.4776,24
5269,58246.4576,3623.1503000000002,24
5069,58208.091700000004,3338.3224000000005,24
4858,58046.8517,3746.4618,24
5348,57920.9722,3916.1782,24
5268,57734.917499999996,3222.2913000000003,24
4969,57680.5826,3609.7935,24
4955,57637.9825,3362.7711000000004,24
4652,57616.5314,3525.9824,24
4558,57588.5923,3892.1158,24
5158,57357.7748,4794.4212,24
4155,57055.6048,3591.4728999999998,24
5468,56611.4209,2969.5603000000006,24
4461,56546.8817,4479.4722,24
5755,56506.0071,3211.6513000000004,24
5969,56456.2902,3650.1784,24
5662,56389.6902,3609.1568000000007,24
5963,56312.707500000004,3059.8235999999997,24
5267,56174.2991,3112.8002,24
5249,56041.9326,3813.8628999999996,24
6657,55921.2465,3167.2024,24
7163,55858.3015,3760.4263,24
5970,55803.0088,3086.6427000000003,24
4255,55718.0152,3539.5865,24
5869,55490.194599999995,3166.3775,24
5048,55443.4539,2909.5352,24
4760,55195.2935,3861.7101000000002,24
5359,54808.0356,3336.0793,24
4647,54691.707800000004,3197.3066,24
5156,54570.297699999996,3436.4312999999997,24
4547,54462.3854,3100.7462,24
5172,54230.8482,3287.0916,24
4660,54148.3111,3473.9226,24
6172,54015.7083,3089.0942999999997,24
4364,53839.880300000004,3548.4623,24
4954,53738.9152,3180.8255,24
4254,53730.5125,3600.1367999999998,24
6070,53702.5374,3134.0445,24
6977,53677.368700000006,3303.1682,24
5661,53586.7068,2824.5478999999996,24
6559,53565.8757,3399.9361,24
4466,53545.9058,2950.0431,24
4359,53521.5,4621.3713,24
5251,53511.4539,3393.9102000000003,24
5459,53421.1325,3633.9651,24
5155,53218.239,3040.6949,24
5974,53212.3301,3075.8987,24
3856,53083.0187,2723.3839,24
4967,52874.0542,3462.966,24
5270,52836.4037,3265.5044000000003,24
6368,52765.8921,2942.3513000000003,24
6168,52682.3252,2986.3491000000004,24
5952,52558.4331,3213.2257,24
6274,52444.9804,3029.3995,24
5372,52354.4795,3279.3857,24
5870,52346.0809,2880.3562,24
6352,52343.3706,3155.6446000000005,24
5668,52306.6999,2988.6926999999996,24
4971,52241.7301,3685.9721000000004,24
3857,52147.9393,2872.7327999999998,24
5865,52060.9309,2978.6352,24
6374,52002.8976,3016.6989999999996,24
6459,51916.2593,2870.2706999999996,24
7077,51883.3029,3143.0231,24
4157,51807.7351,2848.476,24
3956,51734.3305,2710.0799,24
5862,51679.529299999995,3246.6023999999998,24
6075,51640.0147,2863.4399000000003,24
4953,51541.5566,3348.5618000000004,24
4460,51410.9568,4401.9844,24
5453,51391.0046,3839.8750999999997,24
6063,51354.2291,2710.7765000000004,24
4369,51246.5184,3083.9410000000003,24
5853,51190.9369,2898.1187,24
5254,51141.2699,2749.4498,24
5062,51097.562,3768.3033,24
5170,51051.3829,2737.1217,24
6370,51016.5314,4424.764,24
6158,50792.4864,3256.6092999999996,24
5362,50771.0272,4117.1080999999995,24
6373,50699.1475,2960.2162000000003,24
5168,50679.2446,2824.7202,24
6149,50648.4192,2868.8702,24
3757,50584.0973,2768.2323,24
5149,50510.6307,3196.0032999999994,24
6757,50506.932,2792.2735000000002,24
5560,50343.5169,3263.2781,24
6273,50267.3007,2876.9385,24
5462,50100.0573,3693.2306999999996,24
4549,50025.538,2660.8934,24
5070,50019.878899999996,2555.1830999999997,24
4658,49979.1426,3210.0447999999997,24
5460,49850.9572,3377.1073000000006,24
6762,49836.0144,3122.3008999999997,24
4560,49770.5228,3302.0565,24
5660,49749.5308,3022.0717,24
5562,49709.6824,3339.6547000000005,24
4546,49419.4262,2649.7891,24
5058,49297.6331,3428.1560999999997,24
6671,49288.3887,2567.2808,24
5154,49204.5435,2927.7057999999997,24
4849,49197.755,2784.2928,24
4949,49099.7385,2796.0804,24
5960,49058.1597,3052.3999000000003,24
4962,49051.257,3632.0491999999995,24
6672,48744.6342,2760.0896000000002,24
5570,48674.3159,2537.8275000000003,24
5569,48582.029500000004,3805.6499,24
5752,48507.5939,2957.7185999999992,24
6251,48453.7171,2693.3982,24
5951,48441.9349,2921.3401999999996,24
5973,47999.853,2731.9194,24
6658,47927.453199999996,3069.8725999999997,24
6675,47853.659,3904.0468,24
5169,47849.3386,2543.5809,24
4357,47787.019700000004,2544.71,24
5146,47745.3707,2850.3773000000006,24
4367,47735.132900000004,3781.0415000000003,24
4752,47727.317,3105.7539000000006,24
6170,47722.191,2634.6348,24
4168,47655.5901,3132.6133,24
4451,47548.7711,7718.6668,24
5260,47533.402500000004,3853.2289,24
4657,47530.2189,3626.6706999999997,24
5449,47519.3215,3141.6830999999997,24
4650,47515.4147,2550.1124,24
4068,47506.2102,3175.2070000000003,24
4750,47496.4435,2664.8139,24
4662,47363.3473,2813.4571,24
5756,47263.896400000005,3015.7644000000005,24
6369,47248.6642,2567.973,24
6574,47240.1921,3363.3972,24
4973,47218.2364,2723.1983999999998,24
4651,47165.8942,2526.1330000000003,24
4545,47060.6476,3089.3813999999998,24
5975,46957.786,2693.6799,24
4446,46907.1465,2556.9946000000004,24
6270,46869.026,3299.6498,24
5360,46804.6832,3495.1588,24
5152,46645.4396,2889.681,24
5972,46644.1157,2751.6374,24
5342,46481.963,2833.3878,24
5247,46448.6325,2693.8678000000004,24
6252,46404.3234,2775.0085,24
5450,46397.7492,2940.2641,24
4358,46392.4425,3196.7601,24
4365,46221.6808,2620.3486000000003,24
4069,46144.378300000004,3010.1626,24
6471,46122.3744,2617.8802,24
6148,46075.0862,2657.1602,24
6359,46029.0336,2759.0962,24
6176,45986.8107,2460.2709,24
9368,45983.8445,3151.0852999999997,24
4751,45906.342300000004,2465.2329,24
5768,45705.6915,2646.4347000000002,24
5063,45531.3263,3296.6563,24
4952,45484.0142,3117.5129999999995,24
6167,45476.1077,2355.5009,24
5762,45398.827,2770.8003,24
3756,45358.614199999996,2516.7320999999997,24
4269,45310.1056,2792.2682,24
3957,45137.4418,2433.1644,24
5654,45088.6374,3215.0271999999995,24
6173,45003.9386,2380.2183999999997,24
5452,44945.7774,2853.8997,24
6360,44864.2791,2502.8658000000005,24
5442,44862.101,2998.0024000000003,24
5558,44831.0596,2801.6194000000005,24
6665,44813.5117,2859.0886,24
5646,44773.768599999996,2866.8438000000006,24
6267,44772.334,2776.2839999999997,24
4169,44673.2402,2999.8223999999996,24
5561,44645.5611,2725.7295,24
6375,44626.978,2560.7918999999997,24
4562,44625.1306,3847.0702,24
6659,44604.1982,2682.0829999999996,24
4859,44551.3022,2414.8618,24
6758,44513.3673,2426.7219999999998,24
6057,44478.755600000004,3208.6062999999995,24
4851,44321.1163,2262.9371,24
4469,44284.0975,2341.9487,24
4154,44258.5219,2611.6208,24
5656,43973.2096,2571.2698,24
5655,43961.8526,2919.0647,24
5271,43939.3909,2372.4287,24
6266,43888.169499999996,2809.885,24
4850,43877.4147,2425.2403000000004,24
5071,43824.2087,2507.2332,24
5171,43718.0714,2337.0041,24
4649,43655.2558,2521.1484,24
6445,43628.5616,3026.4288,24
6771,43596.1363,2305.0383,24
8762,43368.0166,2437.4885999999997,24
4444,43303.8846,3402.1881,24
6248,43301.1058,2565.0038,24
7076,43300.5282,2401.4232999999995,24
4468,43209.5868,2892.15,24
4450,43153.8862,4492.7509,24
4349,43037.1019,2668.3442,24
5246,43015.6561,2445.4997,24
4661,43001.828,2385.9774,24
5150,42995.0697,2746.9448,24
4940,42795.6699,2390.418,24
4447,42775.1404,2352.1213,24
5053,42736.7284,2801.4575,24
6053,42708.6033,2537.8898000000004,24
5157,42708.0375,2617.7691999999997,24
3962,42670.6082,2597.7779,24
6249,42476.3371,2478.812,24
5557,42428.2766,2953.2522000000004,24
5370,42354.4859,2316.4452,24
6662,42331.994099999996,2547.8635999999997,24
5046,42297.4256,2523.6112,24
4368,42260.3773,2945.2926,24
4852,42235.7411,2759.095,24
6150,42215.3066,2554.1808,24
5245,42200.0494,2392.7214,24
4747,42177.3243,2272.2266,24
6461,42109.7047,2620.317,24
4926,42100.8551,2502.5453,24
6056,41978.9312,3231.7316,24
6351,41924.7032,2276.4831000000004,24
4566,41826.0153,3346.9008,24
5962,41818.4729,2335.8097,24
5363,41773.0852,3617.6338,24
5971,41713.3162,2616.2064,24
3955,41701.4847,2114.9118,24
5244,41666.0887,2292.3531000000003,24
4268,41569.2117,2393.1549,24
5272,41543.9028,2539.4314999999997,24
6364,41496.8211,2907.3522,24
4445,41366.1736,2691.4399000000003,24
6673,41361.5015,3314.8722,24
4470,41309.0842,2351.9266000000002,24
6446,41223.7611,2382.5045,24
8371,41208.3712,2450.6583,24
5273,41156.1537,2561.4079,24
5652,41150.335699999996,2192.4658,24
5040,41047.8488,2252.4265,24
4464,40790.4894,2826.3075,24
4826,40754.5142,2430.8193,24
8271,40690.2621,2413.6302,24
5544,40493.0223,2489.2142,24
4570,40400.816,3337.4596,24
6978,40345.947,2356.2176,24
4463,40311.089,2699.7396999999996,24
7078,40299.5162,2352.7257,24
5657,40223.8418,2629.0752,24
6052,40197.5923,2496.8111000000004,24
6547,40166.2874,2375.1279,24
5647,39979.7434,2392.9869,24
4749,39867.3902,2207.204,24
6250,39833.1167,2229.4812,24
8675,39815.2566,2276.0308,24
6159,39787.8916,2025.2732999999998,24
5055,39646.377,2281.3817,24
6872,39611.1971,2618.6999,24
6976,39533.351,2377.9067999999997,24
6049,39516.4958,2375.7171000000003,24
4748,39399.7705,2600.8232000000003,24
4070,39360.5449,2216.9012000000002,24
4370,39172.4882,2160.0741,24
6564,39166.5914,2129.2016000000003,24
5350,39163.1135,2557.7713,24
5950,39112.679000000004,2103.7114,24
6171,39016.8184,2216.749,24
5145,38994.3212,2154.306,24
6871,38959.0372,2053.6555,24
6271,38950.9749,2397.0114,24
5771,38862.9353,2400.2138999999997,24
6469,38847.9671,2295.0932000000003,24
5369,38835.0007,2190.2356999999997,24
6451,38833.5135,2481.8700000000003,24
4544,38786.2763,2601.9728999999998,24
4848,38768.1175,2293.5287,24
5173,38760.432,2245.2053,24
3858,38742.1706,2149.7762000000002,24
5049,38722.9781,2247.2708,24
4941,38683.0593,2088.6267000000003,24
5871,38610.3914,2404.1468999999997,24
6071,38480.8575,2363.025,24
8370,38468.602699999996,2258.2753,24
6546,38376.7264,2832.2767000000003,24
5451,38373.8314,4103.2312,24
5644,38265.0316,2270.0295,24
4552,38259.3268,2570.5948,24
7064,38237.2956,2282.9601,24
4379,38209.2974,7395.5054,24
4927,38193.3557,2289.2457999999997,24
4943,38178.9125,2409.3266000000003,24
6858,38162.0824,2278.4363000000003,24
4160,38157.8129,2261.2138,24
8272,38068.4656,2236.4170999999997,24
5056,38048.246100000004,2096.5531,24
4449,38023.7908,2667.2241999999997,24
5852,37960.5256,2210.8754,24
5546,37925.6657,2209.0011,24
6561,37782.6,2341.4148999999998,24
5352,37744.4052,2124.5776,24
6857,37735.4543,2170.1050999999998,24
6873,37698.1945,2668.6591,24
8472,37607.8001,2174.0398,24
5250,37566.8186,2487.4148999999998,24
9268,37513.921500000004,2327.0214,24
6447,37331.1274,1997.471,24
5547,37270.3086,2233.9383,24
8862,37163.545,2202.6766,24
5351,37144.9771,2054.2336999999998,24
4266,37120.3324,2039.0407,24
4846,37094.3552,2017.2773,24
4264,37078.4008,2401.4498000000003,24
5344,37019.5861,2241.1342,24
4862,37007.7404,2548.7479000000003,24
6756,36953.5217,2075.0775,24
5052,36939.0119,2717.2212,24
6647,36926.720499999996,2140.7684,24
4569,36874.7823,2049.6512000000002,24
5671,36857.2483,1982.6428999999998,24
6452,36856.151,2026.1812,24
5555,36829.0073,2306.2028,24
8874,36828.1265,2128.4075,24
5039,36745.871,2152.1585999999998,24
8471,36734.623,2107.0726,24
5371,36725.5016,2539.2518,24
5469,36697.3513,2009.1457,24
6759,36674.356,2868.8460000000005,24
5876,36653.1129,2114.1440000000002,24
7056,36652.0841,2263.8714999999997,24
4161,36629.5264,2236.8733,24
5144,36603.0755,2034.9000999999998,24
8572,36475.4887,2160.4773,24
4847,36458.6209,2309.4164,24
5356,36445.6273,2927.9017999999996,24
7059,36433.354699999996,2074.1026,24
5241,36431.2606,2078.5485,24
6568,36353.8693,2392.7968,24
6055,36333.4561,2332.4588,24
5243,36325.8826,2397.8252,24
6350,36321.0669,2226.1443,24
8775,36317.7276,2114.3477999999996,24
6958,36316.4495,2091.0594,24
6468,36309.6674,2174.3645,24
7176,36303.1834,2045.4203999999997,24
4550,36251.8867,2334.0281,24
7066,36214.1783,2355.0425,24
5064,36182.9355,1981.696,24
6773,36168.9558,3262.9428000000003,24
5643,36167.7525,2202.5489,24
8774,36050.9246,2096.698,24
4350,36012.2697,2727.375,24
7177,35999.0234,1983.7214,24
4072,35961.9871,2025.3557999999998,24
5027,35898.2715,2100.9104,24
4480,35887.6087,7638.338400000001,24
4071,35854.7875,1860.8270000000002,24
5976,35797.2195,2067.8626,24
6474,35668.5674,2389.3322999999996,24
6763,35569.6953,2138.5282,24
7271,35512.784,2217.7979,24
5341,35494.472,1909.2716,24
3855,35480.4768,1836.5598000000002,24
4467,35453.5823,2318.849,24
4057,35443.5873,1969.4825999999998,24
6152,35380.5551,1847.5673000000002,24
6275,35347.977999999996,2074.3096,24
6664,35345.9113,2090.127,24
3963,35315.9796,2085.7852,24
5345,35273.3077,2048.0737,24
6470,35261.0513,2071.2652,24
5457,35244.2692,2752.2986,24
6258,35189.797399999996,1949.7329,24
5556,35135.1714,2134.0890999999997,24
8372,34989.4491,2001.3218,24
5571,34984.1689,2509.6321,24
5041,34949.9568,1962.2706000000003,24
4874,34911.2211,3622.4872,24
5745,34855.2623,1952.6983000000002,24
3970,34853.5585,1940.2592,24
7058,34834.1555,2008.5355,24
4267,34804.9389,1849.8312999999998,24
6852,34784.4884,2124.9559,24
4442,34754.2597,2198.8214999999996,24
6853,34733.8545,2382.6443,24
6448,34598.294200000004,1832.143,24
6272,34579.9487,2108.1666,24
4351,34530.713,4097.1579,24
6956,34479.5655,1877.4784000000002,24
6646,34443.559,3154.0762,24
5744,34277.8158,1958.4327,24
6076,34272.0195,2133.0305,24
3758,34195.895,1910.8021999999999,24
5554,34161.4743,2115.998,24
4746,34155.19,1944.3905,24
6347,34112.2329,2062.8258,24
3869,34108.8074,1850.1257,24
6259,34050.1091,2022.8141,24
8575,34034.9184,2217.0235000000002,24
6753,34020.0956,2044.2075,24
3954,34006.2429,1876.2981,24
6346,34005.0016,2122.1411,24
4970,33979.8338,1861.0617000000002,24
4964,33978.7569,2636.2356000000004,24
4265,33978.0305,2194.3517,24
7166,33950.6837,2209.3783000000003,24
7264,33909.580200000004,2321.9292,24
7165,33859.776,2040.0797,24
5445,33830.6613,2094.9366,24
4551,33823.6785,2040.2103,24
7372,33705.6585,1959.7648,24
6972,33654.9231,2025.2759,24
6761,33628.0146,2267.6791,24
6246,33624.6677,2092.8292,24
6569,33609.5514,2042.5589,24
5347,33578.0081,2148.2839999999997,24
6656,33572.5136,1876.2393,24
6874,33495.1695,2429.0403,24
4158,33491.4226,1734.6221,24
6054,33488.5167,2729.2888,24
6456,33384.4688,2080.7291,24
4056,33337.8877,1880.1511,24
4344,33205.8658,3315.0031000000004,24
3971,33183.6892,1778.1047999999998,24
4058,33117.5932,1852.5682000000002,24
6156,33094.780099999996,2123.4053999999996,24
3958,33052.409700000004,2144.6110000000003,24
9369,33050.8039,1994.9726,24
4258,33013.77,1925.5989,24
4353,32982.7718,2279.8686,24
6566,32979.3194,2118.008,24
6764,32904.2565,1794.6553,24
5354,32901.8767,1894.8520000000003,24
6247,32852.1918,1958.4885,24
4261,32852.0007,2227.6824,24
5751,32813.4329,1808.0504,24
6774,32812.848,2442.0995999999996,24
6348,32811.079,2079.8673,24
5343,32805.0912,1891.1942,24
5353,32694.2961,1885.3824,24
6571,32681.6976,1915.3177,24
8662,32677.4706,2006.6773,24
3959,32660.3038,1899.8355000000004,24
4055,32632.5131,1821.6482,24
6570,32585.721700000002,1953.0486,24
7063,32566.78,1801.9226,24
6663,32533.5173,1801.5109000000002,24
5253,32524.324200000003,1909.9254,24
5153,32502.5649,1778.6703,24
3658,32469.3932,1914.0954000000002,24
5851,32452.8694,2158.6702,24
6353,32304.4822,1894.1090000000002,24
6245,32301.8253,2771.4402000000005,24
6856,32264.6475,1909.3488000000002,24
4260,32241.6632,2131.0992,24
4963,32225.9042,2371.7947999999997,24
9367,32203.2771,1946.1178,24
4942,32158.4623,1897.5827000000002,24
5444,32111.5966,1818.7266,24
4991,32093.0058,2763.8412,24
8676,32068.6065,2223.9320000000002,24
3862,31990.3009,1989.8575,24
4443,31962.8591,1817.218,24
6473,31903.2305,2583.1240000000003,24
8576,31902.460900000002,2206.6138,24
5067,31868.949,2031.5575999999999,24
8573,31865.9805,1902.1785,24
5057,31859.3242,2253.6964,24
5346,31859.1352,1905.4751999999999,24
4060,31855.8597,1824.0328,24
7157,31850.2737,1948.6424000000002,24
5357,31811.2592,3221.827,24
7869,31803.831199999997,4035.0539,24
7255,31765.410099999997,2128.4013999999997,24
8473,31762.4539,1904.1594,24
5666,31736.597,2224.2939,24
4670,31670.1912,2587.0739000000003,24
4062,31663.9252,1728.9918000000002,24
6472,31652.2826,2018.4418,24
4263,31650.7581,1952.3079000000002,24
3558,31615.6481,1844.7850999999998,24
3656,31570.5196,1827.6612,24
6959,31569.905,1836.8217,24
6573,31523.2284,2466.2778,24
4352,31484.6358,2686.258,24
5142,31483.8374,1794.5312000000001,24
7263,31475.6374,2164.6461,24
6667,31461.2962,2049.1991000000003,24
5054,31442.817900000002,1960.1214,24
6971,31424.4169,1905.4695000000002,24
4950,31409.1037,1699.3348999999998,24
7060,31389.5904,1763.2436,24
5441,31315.949,2078.7336999999998,24
1251,31305.0744,2023.6106000000002,24
9269,31257.5404,1811.5331,24
5872,31247.3592,1964.2683,24
6875,31183.2426,1885.1970999999999,24
7371,31107.703,1766.5976999999998,24
7769,31107.142699999997,3807.5822999999996,24
3854,31095.0536,2049.65,24
5545,31094.0734,1827.8307,24
4059,31065.4498,1754.9496000000001,24
7868,31027.5618,3782.6598,24
5026,30953.452,1802.9597,24
4345,30950.3354,1785.1885,24
6077,30926.269500000002,1879.9918,24
3953,30864.6474,1657.9747,24
3863,30837.860099999998,1903.5281,24
6361,30801.8144,1773.1725999999999,24
4063,30778.471,2020.7671,24
5874,30724.036200000002,1929.956,24
5470,30628.6123,1877.8491000000001,24
6747,30535.8797,1693.5819000000001,24
5141,30502.0643,1748.3128000000002,24
7969,30419.7494,3825.0931,24
6760,30366.283799999997,1783.1189,24
7472,30254.601300000002,1927.6341,24
6160,30230.3441,1751.8773,24
6957,30170.425,1836.8775999999998,24
8475,30130.9489,2004.3218,24
3972,30054.0473,1812.7302,24
8476,30039.894800000002,1977.3164000000002,24
4965,30032.5883,1824.7931999999998,24
4568,29949.5184,1949.958,24
4645,29946.2715,1997.6025,24
5466,29943.3613,1619.4612,24
4741,29906.639,1814.6915000000001,24
8474,29886.1482,2084.1892000000003,24
6349,29843.8116,1983.5133999999998,24
7175,29832.2703,1845.3550999999998,24
5743,29760.1574,1745.2051,24
6567,29634.449099999998,1936.011,24
6277,29545.323,1745.2171,24
3847,29493.0001,1651.3202,24
4845,29462.3296,1678.9594000000002,24
7065,29384.557699999998,1745.2924999999998,24
147,29310.4565,1527.0695999999998,24
6562,29286.914,1708.1718,24
6157,29245.9826,1877.3416,24
5977,29229.5578,1677.3084,24
6670,29208.2387,1663.4679999999998,24
6261,29195.2272,1831.9196,24
5051,29141.4175,1844.4453999999998,24
5174,29137.03,1415.2477,24
5164,29124.6385,1698.3545,24
6177,29048.8967,1873.8333000000002,24
6851,29015.875,1788.6156,24
6464,29006.499499999998,1839.3188,24
6365,28968.4942,1717.9726,24
5949,28937.195,1685.484,24
4380,28923.0597,5038.305600000001,24
5448,28915.519800000002,1610.7549999999999,24
4841,28897.2961,1733.7880000000002,24
4128,28867.4421,1727.3257,24
6453,28848.3825,1606.6586000000002,24
4865,28840.3938,1756.9274,24
9370,28832.5688,1741.127,24
3659,28791.305,1578.8082,24
7061,28758.1624,1756.2223,24
7062,28755.7204,1782.8701999999998,24
3848,28750.8647,1584.1227,24
5446,28745.4356,1743.5432,24
5875,28723.3857,1711.3869,24
8674,28711.9601,1725.3809,24
7471,28667.5938,1597.3431,24
4471,28662.7077,1664.8343999999997,24
4745,28645.6887,1728.831,24
6276,28624.9529,1751.722,24
6752,28606.6746,1639.2792,24
5553,28592.7041,1464.9937,24
6645,28579.6108,2542.3513000000003,24
8672,28546.1806,1617.6757,24
7072,28524.6387,1645.3453,24
8574,28504.5518,1902.9952999999998,24
4054,28469.6651,1582.3636,24
4343,28444.254,1846.9233,24
6861,28423.3679,1776.9149000000002,24
4448,28406.8821,1871.1667,24
6163,28397.6509,2132.0594,24
6955,28332.3276,1709.979,24
9267,28315.4453,1639.4407,24
5845,28311.9098,1599.6994000000002,24
6367,28295.7725,1619.31,24
3634,28292.006,2217.6562000000004,24
4646,28262.1561,1885.9726,24
6870,28218.0022,1559.0151,24
4053,28214.9592,1572.1225,24
7057,28211.331400000003,1857.5368,24
7768,28195.6662,2976.6135999999997,24
4644,28194.1378,1725.0513,24
3846,28164.2647,1571.9354,24
4567,28155.8958,1917.1178,24
3755,28096.1502,1580.9924999999998,24
9467,28093.8521,1623.0804,24
3960,28090.6998,1657.0935,24
6862,28012.2271,1787.2258000000002,24
4479,27976.0324,4280.1003,24
7257,27946.0758,1691.3152,24
6660,27935.331,1657.7376000000002,24
4571,27899.7293,1789.3643,24
5264,27892.9736,1818.3635999999997,24
4472,27879.6415,1621.3872999999999,24
5471,27869.1187,1919.2703999999999,24
3673,27867.9921,3567.198,24
6548,27862.8211,1470.6199,24
4073,27861.8642,1515.955,24
6863,27800.2328,1762.8528000000001,24
4342,27797.0122,1732.2968999999998,24
6859,27787.7262,1689.7098999999998,24
3969,27769.4606,1647.475,24
6960,27767.6593,1681.1084,24
4947,27735.0256,1656.8757999999998,24
3633,27732.7615,2199.6099,24
5543,27720.5246,1644.8569,24
4944,27719.3713,1622.9685000000002,24
4951,27689.9382,1695.6939,24
6062,27654.4714,1415.8909999999998,24
8857,27653.5469,1962.4218,24
6278,27647.0503,1618.3264,24
5551,27627.577400000002,1623.8699000000001,24
6860,27618.0746,1685.5185999999999,24
5850,27583.6574,1718.0480000000002,24
5651,27553.0092,1710.3585000000003,24
6961,27542.426199999998,1545.7815,24
6462,27492.3073,1716.2574,24
6668,27489.5538,1792.1178,24
4348,27474.2772,1642.9098999999997,24
7240,27466.9001,1832.8487999999998,24
5454,27441.2335,1692.2466,24
7272,27434.1251,1658.8291,24
5140,27403.3162,1503.7642,24
5563,27392.158,1955.6842000000001,24
6253,27374.4521,1559.1688000000001,24
5863,27316.0593,1484.7724,24
9468,27262.9654,1618.2611000000002,24
5746,27240.3057,1694.9458999999997,24
6973,27170.1238,1624.0792999999999,24
8374,27166.4879,1852.1078000000002,24
4669,27092.0831,1416.1123000000002,24
6975,27048.5579,1559.8714,24
5750,27035.4261,1535.4319999999998,24
4166,27008.3457,1915.8284999999998,24
7159,26989.2638,1595.2098999999998,24
4870,26942.3006,1489.7042,24
4140,26838.6171,1847.8197,24
7989,26828.731200000002,1749.7506,24
6661,26772.2971,1805.6057,24
5961,26715.201100000002,1519.5354000000002,24
8090,26694.8472,1734.8359,24
5844,26637.4023,1521.1611,24
8875,26610.7657,1537.5957,24
5050,26537.2386,1477.3287999999998,24
6575,26524.1742,1720.3424,24
3436,26493.9852,1863.9330999999997,24
7155,26474.835,1768.9489,24
4543,26449.2313,1573.7493,24
4153,26361.3857,1416.1567,24
3536,26356.9855,1710.7623,24
4159,26321.2059,1398.3790000000001,24
3764,26316.7278,1597.8992999999998,24
4341,26292.1082,1564.7539,24
6970,26264.6338,1489.8451,24
5042,26261.7978,1615.8672,24
3773,26243.0126,3283.3238,24
5355,26211.034200000002,1832.2664000000002,24
3868,26196.7379,1485.8913000000002,24
8054,26179.557399999998,1704.8188,24
4346,26174.1083,1470.3120000000001,24
4141,26171.101599999998,1882.5776999999998,24
4165,26167.018,2041.5635,24
7158,26163.2516,1528.2,24
6450,26144.358500000002,1597.7721999999999,24
6376,26133.6888,1515.8873,24
7156,26114.8455,1497.1387,24
4946,26107.7519,1550.1747,24
6178,26104.192,1597.9442999999999,24
7071,26090.6989,1670.7053,24
3772,26074.2955,2523.2831,24
4247,26052.999499999998,2827.1967999999997,24
7075,26051.4332,1509.3879000000002,24
4643,26043.1422,1606.813,24
9059,26033.4706,1476.1282999999999,24
7767,26025.9668,2578.3525,24
5240,26022.5644,1613.1779999999999,24
3437,26007.6203,1855.8137,24
8269,25993.339,2913.1288999999997,24
6775,25913.116299999998,1870.2342999999998,24
9977,25889.4278,1747.5207,24
5456,25862.296299999998,2020.0129000000002,24
6954,25832.953999999998,1868.9992000000002,24
4869,25826.358099999998,1428.1055,24
6145,25824.0638,3173.7207,24
6263,25811.7362,1819.7919999999997,24
5472,25803.0673,1641.8381,24
6045,25786.5481,3093.2864999999997,24
4067,25761.0909,1462.2243999999998,24
6556,25752.0081,1812.1604,24
6969,25743.7316,1456.7364,24
7443,25728.2273,1542.2928000000002,24
8834,25712.2171,1512.1703000000002,24
4642,25678.573,1461.0848,24
6475,25652.031300000002,1611.6144,24
5043,25642.1954,1460.3787000000002,24
7990,25623.3073,1656.2164,24
5764,25606.8566,1605.5786,24
3748,25561.8048,1519.6878000000002,24
4844,25485.6846,1594.7935000000002,24
6770,25461.485,1422.6266,24
4253,25456.5278,1608.4222999999997,24
9978,25446.6718,1712.6976000000002,24
3872,25444.2649,1748.3699,24
1250,25443.9641,1622.1505,24
9159,25440.4556,1441.6291999999999,24
5447,25356.3021,1457.7888,24
6363,25293.3483,1462.6547,24
5463,25241.7991,2076.6044,24
3432,25229.7895,1682.799,24
7279,25183.0632,1701.9388,24
6144,25180.7012,3082.0649999999996,24
7460,25180.1184,1465.6719,24
5645,25172.5091,1860.3377999999998,24
7668,25171.5758,1520.2528000000002,24
4167,25144.6583,1489.8444000000002,24
6153,25130.2723,1338.1511,24
4871,25114.6002,1703.6655999999998,24
7180,25099.6115,1483.8471,24
4270,25057.2595,1675.9493000000002,24
5552,25029.6698,1376.4405000000002,24
6962,25007.2846,1612.2838,24
4061,24984.4891,1364.4479000000001,24
4542,24957.2334,1396.9454,24
4843,24936.728900000002,1573.1939,24
4147,24910.5382,2638.2165,24
3533,24909.8972,1615.6473999999998,24
6545,24901.8397,1546.6141000000002,24
7067,24874.73,1430.3260999999998,24
7568,24866.7736,1492.0835999999997,24
6854,24823.6624,1560.5842,24
6963,24812.6502,1579.6626999999999,24
3537,24780.8052,1752.0182,24
6060,24748.5044,1559.3215999999998,24
7491,24705.2774,1576.4062,24
7490,24705.2774,1576.4062,24
5665,24675.770200000003,1615.1747,24
7870,24663.6295,2846.5365,24
6855,24644.9018,1422.5636,24
8835,24598.9098,1682.4588,24
3635,24598.2985,1329.6907,24
5242,24563.7579,1620.9605999999999,24
5945,24530.1521,1658.6345,24
8756,24524.4392,1559.2061999999999,24
6578,24507.202,1438.0036,24
5873,24463.0772,1461.5558,24
5548,24415.3615,1568.6864999999998,24
4347,24407.5965,1745.571,24
6572,24399.3764,1817.0246000000002,24
4744,24375.7546,1570.8645,24
6449,24372.0589,1582.0611,24
4259,24368.2683,1549.8174,24
8373,24348.1534,1710.2613,24
3864,24341.6096,1325.4125999999999,24
7355,24336.4578,1602.596,24
8275,24323.8997,1451.7317,24
4170,24315.0735,1747.9661999999998,24
6155,24310.4975,1399.6335,24
8571,24302.0687,1366.1951000000001,24
3655,24258.3142,1355.0989000000002,24
8375,24230.5981,1519.9159,24
4877,24225.2261,1500.0191,24
4171,24223.9695,1637.0606000000002,24
3559,24213.4692,1396.3522999999998,24
7560,24202.4127,1483.5678,24
3947,24195.589799999998,1317.6212,24
4250,24175.26,1333.465,24
7567,24123.8673,1362.7005,24
4743,24104.223,1546.5375,24
9976,24099.0968,1608.9917,24
5375,24099.009000000002,1377.9245999999998,24
8276,24089.1835,1589.5340999999999,24
4371,24070.652299999998,1413.0451,24
4172,24056.557,1334.2727,24
5946,24050.1396,1628.4625999999998,24
4939,24040.6851,1302.2721,24
7454,24028.2986,1617.6275,24
8154,23965.4292,1559.0844,24
4945,23964.9016,1379.429,24
5455,23885.6488,1764.6503,24
7561,23756.0158,1456.3474,24
5045,23747.7244,1331.0302,24
6746,23727.509000000002,1560.6725999999999,24
6279,23709.971100000002,1384.9072,24
7590,23685.4072,1506.3769,24
9484,23680.528,1565.2543,24
7467,23676.9769,1517.8659,24
7591,23634.5134,1508.9969,24
9877,23536.824399999998,1563.009,24
8274,23518.2905,1409.9565,24
4863,23509.3947,1695.8383999999999,24
7654,23502.4819,1303.8964,24
3859,23478.4312,1404.3582999999999,24
5089,23474.9529,1918.8788999999997,24
9251,23458.8096,1280.7413999999999,24
8089,23458.3813,1438.8349000000003,24
8562,23455.2763,1375.0995,24
6146,23425.8839,2081.795,24
4868,23413.9163,1433.0130999999997,24
6377,23388.3521,1338.4454,24
8053,23383.2345,1457.5011000000002,24
9150,23371.2461,1279.9912,24
8734,23364.6978,1356.6861000000004,24
5266,23354.5723,1475.3609999999999,24
7466,23354.0112,1513.1335,24
8376,23352.593,1207.1472999999999,24
8959,23310.0429,1289.8339999999998,24
3534,23307.8197,1570.1593,24
4251,23246.1868,1435.4710999999998,24
7770,23240.8105,2319.5526000000004,24
4777,23237.1619,1432.6958,24
3871,23143.6886,1455.2536,24
7543,23138.5618,1570.0665000000001,24
3968,23137.6144,1308.9838,24
4240,23115.112,1450.1915,24
4163,23109.2771,1770.0883999999999,24
4890,23088.839500000002,2002.7334,24
5550,23079.2647,1450.7894999999999,24
4262,23049.7688,1389.996,24
6754,23046.4273,1320.4873,24
9250,23043.7699,1259.15,24
4148,23032.7448,1300.4213999999997,24
7461,23021.5893,1359.4395,24
6968,22995.0855,1252.8401,24
7354,22985.4685,1385.6685,24
7554,22982.3514,1318.9115000000002,24
48,22973.0887,1195.6364,24
3736,22906.9075,1264.9320000000002,24
3636,22904.3341,1264.7677,24
7174,22903.0928,1383.2336,24
8190,22902.085,1375.2012,24
2245,22895.5243,2084.6764000000003,24
3535,22892.117599999998,1268.5205,24
8957,22859.3713,1508.9959999999999,24
8277,22857.6244,1200.3854999999999,24
6864,22850.497199999998,1235.6596,24
3735,22778.7561,1256.4223000000002,24
9270,22760.9419,1452.2397,24
8677,22749.7413,1430.9955,24
4241,22720.0665,1522.7905,24
6366,22719.4875,1467.1525,24
6463,22677.117299999998,1315.2387999999999,24
7952,22658.5958,1362.1369000000002,24
4228,22657.2545,1820.7668000000003,24
7055,22636.8054,1963.8708,24
5065,22632.7184,1272.0144000000003,24
9151,22599.3818,1236.639,24
7379,22592.3388,1362.3241,24
8273,22546.2508,1530.1084,24
4867,22532.5007,1472.1581999999999,24
4248,22531.4832,1401.2059,24
6666,22519.4239,1381.4589999999998,24
3949,22509.4766,1436.0102,24
6048,22508.763300000002,1357.5092000000002,24
7647,22490.6118,2683.9825,24
4252,22485.4114,1468.4827999999998,24
4765,22469.5494,1469.3685,24
4742,22454.2225,1294.2211000000002,24
7566,22391.246,1195.4085000000002,24
7489,22390.6791,1388.792,24
4664,22367.9192,1329.5471,24
7390,22325.0139,1406.2968,24
6953,22266.077,1729.5665000000001,24
6563,22240.5508,1400.3873,24
6751,22187.3578,1708.255,24
5948,22165.6097,1398.9103,24
8270,22162.1219,1558.9303,24
4249,22131.9865,1246.4821,24
7644,22115.3282,1662.1354000000001,24
7178,22024.625500000002,1485.586,24
4162,22007.2752,1259.964,24
7254,21995.9858,1720.2907,24
6745,21988.6858,1396.298,24
6078,21977.268799999998,1368.3753,24
6162,21966.8602,1224.6349999999998,24
5443,21956.857799999998,2125.4172,24
5274,21927.8023,1260.6709,24
3759,21907.834199999998,1345.6529999999998,24
7085,21902.4989,1467.682,24
4827,21873.3524,1361.1507,24
4360,21860.3753,1627.134,24
4326,21847.4488,1314.9153999999999,24
4271,21817.4385,1455.0566000000001,24
4778,21797.476,1188.1769,24
4641,21794.7469,1280.3425000000002,24
3674,21756.1573,2010.6335,24
4325,21721.861,1308.3668,24
3771,21655.6427,1423.1465,24
4049,21566.1479,1341.9256,24
6257,21544.7986,1217.9961,24
3853,21540.9374,1228.4331,24
7073,21533.884000000002,1213.9679,24
4149,21511.3755,1264.9847,24
3754,21469.293700000002,1180.2875000000001,24
2145,21445.4921,1921.2663,24
4671,21438.6165,1581.6664,24
4048,21418.2055,1378.9144999999999,24
9583,21417.6187,1398.4777000000001,24
9878,21417.227899999998,1340.1487,24
7442,21416.2631,1253.5528000000002,24
7569,21375.5606,1155.2678,24
8377,21346.1262,1272.0478000000003,24
7856,21340.7383,1297.0537000000002,24
8974,21336.271,1353.841,24
6876,21324.5591,1290.056,24
9483,21316.2077,1400.7612000000001,24
3532,21286.4594,1313.9917999999998,24
3948,21283.3243,1364.3580000000002,24
7444,21271.291699999998,1262.6203,24
7553,21234.6534,1358.0567,24
8577,21229.1285,1306.4469000000001,24
6496,21225.7555,1173.213,24
8189,21198.6592,1321.0073,24
5565,21198.3816,1300.5477,24
7343,21196.3914,1232.3752000000002,24
6396,21184.6238,1173.5621,24
7162,21176.2182,1233.2805999999998,24
1151,21154.5874,1322.6006000000002,24
4840,21112.6263,1227.5234,24
4239,21109.8536,1328.2774,24
4842,21081.3024,1232.9692,24
3849,21044.8968,1235.9366,24
3118,21025.849299999998,1283.7219,24
6869,20991.7203,1216.1401,24
5366,20959.7458,1202.5162999999998,24
8091,20958.704,1230.0628000000002,24
6397,20950.191,1162.4452,24
7667,20931.7632,1584.5763000000002,24
7755,20920.6564,1252.7564,24
6357,20919.5986,1065.777,24
8772,20917.5979,1157.3489,24
6552,20912.0138,1252.4569000000001,24
3860,20891.0749,1164.6752000000001,24
6061,20772.021099999998,1140.3998,24
7669,20748.769,1110.2332,24
8673,20742.1699,1193.8503,24
9060,20730.0015,1166.9501,24
4066,20721.1642,1375.6806,24
5864,20715.9921,1192.7546,24
5376,20698.7147,1175.2808,24
4227,20693.0933,1339.7014,24
8191,20689.2263,1211.7217,24
7160,20625.9818,1250.4413,24
7167,20606.9714,1161.5079999999998,24
7544,20596.280899999998,1414.6179000000002,24
3747,20560.7303,1121.3471,24
7069,20548.5367,1113.6097,24
3751,20505.6318,1168.6266,24
7468,20499.1144,1120.5404999999998,24
3763,20494.6109,1206.7513,24
6967,20471.6145,1081.0048,24
8975,20458.6291,1350.3974,24
3966,20455.274,1006.9465,24
4977,20411.376099999998,1256.9101,24
3967,20401.4798,1212.758,24
9074,20359.8073,1473.9355,24
1655,20354.8027,2349.0025,24
3850,20349.4863,1178.3093,24
1755,20338.6035,2346.9921,24
9469,20293.8404,1286.3885,24
8671,20293.0004,1221.8652,24
5772,20286.2805,1198.6864999999998,24
1756,20284.7975,2340.2117,24
7179,20284.5845,1159.0067,24
3760,20269.826399999998,1218.0306,24
3749,20260.7898,1159.9643999999998,24
4767,20246.9283,1147.8850000000002,24
7173,20246.8247,1216.3080000000002,24
3750,20208.7039,1185.0392000000002,24
5650,20156.8567,1129.7322,24
5044,20149.5831,1194.3828999999998,24
3973,20144.2276,1039.1877,24
8661,20130.5006,1174.2973,24
4372,20113.781600000002,1145.7353,24
8378,20099.5095,1192.4533999999999,24
5564,20078.4072,1334.6923,24
7756,20050.2586,1116.4041,24
3650,20033.7714,1184.0475000000001,24
5572,20032.2985,1217.4614000000001,24
4245,20027.6097,1129.1955,24
8771,20011.5364,1220.5531,24
9158,20007.5729,1152.2622999999999,24
8477,20007.5435,1168.8254,24
8773,20002.1948,1159.329,24
1856,19975.1607,2290.6692,24
7953,19968.9373,1195.9747,24
7465,19968.9013,1019.8752,24
6465,19960.983,1131.8850000000002,24
4565,19929.9302,1153.7223,24
7652,19900.9053,1110.6353,24
7366,19891.1687,1291.8468999999998,24
7455,19882.7226,1209.7428,24
3218,19880.2272,1200.6677,24
7161,19848.5447,1160.5901999999999,24
6979,19834.9726,1105.3565,24
7079,19834.9726,1105.3565,24
7666,19828.2634,1479.0275000000001,24
4226,19820.8293,1193.4631,24
3961,19800.966399999998,1084.2358,24
7284,19798.7369,1382.4218999999998,24
4340,19789.8729,1182.591,24
3733,19788.3694,1275.2014,24
4770,19760.2795,1087.8779,24
5877,19725.8146,1394.4003,24
9075,19711.3784,1335.8489,24
7559,19676.2181,1176.2752,24
7492,19660.9202,1155.6341,24
6980,19660.4618,1086.1771,24
3453,19647.930099999998,1131.6854999999998,24
5672,19634.6768,1204.1575999999998,24
9569,19623.122900000002,1234.6701,24
6362,19602.8953,1115.1019,24
6669,19585.4777,1223.8739,24
7280,19582.2641,1261.722,24
9477,19567.1538,2310.1699,24
9058,19555.5311,1125.4418999999998,24
4768,19547.135299999998,1078.8823,24
8055,19504.839799999998,1218.7859999999998,24
4441,19485.2939,1163.8926999999999,24
8873,19481.2163,1172.6255,24
4164,19473.1212,1352.1997000000001,24
3965,19465.583000000002,1156.9287000000002,24
6551,19443.2461,1135.1709,24
3870,19394.9253,1126.8403,24
8278,19394.3875,1113.6008000000002,24
3852,19366.3351,1054.9224,24
8171,19360.4317,1273.1336000000001,24
7646,19340.2029,2183.5786,24
5373,19327.3285,1249.4695,24
6550,19326.6724,1221.521,24
1656,19325.89,2213.5675,24
7855,19316.3439,1152.9682,24
3433,19305.6537,1023.6141,24
6877,19301.8325,1159.3486,24
6795,19300.9463,1106.996,24
6895,19300.9463,1106.996,24
4152,19284.0364,1262.5080999999998,24
7080,19279.2158,1083.3501,24
7655,19232.2886,1059.0566999999999,24
8852,19218.6557,1138.2383,24
3649,19217.4764,1078.1233000000002,24
3851,19196.557099999998,1039.3465,24
3845,19188.8908,1051.1171,24
6966,19170.9113,1024.2281,24
7555,19161.9356,1049.0739,24
7656,19153.798,1060.051,24
9152,19145.4471,1027.9266,24
9551,19135.054799999998,1119.1056,24
4478,19133.3421,1967.0829,24
4150,19131.477600000002,1206.0994,24
7653,19108.533,1074.4696000000001,24
8858,19096.9034,1446.5699000000002,24
8085,19087.076399999998,1417.8448,24
4866,19084.3036,1194.1826999999998,24
8958,19072.8713,1157.6444999999999,24
8470,19071.3577,1141.2737,24
5074,19046.922599999998,967.6084000000001,24
3774,19036.19,1573.3560000000002,24
6878,19030.2622,1095.9882,24
6476,19024.5107,1318.3693999999998,24
6355,19020.4147,1361.3721,24
7086,19019.2862,1274.2381,24
7068,19019.1966,975.9226,24
5978,19011.4104,1304.1993000000002,24
7340,18997.2491,1229.7255,24
7339,18977.0847,1242.5799,24
5475,18974.3712,1254.1845,24
9466,18971.3623,1094.8231,24
9552,18963.9716,1112.0154,24
7754,18955.4626,1074.0894,24
1855,18948.1339,2120.2296,24
7657,18940.6547,1047.142,24
8176,18931.7389,1097.6374,24
4229,18928.6207,1558.1149999999998,24
4279,18895.3479,2252.7658,24
9451,18876.5318,1107.0187,24
9651,18871.497799999997,1106.59,24
9652,18871.3993,1107.2621000000001,24
9352,18865.9909,1107.5372,24
9452,18865.921,1107.4854,24
9351,18863.927499999998,1107.3733,24
5549,18854.7765,1327.9318,24
3946,18793.5685,1029.1936,24
7274,18786.5278,1455.042,24
7968,18781.0361,2039.7372999999998,24
6262,18778.9366,1132.2204,24
9174,18773.7938,1273.5404,24
8952,18768.286,1090.5984,24
3651,18756.6794,1066.2586000000001,24
6894,18746.0431,1073.8556,24
6549,18736.2511,1120.3442,24
6868,18720.5934,1091.8772000000001,24
9167,18714.1362,1117.9771,24
8960,18707.2718,1042.8074000000001,24
6395,18702.6657,1036.4924,24
6161,18699.6918,967.8891,24
3353,18684.4828,1096.1998,24
7344,18658.3462,1065.6361,24
3336,18641.8835,1104.9218,24
247,18635.056,968.995,24
4027,18620.0223,1105.7134999999998,24
7662,18616.984,1144.9245,24
7265,18586.6748,1220.453,24
7391,18583.1737,1135.714,24
1684,18529.4951,2591.8316999999997,24
7651,18517.8883,1023.2446,24
7278,18512.4034,1116.9933999999998,24
6974,18476.7303,1109.0238000000002,24
6497,18468.0164,1020.3737,24
8855,18451.0606,1493.2207999999998,24
6880,18437.7954,1045.2787,24
7661,18411.3524,1129.2195000000002,24
3775,18400.8213,1288.8094999999998,24
6046,18397.0081,1572.3020000000001,24
7766,18392.3523,1281.8688000000002,24
7241,18389.8388,1182.1793,24
6755,18378.3149,983.4408000000001,24
3964,18370.3072,1068.7902000000001,24
6495,18366.1017,1009.4227000000001,24
9653,18363.5773,1078.8014,24
7889,18361.7814,1087.1595,24
7991,18355.2536,1038.4214000000002,24
8757,18350.7765,1105.4904000000001,24
4541,18346.9217,1121.6899,24
4127,18340.6833,1135.9484,24
8084,18332.0024,1412.8018,24
6579,18329.6695,1075.0299,24
7364,18304.8835,1168.2501000000002,24
4236,18298.5954,1497.679,24
3672,18235.9581,1571.0887,24
6444,18233.2739,1265.0800000000002,24
7378,18186.0136,1010.7649999999999,24
4679,18185.2377,1115.2625,24
7986,18179.7451,1498.3077999999998,24
9057,18175.6606,1062.4508999999998,24
1757,18143.7676,2057.7176,24
6653,18142.365,1012.1967000000001,24
7565,18130.0436,972.7769000000001,24
5277,18120.658199999998,1155.3013999999998,24
4989,18114.2225,1482.6972999999998,24
3734,18113.6613,1050.3489,24
4329,18112.7082,1586.8032999999998,24
5846,18104.4198,1025.0977,24
9476,18099.2127,2131.9979000000003,24
4246,18097.4882,1033.1722,24
5090,18086.6173,1425.5175,24
7469,18060.8491,1071.5219000000002,24
9560,18038.2608,1001.4714999999999,24
9561,18038.2608,1001.4714999999999,24
9460,18038.2608,1001.4714999999999,24
9562,18038.2608,1001.4714999999999,24
6553,18037.8169,1056.0147,24
8478,18033.9242,1074.0938,24
5275,18033.4013,1029.403,24
6867,18033.3181,959.4272,24
8976,18032.1889,1204.3381,24
9661,18025.9434,1000.5880999999998,24
9461,18016.5641,1000.4787,24
7373,17999.3491,1518.1917000000003,24
7365,17988.0421,1012.4685000000001,24
9568,17987.363400000002,1110.3291,24
9252,17986.4929,1006.8924999999999,24
7643,17985.882,1248.5040999999999,24
9584,17971.9827,1150.7787,24
6879,17969.9304,1007.2788,24
6652,17933.863699999998,1085.3768,24
8670,17929.8216,1062.8709,24
7571,17907.039099999998,1176.6126,24
3648,17895.2505,991.6248,24
3654,17871.4279,992.1777999999999,24
9662,17868.410499999998,990.4186,24
8052,17867.9759,1086.9576,24
3435,17855.4987,971.3357,24
7988,17852.8982,1103.4053,24
4540,17841.3783,1109.6513,24
3337,17833.9497,1167.2099,24
7358,17824.665699999998,1173.4989,24
7479,17797.8235,1085.4399,24
8856,17789.6395,1153.1808,24
4769,17770.5898,977.6143,24
6794,17766.809,1015.3731,24
7542,17761.613699999998,1541.6051,24
7570,17739.9374,1067.4819,24
4064,17723.055800000002,1013.4454000000001,24
7470,17710.3666,1227.4770999999998,24
5947,17705.7857,1311.733,24
8851,17692.6782,1049.5552,24
3434,17672.9423,954.6259,24
3334,17672.9423,954.6259,24
9175,17664.3136,1308.0484,24
8186,17662.069,1321.8735000000001,24
1584,17648.2661,2475.2187999999996,24
7074,17638.9941,1070.1451,24
3737,17608.8621,982.0095,24
4244,17597.3145,1088.0981000000002,24
8291,17575.8776,1199.4226,24
7306,17553.4049,1041.8689,24
3553,17542.9277,1048.7692000000002,24
5038,17534.0634,949.7018,24
9271,17463.0851,1108.1069,24
3873,17445.0084,1729.1063,24
8656,17433.5835,1101.7176,24
7670,17431.5569,1035.2142999999999,24
7239,17431.1182,1143.5281,24
6768,17423.0361,1104.0229,24
7645,17419.0424,1360.1043,24
5878,17397.8509,1281.2779,24
1857,17372.7913,1956.7383,24
4440,17366.0192,1060.9871,24
8751,17356.4614,1171.9231,24
9577,17353.1269,1962.5629999999999,24
9360,17351.5594,953.0814000000001,24
9985,17349.248199999998,1058.8676,24
7592,17320.6979,1058.1964,24
3253,17313.601,1035.7689,24
7370,17310.2028,1248.6155999999999,24
4029,17306.0109,1249.3692,24
3861,17300.299899999998,998.1463,24
4726,17288.554200000002,1099.8646,24
9170,17280.8098,1511.4235,24
7852,17275.2592,1019.7774000000001,24
4878,17261.2991,933.6093999999999,24
5378,17250.8733,1100.9105,24
9361,17233.8528,950.3209999999999,24
1247,17230.8436,1006.7456999999999,24
6576,17210.1961,1062.9405,24
4144,17205.268500000002,1071.116,24
1654,17192.8583,1761.8083000000001,24
4173,17147.421599999998,944.7415999999998,24
6354,17139.178,952.5816,24
6356,17135.9771,1062.988,24
8752,17122.9472,1152.2816,24
3554,17111.8251,1056.3083000000001,24
8088,17107.7663,1018.8775,24
9171,17096.2697,1400.3423,24
5374,17091.238400000002,1000.5988,24
7970,17072.0557,1590.0422999999998,24
3333,17068.085900000002,1297.6579000000002,24
7275,17036.7709,1067.6389,24
8173,17026.1273,1077.0495,24
4361,17023.4649,1341.5546,24
3752,17022.5326,1059.7482,24
6378,17019.3376,1000.6134,24
7342,17007.3925,956.3148,24
9366,17002.9806,1056.7586999999999,24
4779,17002.2595,980.7826000000001,24
3950,16999.2177,997.8648000000001,24
4339,16991.4728,1046.9021,24
9462,16942.8218,944.1125999999999,24
9553,16928.7692,998.3834,24
6769,16928.2843,1072.9587000000001,24
8172,16913.4581,1242.2752999999998,24
3874,16907.99,1205.568,24
9194,16906.5183,1046.8137000000002,24
7665,16904.5017,1069.6378,24
6952,16877.3362,1035.6591999999998,24
8919,16856.2161,920.299,24
6467,16854.3887,1034.0451,24
3875,16853.057,1311.7685,24
8073,16852.7933,1067.4279999999999,24
9195,16848.4173,1043.6105,24
8719,16844.6032,919.3717,24
8720,16844.6032,919.3717,24
8621,16844.6032,919.3717,24
8819,16844.6032,919.3717,24
8721,16839.368,919.1836000000001,24
7046,16822.9954,988.3774999999999,24
3753,16821.9976,1144.3841000000002,24
8390,16818.899400000002,1293.2971000000002,24
9073,16817.6342,1190.6872,24
9173,16812.4546,1156.2348,24
3653,16804.6648,1164.4323,24
4766,16804.2809,1141.7563,24
9295,16796.9343,1044.8486000000003,24
7258,16791.7065,1228.4755,24
4930,16789.1136,1109.8175999999999,24
9172,16757.8559,1138.0652,24
8490,16755.4835,1344.7714,24
7562,16750.15,999.7587,24
8290,16749.3762,1216.6390000000001,24
8391,16746.5325,1343.6465,24
3867,16736.3979,1050.1925,24
7762,16726.8695,1024.4396000000002,24
8153,16722.351,1030.4903,24
9377,16721.1576,1862.7942,24
8561,16703.8566,991.1093999999999,24
8491,16687.3628,1338.4403,24
6945,16673.613,970.1427000000001,24
4966,16672.168700000002,1118.5832,24
3647,16670.748199999998,928.4859,24
4151,16670.5294,975.3307,24
7266,16647.285,1169.6431,24
4727,16629.6614,1062.7986,24
3652,16627.7783,1147.4472,24
4028,16623.1051,1060.5608,24
8289,16620.6981,1246.5995,24
7045,16620.6099,971.0942,24
7541,16613.8292,1620.2113,24
7867,16596.3612,1260.634,24
347,16583.7535,862.1224000000001,24
7540,16580.4866,1589.9722,24
3952,16579.5459,855.7813000000001,24
6586,16559.906600000002,1014.1414,24
3335,16558.7835,889.3747999999999,24
6845,16535.0972,1076.7634,24
9149,16527.4834,898.7082999999999,24
8175,16495.3382,889.5539,24
3865,16480.7904,1023.481,24
8389,16475.8633,1073.7475,24
7361,16471.4894,1020.2709,24
6577,16452.3442,928.0439,24
9371,16431.482200000002,959.4525000000001,24
4990,16425.3521,1350.9984,24
9887,16417.7383,932.5937,24
6147,16400.4916,1028.2186,24
8188,16396.6482,1143.8790000000001,24
8872,16392.5501,1030.2289,24
7360,16385.8571,1053.4544,24
8859,16378.0567,1293.4525999999998,24
8973,16377.6155,1128.5397,24
9650,16376.7389,948.3772,24
8820,16342.4115,895.3498999999999,24
7663,16328.735,961.5948,24
3454,16321.5376,887.9982,24
7854,16302.7588,927.3933999999999,24
9660,16300.7787,900.8559,24
7886,16298.9112,1487.8582999999999,24
7367,16298.1622,1062.941,24
6585,16297.8074,1005.3114,24
6686,16278.726,1004.0944,24
6256,16278.6152,915.6503999999999,24
8920,16277.5775,887.8331000000001,24
6951,16266.7118,1051.4017000000001,24
5030,16263.7973,1072.7195,24
1147,16254.6722,950.0722000000001,24
8072,16211.4192,1205.9254,24
4929,16209.2713,1048.1453000000001,24
3637,16201.4199,1012.1959,24
8185,16179.454999999998,1191.8226999999997,24
4872,16157.365899999999,958.2386,24
6866,16150.4437,841.4552,24
4378,16149.8932,1350.9386000000002,24
3660,16136.274,912.8146,24
4738,16129.4341,1225.6237,24
8935,16102.9442,1007.0763999999999,24
9986,16094.2618,908.0038999999999,24
5763,16084.4803,1201.8102000000001,24
7277,16073.4876,980.0964000000001,24
6044,16068.6328,1742.2776999999999,24
3928,16068.5532,1071.4639,24
7389,16056.0583,1017.7048000000001,24
9168,16053.529700000001,982.6278000000001,24
3538,16039.7876,1085.9075,24
4572,16038.2737,940.2857999999999,24
9157,16028.9364,945.0545000000001,24
7641,16028.8678,1497.9553999999998,24
4678,16026.8745,1074.7993,24
7270,16025.055,952.6088,24
7954,16021.4873,985.7716,24
7887,16019.465,1757.3197,24
8758,16007.647,1021.2743,24
5175,15990.2935,776.9177,24
3657,15990.1473,949.4828,24
7384,15985.402900000001,1138.0338,24
8619,15976.708499999999,914.8475,24
6244,15970.9762,1737.5529,24
8489,15964.6392,1215.4326999999998,24
7556,15960.7873,1151.4669,24
6047,15960.785,942.0581999999999,24
8663,15919.999,963.6662,24
4928,15906.8154,996.2644,24
1051,15901.9787,1051.3381,24
7081,15899.3534,987.8033,24
7070,15894.0629,869.6394,24
8620,15868.5848,875.9156,24
5437,15857.1517,1452.9208999999998,24
5541,15855.699700000001,995.3670999999999,24
7369,15841.740300000001,1086.7766,24
7273,15828.1603,1178.4568,24
4828,15827.2013,1027.3427,24
9550,15820.878,914.9979000000001,24
5139,15815.8741,946.1144999999999,24
4142,15805.393,923.834,24
8886,15760.0354,987.6105,24
7377,15755.9704,1027.8847,24
9450,15749.663700000001,911.7225,24
8560,15742.2263,1173.3152,24
7261,15727.6003,949.3983999999999,24
8885,15725.9234,986.5955000000001,24
4030,15714.391,1133.8381,24
4145,15707.802099999999,898.153,24
4139,15702.5992,1016.4561,24
5091,15698.057499999999,1230.3701999999998,24
7765,15695.9233,928.8462000000001,24
9052,15695.0605,884.7912,24
7359,15689.1126,1049.7557000000002,24
3836,15664.772,916.9691,24
7545,15658.9961,944.1765,24
9885,15651.8678,912.5125,24
4047,15650.8249,930.6854000000001,24
8759,15647.6547,1075.2921,24
7973,15641.337300000001,966.8037,24
8761,15639.152399999999,923.4440999999999,24
3549,15629.8397,855.9175,24
1150,15620.3654,969.5628,24
3927,15606.2128,1065.5217,24
9396,15592.2027,944.1366,24
8071,15592.0623,1207.5612999999998,24
7985,15590.2847,973.5744000000001,24
7757,15584.3326,831.9647,24
4129,15569.8595,1475.0593,24
6154,15568.0733,1010.2820999999999,24
7356,15560.9814,1030.3887,24
9294,15557.8618,968.8,24
8578,15543.4887,1039.6888,24
3385,15533.538,957.4418,24
3285,15533.3415,957.4328,24
6964,15533.2989,939.3231,24
8174,15532.8913,899.9549999999999,24
8288,15531.2198,1102.2060000000001,24
7181,15518.7003,1080.0639999999999,24
9395,15498.9475,964.7707,24
8792,15484.5089,1073.0215,24
9984,15477.0826,1111.8718,24
8559,15456.063900000001,1086.7514,24
3876,15453.8629,1266.1958,24
951,15452.4164,985.9643000000001,24
3768,15435.2466,1016.2522,24
6695,15433.7391,863.0539,24
8660,15433.3953,1004.6267,24
5664,15428.2014,949.998,24
7965,15410.1614,969.003,24
4050,15405.4091,867.4955,24
4873,15386.9494,894.453,24
3929,15386.1176,1115.3313,24
1754,15369.221300000001,1482.6698000000001,24
3761,15366.413,817.3325,24
8011,15353.6891,958.9658999999999,24
9072,15350.5882,1084.3378,24
3332,15344.8893,1391.6448,24
8086,15323.3598,985.4437,24
1052,15316.5059,966.2361000000001,24
7552,15316.0779,908.8207,24
7459,15269.0465,913.1757,24
9350,15266.7807,878.9342,24
8392,15247.9749,1195.3890000000001,24
3765,15239.2765,942.6166,24
4639,15207.822,1070.1935,24
8821,15204.776600000001,841.5262000000001,24
4136,15173.3377,1043.9044999999999,24
7593,15171.081,915.6108999999999,24
9397,15129.2037,947.6147000000001,24
3219,15121.4254,833.108,24
4143,15115.7135,910.2417000000002,24
3234,15104.0008,805.1607999999999,24
4640,15101.22,1070.0311,24
4238,15096.9034,992.6500000000001,24
9258,15095.8491,852.3439,24
7671,15094.9794,865.3862999999999,24
3555,15092.4876,967.5013000000001,24
7580,15088.2182,860.3149999999999,24
4978,15086.0284,817.5998999999999,24
7691,15078.9617,878.1483,24
5379,15078.2575,1130.5844,24
7260,15071.3487,1085.4764,24
9475,15069.1172,1588.652,24
4638,15065.0559,1038.5495,24
7853,15064.3171,861.5689,24
9987,15063.145199999999,863.3616999999999,24
4740,15027.836,898.7420999999999,24
7763,15020.8308,867.6022,24
7172,15000.7049,987.3917,24
6846,14997.8747,900.2394999999999,24
8818,14983.0687,824.7276999999999,24
1555,14982.4671,1576.3245000000002,24
8636,14966.1733,863.2620000000001,24
6765,14964.8566,867.5161,24
7589,14936.0838,817.4388,24
9886,14935.056199999999,935.4612999999999,24
8180,14922.260400000001,834.2314,24
6255,14918.3719,1164.3959,24
7955,14917.0618,918.4848000000001,24
8659,14905.8567,1038.093,24
7154,14900.8672,1135.6861000000001,24
9497,14890.0422,909.9524000000001,24
6254,14881.2356,977.1804000000001,24
8739,14877.941,884.2069,24
8080,14871.7052,878.1487000000001,24
5775,14867.7061,1001.1304,24
8287,14846.2395,966.5301999999999,24
3827,14838.0242,1010.9248,24
7044,14809.0102,1092.9048,24
3386,14808.946899999999,909.5806,24
9979,14801.0329,870.2031000000001,24
7464,14796.2413,884.8663999999999,24
5364,14780.0268,1117.0965,24
4041,14766.657500000001,969.0826999999999,24
3762,14763.1841,795.0242000000001,24
5167,14724.7915,923.7112,24
4146,14718.6701,1077.7948000000001,24
6454,14713.8697,832.2018,24
6344,14712.12,1071.3217,24
7890,14711.9937,880.8409,24
7441,14704.275300000001,989.574,24
5380,14697.0907,1198.0665,24
3352,14682.2745,776.1741999999999,24
4280,14681.869999999999,885.5357,24
5031,14680.8305,916.9283,24
7374,14674.6668,1378.1561000000002,24
5381,14673.700100000002,1195.1973,24
8953,14669.748899999999,863.706,24
8519,14662.479800000001,862.3062,24
7966,14659.0348,885.5826000000001,24
6865,14656.4479,844.8574,24
3236,14655.548400000001,822.6109000000001,24
9080,14654.9687,1916.2944000000002,24
4830,14638.7852,943.9177,24
6981,14635.8866,923.5512,24
7385,14628.8056,955.6534000000001,24
4829,14627.517899999999,936.0990999999999,24
7040,14614.7546,1001.2638,24
8635,14609.454600000001,843.7428000000001,24
3354,14608.5798,781.2347,24
7453,14606.7525,928.205,24
7557,14602.5436,957.4495,24
9081,14588.784,1909.7844999999998,24
8459,14585.769,1088.6585,24
9181,14577.416000000001,1837.9321,24
3548,14575.7546,809.1993,24
1152,14555.003200000001,968.7502,24
8638,14546.4215,849.2941,24
8460,14535.8878,1116.5754,24
7865,14532.393900000001,894.7994,24
5480,14527.6689,1185.4499999999998,24
3671,14522.546699999999,863.4167,24
4277,14520.1126,1021.9324999999999,24
3235,14516.3941,808.4287999999999,24
6965,14512.891,909.2697000000001,24
952,14507.9877,930.152,24
8836,14506.0592,921.1387,24
7242,14499.374,965.9199,24
5737,14490.552,1397.1088,24
7256,14470.7053,943.7989,24
9752,14468.4189,843.002,24
4130,14456.7903,1210.7393000000002,24
9598,14441.2507,1420.8882,24
9698,14437.1893,1420.2248,24
9180,14427.5411,1713.0621,24
7243,14422.697100000001,952.5142,24
4979,14418.4813,795.9471,24
7440,14398.3932,952.2774999999999,24
8735,14397.134,844.1614999999999,24
4739,14394.184,843.6412,24
7406,14377.3727,846.9383,24
9082,14376.0574,1873.0443,24
8177,14375.9526,957.7498,24
4879,14372.1734,794.2353,24
7140,14369.6522,957.1684,24
7692,14362.6216,777.4131,24
6896,14362.5518,795.5955,24
5166,14354.6685,842.5241,24
3664,14352.1135,812.5264,24
7888,14349.279,1221.0824000000002,24
7563,14339.6725,871.5284,24
7143,14331.866,856.1442999999999,24
9066,14330.6704,998.2798,24
8892,14330.368,911.8875,24
7564,14312.9959,869.9603,24
4328,14311.616899999999,1089.8751,24
3438,14306.065,932.7948,24
7145,14305.721,916.9122,24
7463,14292.703599999999,865.0382999999999,24
6944,14286.3947,829.7125,24
8918,14272.0492,825.6233,24
4242,14269.3796,833.1765,24
47,14257.8688,742.2822,24
4667,14252.3361,805.6663000000001,24
4728,14248.066799999999,957.5699999999999,24
4771,14245.459,833.0302,24
851,14243.1968,909.8368,24
7259,14230.4237,1171.8330999999998,24
4763,14228.180699999999,1199.0028,24
3675,14214.7146,1152.4332,24
9585,14209.5169,900.0967,24
4278,14202.1828,994.865,24
9160,14198.8586,785.5082000000001,24
8051,14192.362000000001,898.2839000000001,24
9019,14190.1465,771.2398000000001,24
9876,14163.4244,1049.2232999999999,24
7462,14157.8842,880.8061,24
8770,14150.9583,837.8378,24
9376,14139.4774,1309.4549,24
7478,14122.1223,844.946,24
9567,14119.3405,844.9876999999999,24
9485,14119.07,1112.0826,24
7891,14118.0794,859.3256,24
8951,14114.4681,778.9544000000001,24
8740,14104.941,830.4377000000001,24
7791,14102.631300000001,858.5291,24
7792,14080.103,845.1792999999999,24
3563,14070.0376,849.6698,24
7341,14056.9527,988.0060000000001,24
7144,14055.2108,1211.7997,24
6651,14054.499,1196.0960999999998,24
4889,14036.8937,1267.8808,24
7761,14032.8863,847.5607,24
3254,14028.3531,806.3144000000001,24
9770,14024.047999999999,889.4898000000001,24
5847,14016.8917,1027.3978,24
7244,14011.6811,1134.3456999999999,24
9076,13996.6452,913.2591,24
3776,13994.3928,1220.8374,24
9182,13994.235,1793.0284000000001,24
4243,13989.6716,913.0967,24
9169,13981.5483,1135.0366,24
7790,13978.564,845.0009,24
8012,13959.1139,818.784,24
7084,13958.4882,966.6907,24
7892,13958.4609,851.8106,24
5663,13953.273,792.0649999999999,24
3564,13943.6238,836.5201000000001,24
7664,13937.0293,815.2185999999999,24
4230,13932.2523,1186.4654,24
3117,13928.5187,921.2545999999999,24
8181,13914.7832,835.2752,24
4637,13911.3449,771.9979000000001,24
9771,13906.709,924.7537,24
5779,13906.2808,844.9481000000001,24
9470,13903.5012,895.713,24
1346,13901.6314,835.9529,24
7363,13897.5881,900.0837,24
7480,13893.734400000001,803.5344,24
9398,13890.336,877.4394,24
7746,13881.7399,1469.9143,24
9070,13875.6262,1004.789,24
8065,13875.5403,859.1329000000001,24
3930,13870.697,920.1668,24
9296,13870.0343,819.4234,24
7041,13868.8012,949.9882,24
4629,13867.5195,1075.4088,24
8977,13857.7858,871.9951000000001,24
7039,13846.8303,968.8203000000001,24
5476,13843.4427,926.6243000000001,24
5464,13835.8582,1079.2171,24
8639,13829.9909,812.6338000000001,24
8738,13828.4472,804.8323,24
7551,13819.2482,788.9258,24
6654,13806.3447,780.9849,24
3663,13792.786,680.8447,24
3665,13790.7819,836.8771999999999,24
9699,13790.293099999999,1323.6954999999998,24
6885,13767.6336,926.2782000000001,24
6687,13766.5067,802.7578,24
8755,13753.456699999999,951.9870000000001,24
7142,13747.0811,866.5532000000001,24
4272,13745.106399999999,824.8723,24
7138,13741.1575,947.8915999999999,24
4737,13731.2807,809.6484,24
7139,13722.314900000001,971.9659000000001,24
8718,13722.0978,773.2877,24
2348,13721.1467,1916.5689000000002,24
7992,13717.3912,809.9366,24
7368,13696.6672,942.2283,24
7262,13695.533599999999,923.5754,24
7764,13687.7374,813.9527999999999,24
9559,13684.8625,753.4410999999999,24
7987,13684.8279,1353.9568,24
9778,13676.7558,903.734,24
3638,13675.2521,970.4983000000002,24
7857,13670.458499999999,820.9179999999999,24
8187,13667.7724,887.5106000000001,24
3769,13664.9264,817.9948,24
7268,13657.2938,943.1472000000001,24
3866,13653.8028,719.2275999999999,24
3136,13650.4464,773.2183,24
3452,13649.986,724.6706,24
4043,13649.4002,791.3143999999999,24
5234,13647.4018,853.6655000000001,24
7362,13631.7731,921.0818,24
9453,13622.7163,811.8348000000001,24
5747,13616.4854,823.0559,24
8070,13613.3862,1170.2557,24
8388,13610.8018,1061.4934,24
7267,13610.0497,943.0037,24
7866,13609.2197,1150.8229000000001,24
4536,13604.1936,843.0976,24
5066,13590.5238,855.2952,24
4174,13587.1828,770.627,24
6650,13583.1423,1771.3108,24
2246,13573.0316,1180.6681,24
3837,13567.3246,788.649,24
3828,13565.196,888.6066999999999,24
4052,13564.806,811.4636,24
9777,13556.9346,883.0810000000001,24
3626,13554.5534,1365.1331,24
3036,13554.4076,877.576,24
3119,13552.3664,757.6615000000002,24
9272,13543.5108,876.3668,24
3625,13534.4974,1398.9914999999999,24
8192,13525.1919,880.5070000000001,24
8066,13524.004,838.5923,24
9884,13521.245200000001,803.4231,24
3727,13520.8693,1058.7754,24
8652,13514.7395,1173.7049,24
6379,13514.2225,797.3561,24
8193,13512.8484,878.6689,24
7753,13501.2931,934.3796,24
8092,13500.1267,877.6739000000001,24
8658,13497.8781,845.6753000000001,24
3668,13485.9138,876.1016999999999,24
8179,13479.118699999999,826.8116,24
8791,13475.0862,864.4019999999999,24
8558,13474.6826,834.4044,24
9071,13460.5063,1024.2595999999999,24
8972,13459.1846,1034.6,24
7640,13458.0763,888.7261000000001,24
6485,13447.7883,844.2090000000001,24
8076,13440.9687,772.364,24
4564,13437.9346,773.7447000000001,24
4377,13432.0165,987.6867,24
7972,13425.556199999999,828.7377999999999,24
6679,13404.102,775.5699,24
4736,13404.0859,785.4974,24
8093,13398.5052,867.1689,24
9280,13383.9319,1347.8052,24
9496,13382.9833,896.0181,24
4436,13377.5616,885.9721,24
7642,13376.199,1002.3434000000001,24
4636,13373.3259,726.9075,24
8776,13365.8504,764.4268999999999,24
2247,13363.4547,1807.5284000000001,24
5774,13350.5583,858.8557999999999,24
9281,13327.3384,1349.9686,24
7326,13322.1606,1023.1767,24
3767,13315.2411,875.4065,24
9095,13312.7434,773.8104,24
8170,13307.5202,1315.2762,24
9275,13295.4408,1070.3184,24
8853,13293.0521,842.5744,24
7227,13290.2524,996.3719,24
7690,13236.116399999999,729.2654,24
9690,13228.2821,1553.5439000000001,24
5235,13210.6674,950.9004,24
2338,13206.3185,905.8111,24
3632,13201.8546,814.673,24
8292,13201.5038,866.4103,24
4833,13194.5912,855.1155,24
5843,13187.638500000001,739.2383,24
8279,13180.5394,743.4705,24
8971,13173.1062,1020.1269,24
7283,13163.0567,974.0396000000001,24
9785,13162.7301,837.0693,24
7141,13162.5236,926.6247,24
4836,13159.315200000001,934.7364,24
3726,13140.1175,1284.1531,24
3551,13139.4642,750.4497000000001,24
8590,13137.8587,880.6581000000001,24
7357,13137.3333,818.5275000000001,24
4733,13126.903699999999,854.3464,24
8281,13121.445,736.6302000000001,24
9459,13111.1729,729.5883999999999,24
4237,13098.219000000001,866.598,24
6796,13078.0345,722.1208,24
8871,13070.9562,851.6218999999999,24
4835,13058.2568,770.6244999999999,24
2632,13058.1837,757.7352,24
2631,13039.0993,756.3248,24
7168,13037.552,865.3149000000001,24
8891,13037.46,847.775,24
9297,13037.0181,764.1648,24
2248,13035.2685,1785.8871,24
7054,13027.1632,876.3585000000002,24
1347,13025.3695,752.2416,24
9273,13023.5354,841.5981000000002,24
4138,13022.0113,907.498,24
8369,13018.2233,1022.9145,24
2339,13017.6491,879.6283999999999,24
3217,13010.8977,871.0241,24
246,13009.765599999999,675.4526,24
5165,13001.098899999999,711.4976,24
6787,12999.24,789.7228999999999,24
4834,12998.3316,850.0444,24
8280,12990.2505,769.3978,24
9381,12973.1121,1270.5211000000002,24
2732,12971.364599999999,756.6294,24
8379,12966.900099999999,775.1129999999999,24
4666,12965.4162,770.9043,24
8380,12949.9237,774.613,24
4837,12946.743,1148.7205,24
6648,12935.0702,702.9389,24
9257,12930.1768,870.5662,24
8657,12930.1424,791.0073,24
1053,12926.948,814.9092999999999,24
5280,12926.6099,1031.0557000000001,24
9669,12915.7964,779.3661,24
4735,12913.6447,714.1794,24
4425,12890.3554,787.1344,24
4839,12859.9413,791.2460000000001,24
7579,12848.6094,795.9576,24
7043,12845.8215,867.7281,24
9576,12841.626,1433.0691,24
8552,12840.8748,1200.2502,24
9266,12838.4826,875.7253,24
8387,12833.9699,1043.5720000000001,24
4137,12833.6288,863.6084,24
7325,12826.8077,892.5418999999999,24
9751,12824.6023,711.8524,24
6486,12822.6984,895.007,24
7327,12820.4585,1046.155,24
4040,12811.8286,749.4007,24
4276,12807.5303,826.273,24
4934,12798.7989,775.8113,24
5131,12792.0193,736.7312000000001,24
6946,12788.3142,742.8492999999999,24
9879,12761.9875,751.5648,24
2733,12755.5236,778.5248,24
7425,12750.0626,896.3026,24
9498,12741.3117,780.4877,24
3135,12731.1724,748.7950999999999,24
8956,12726.7161,810.866,24
7956,12721.782,828.1046,24
8094,12721.2957,821.7612000000001,24
9762,12721.1886,725.113,24
8283,12720.5997,840.1024,24
6297,12717.9103,708.5567,24
7282,12711.207999999999,972.2683999999999,24
8282,12707.6736,839.3909,24
6386,12704.0861,899.6431,24
6385,12704.0861,899.6431,24
7456,12696.1885,1359.9559000000002,24
5265,12692.8585,815.701,24
6685,12682.9859,774.7402,24
7269,12680.6083,691.1238,24
7439,12674.7783,827.1363,24
6487,12671.5063,896.6144,24
9274,12669.1908,855.2848,24
5377,12661.5576,774.6507,24
7407,12655.2337,763.0020999999999,24
8458,12655.1616,794.9034,24
4579,12652.9293,1237.3333,24
8557,12649.972899999999,761.0711,24
2731,12649.5484,727.9415999999999,24
4065,12646.4485,885.4393,24
9380,12638.1863,1267.9581,24
9768,12637.5121,755.4694,24
8452,12636.8964,1135.5273,24
8383,12631.01,832.943,24
9166,12620.9684,815.5683,24
7392,12617.5242,737.4412,24
3566,12598.2844,770.0882000000001,24
4933,12589.331400000001,754.973,24
2347,12587.916,1725.8643000000002,24
8640,12586.923,747.6468000000001,24
8985,12581.1549,789.5759,24
9256,12577.851700000001,883.9585,24
7226,12573.1709,860.9271,24
6387,12566.0777,882.5212000000001,24
8194,12564.679100000001,805.6501000000001,24
4729,12552.7336,813.6456,24
6455,12552.2676,949.4925,24
5481,12548.5934,1035.05,24
9090,12545.0985,768.4857,24
9094,12541.1953,706.8581,24
4281,12540.9026,745.5618000000001,24
6786,12540.316,770.4817,24
7639,12540.2572,890.5648000000001,24
8184,12529.6565,759.7821,24
7993,12519.7685,767.7203000000001,24
8152,12519.079600000001,748.0975000000001,24
8651,12513.7703,923.7899,24
7578,12505.1634,772.4761000000001,24
5334,12498.3334,811.7342000000001,24
9769,12491.7429,742.4757,24
7457,12491.096,1037.3222,24
8441,12473.27,751.6566,24
4734,12472.2043,792.6997,24
3565,12462.796199999999,775.1997999999999,24
6285,12461.6546,869.5661000000001,24
3732,12455.8499,833.3432,24
852,12454.3508,782.0959,24
7747,12451.300299999999,1278.9907,24
9888,12446.4061,673.9229,24
7539,12441.148,804.6562,24
7839,12433.031500000001,883.4183,24
7739,12426.3625,882.6902,24
9196,12419.2101,751.6531,24
9067,12413.295,857.2312,24
6694,12410.65,721.2393,24
5917,12402.8608,796.0275999999999,24
4578,12402.378799999999,904.8913999999999,24
9677,12401.170100000001,816.0306,24
4537,12392.312600000001,769.5989999999999,24
7864,12387.2396,729.8011,24
1246,12374.621799999999,727.1888999999999,24
8442,12374.6046,740.4658999999999,24
3835,12367.5754,726.4676999999999,24
9156,12361.4421,869.1835,24
9668,12353.914999999999,750.6524999999999,24
5335,12333.836,876.3619,24
3233,12333.5794,932.7135000000001,24
2833,12333.5606,759.4374,24
8182,12332.3664,818.3463,24
9597,12327.3939,969.0113,24
3318,12327.2837,655.3623000000001,24
3418,12327.2837,655.3623000000001,24
5916,12326.871000000001,789.3742,24
7752,12325.449,846.5772000000001,24
2337,12318.3275,835.6817,24
8069,12316.5488,1113.6552,24
3037,12306.3919,802.368,24
4838,12304.2263,744.9406,24
7445,12301.201500000001,711.0968,24
4628,12297.6348,876.6124,24
7740,12256.414499999999,869.4053,24
8966,12252.2582,824.9751,24
6676,12249.848399999999,783.4227,24
7572,12242.589100000001,677.4888,24
2936,12238.8131,823.8615,24
2654,12234.293899999999,778.9402,24
8991,12231.5325,896.256,24
2655,12223.841,778.1705,24
9298,12207.5218,710.9331,24
8488,12206.943800000001,1014.8482000000001,24
3550,12203.166799999999,708.4135,24
7840,12192.295,862.6527,24
9786,12188.3326,775.4412,24
9784,12182.8308,674.1288999999999,24
7424,12178.1972,939.7348,24
9155,12168.4627,837.5391,24
8863,12167.6539,739.4005,24
8381,12156.7834,701.4889000000001,24
8854,12127.0659,887.9016999999999,24
3844,12116.3667,663.7411999999999,24
3945,12112.0582,713.1537,24
9375,12099.9549,1135.566,24
9789,12099.9373,691.1292000000001,24
8570,12084.8349,808.9617000000001,24
5133,12084.523000000001,732.5395,24
5132,12084.523000000001,732.5395,24
5033,12084.523000000001,732.5395,24
4668,12074.604299999999,691.4263000000001,24
8151,12069.7706,717.2740000000001,24
3319,12067.798,632.9532999999999,24
9359,12061.691200000001,675.0948000000001,24
7171,12060.6507,664.3471,24
5032,12051.225699999999,730.8106,24
7146,12043.0618,784.1213,24
8183,12041.8173,783.0472,24
5231,12039.1386,722.4642,24
9091,12033.4703,738.9522,24
5778,12026.5839,897.7155,24
8414,12018.2432,764.6073000000001,24
7967,12018.212800000001,867.3414,24
2144,12018.0739,937.2811,24
5880,12001.2819,713.9587999999999,24
9870,11998.4279,856.4532,24
3728,11990.0442,878.0029,24
8252,11983.9709,698.7637,24
5232,11981.576,727.626,24
5773,11981.3009,707.695,24
8342,11970.145,707.5268,24
9869,11967.5128,820.5331000000001,24
5034,11965.4422,727.7954,24
8884,11963.8637,748.1654,24
8622,11962.8168,662.1560999999999,24
5233,11958.0156,726.9117,24
9249,11957.0479,652.9295000000001,24
6847,11953.646,752.5512000000001,24
7383,11953.5462,817.7043000000001,24
5134,11942.2833,726.8163999999999,24
8899,11930.406500000001,723.3261,24
8900,11930.406500000001,723.3261,24
7771,11929.868,637.2908,24
5127,11926.8501,650.8773,24
8898,11925.681,721.1081,24
6284,11925.3034,828.3008,24
3431,11922.3823,750.2358999999999,24
5637,11921.7385,713.3548,24
8050,11916.6118,707.1598,24
3255,11911.727499999999,786.3529,24
6595,11909.7614,665.7463,24
3662,11906.3057,700.3982,24
4880,11903.1284,685.2236,24
9582,11899.448,755.0625,24
8155,11882.039,718.8512,24
4044,11877.8597,711.6961,24
8799,11869.971,718.7615,24
7672,11867.0337,677.2375999999999,24
9761,11853.6485,711.458,24
6398,11848.0735,650.3801000000001,24
4327,11841.359400000001,1130.7124000000001,24
5879,11840.1637,780.8165999999999,24
4535,11834.4342,745.3714,24
8563,11833.356,725.0234,24
6748,11832.2368,649.8539000000001,24
6587,11831.0075,654.0765,24
7182,11824.916799999999,901.111,24
5078,11823.3649,820.1189999999999,24
8785,11822.5982,666.3369,24
9790,11815.327299999999,669.1675,24
8786,11801.6714,665.234,24
7815,11796.2286,708.8171,24
4635,11792.7571,709.3301,24
6750,11790.2061,1136.2441,24
8688,11786.0607,819.5659999999999,24
8787,11781.3486,803.6447000000001,24
7951,11780.0884,707.8963,24
8788,11773.9087,787.2841000000001,24
9089,11772.5437,701.1253,24
3423,11770.2127,1218.202,24
9357,11758.9108,647.7798,24
7493,11757.8338,686.3868,24
7426,11754.3109,850.1117000000002,24
7477,11752.4171,671.259,24
8589,11752.355,808.5878,24
5279,11750.9861,838.9515999999999,24
8502,11746.8175,1133.5758,24
7714,11732.2966,710.9413999999999,24
6384,11714.4916,783.5880000000001,24
6554,11709.2461,686.1253000000002,24
8520,11692.6598,679.4275,24
7458,11689.734699999999,774.8254,24
7558,11687.3462,770.4821999999999,24
8068,11671.246799999999,845.1566,24
9051,11667.8469,638.6016000000001,24
9362,11663.5823,634.3891,24
7324,11660.2572,869.8497,24
7483,11660.1041,848.7887999999999,24
3422,11659.489899999999,1200.9461,24
4935,11654.9681,731.0503,24
3725,11652.8261,1027.4328,24
8167,11647.9763,827.2177,24
7126,11646.167500000001,701.8255,24
7026,11646.167500000001,701.8255,24
9096,11638.3925,728.1406,24
8311,11637.0898,863.1564999999999,24
3639,11636.5685,868.5814000000001,24
7484,11635.0353,846.8838000000001,24
9097,11617.4969,726.8534,24
3137,11613.572,616.8585999999999,24
9190,11613.4761,733.8699000000001,24
3572,11610.863800000001,731.1298,24
1652,11610.390800000001,775.8772,24
7524,11607.7094,1002.4529,24
9951,11607.3699,687.0977999999999,24
9950,11606.9026,687.0626,24
9949,11606.0174,686.9961,24
9358,11604.8642,647.2545,24
9458,11604.8642,647.2545,24
9558,11604.8642,647.2545,24
9457,11604.2464,647.1752,24
9851,11604.122,686.8534,24
9557,11603.6734,647.1016,24
3463,11603.056,656.2067000000002,24
4042,11601.5197,688.6765,24
148,11595.991399999999,622.3705,24
8145,11592.2523,801.5211000000002,24
7583,11590.2903,833.5339000000001,24
9695,11587.2772,971.8239,24
9596,11587.2772,971.8239,24
9595,11587.2772,971.8239,24
9696,11585.3308,971.6806999999999,24
9670,11584.1584,696.6979,24
9365,11582.4747,791.2929,24
4337,11582.4646,789.2008999999999,24
7679,11581.2192,623.3806000000001,24
9056,11578.3729,720.5491,24
8067,11576.901600000001,854.5870000000001,24
7042,11569.6518,736.542,24
8997,11565.6665,720.8561,24
4381,11565.0447,901.3697000000001,24
9850,11561.2531,684.4896,24
7276,11557.782500000001,960.7175,24
8553,11551.7347,1021.9609,24
7932,11544.7884,638.7707,24
9659,11538.3288,674.6487999999999,24
9776,11523.079099999999,969.6068999999999,24
3627,11510.988,887.3479,24
6950,11506.2301,700.1398,24
8556,11504.4584,684.9702,24
8079,11502.7569,692.5717000000001,24
4074,11500.8838,653.1042000000001,24
9750,11496.6352,672.3299,24
7787,11492.3002,760.6277,24
4133,11484.2981,700.9806000000001,24
9372,11480.3916,728.3195000000001,24
9197,11480.2431,718.0328999999999,24
7186,11469.3734,754.5491,24
3738,11464.144400000001,757.8190000000001,24
4938,11463.5875,645.1749,24
8242,11461.8179,728.3189,24
3467,11461.0622,670.5576,24
8243,11460.9004,727.3655,24
3322,11458.5731,1089.3079,24
8343,11456.8639,694.9291,24
8876,11456.6665,668.7225000000001,24
8244,11452.4167,781.5839,24
8144,11450.5539,789.6052000000001,24
955,11448.878200000001,839.8855,24
8074,11445.0189,694.1125999999999,24
3552,11435.0434,658.2976,24
7380,11428.770400000001,617.3206,24
9980,11427.3195,648.8285,24
7931,11426.5421,635.2818,24
3937,11420.521700000001,743.0104000000001,24
1552,11417.8653,761.0012,24
4175,11403.3497,635.4243,24
3628,11401.8823,744.7812999999999,24
8033,11399.6757,656.1912,24
8168,11399.1437,808.5216,24
5126,11391.7888,749.1829,24
4336,11390.3124,767.8613,24
8588,11389.792300000001,747.7339,24
2485,11388.182700000001,827.3543999999999,24
3944,11381.4122,682.5012999999999,24
3974,11366.9467,733.5671,24
4376,11363.5667,780.3912,24
6484,11360.2603,687.8036,24
3975,11358.779,714.6103,24
8789,11354.9931,758.7750000000001,24
4037,11354.2276,742.0144,24
8591,11353.3654,841.7269,24
8753,11350.8433,796.9778,24
2585,11346.8087,815.2016000000001,24
2586,11338.0843,802.0284,24
6466,11331.893,675.7069999999999,24
9875,11328.255799999999,938.4256,24
4876,11327.8622,658.196,24
7285,11325.2202,737.1148,24
7353,11320.7818,738.4746,24
9697,11312.062,887.4453,24
5526,11311.5912,762.1029,24
9478,11306.1793,1251.8359000000003,24
8453,11300.1564,982.5204,24
7814,11298.1661,663.1285,24
8382,11292.7143,761.5002999999999,24
7127,11287.3802,681.1379,24
9753,11284.535,749.4427000000001,24
6584,11281.9968,685.3780999999999,24
4937,11279.4639,875.0351999999999,24
8253,11266.6776,648.1587000000001,24
9570,11260.4685,757.5509999999999,24
8655,11255.541799999999,888.7876000000001,24
4936,11250.4472,869.6958,24
4429,11249.6301,944.0003,24
7786,11248.4232,890.1024,24
1055,11246.170399999999,819.7522999999999,24
7980,11245.595000000001,643.8281999999999,24
5333,11244.6715,686.3353,24
9471,11242.497,755.188,24
8112,11242.4233,717.3946,24
9300,11239.5623,738.7173999999999,24
6780,11236.1179,807.311,24
3427,11233.8524,884.9875,24
7744,11229.869999999999,702.4869,24
4931,11225.112799999999,693.4037999999999,24
9657,11220.1931,625.7751999999999,24
2832,11211.996,650.3248,24
9970,11210.386,748.0023,24
7847,11208.7459,1112.333,24
953,11206.2554,696.3989999999999,24
8689,11200.6494,794.9621999999999,24
4772,11200.2615,689.0126,24
2486,11199.6618,807.9841000000001,24
5278,11199.0133,681.0537,24
8692,11198.8572,702.9361,24
5479,11196.0798,719.513,24
850,11195.7916,711.6126999999999,24
2554,11189.5416,713.3411999999998,24
5648,11186.895,788.2312000000001,24
9889,11186.4056,621.5756,24
3323,11185.122,1159.0654,24
9474,11179.7682,718.733,24
3877,11170.8897,764.421,24
3458,11167.516,662.0049,24
8457,11163.6956,649.5253,24
8887,11162.1189,676.0225,24
8352,11152.2872,665.125,24
8992,11152.0754,789.0238,24
3018,11150.9218,908.2361,24
5180,11145.3029,883.7992000000002,24
4338,11134.3447,693.1179,24
8521,11129.6076,616.5554999999999,24
8410,11113.8681,721.1713,24
8611,11112.957699999999,720.6779999999999,24
8510,11109.568,720.9621999999999,24
2734,11106.191200000001,707.3620000000001,24
3331,11103.8858,655.0035,24
9890,11099.2622,614.3646,24
8314,11097.6436,712.2753,24
8211,11093.3397,791.8583000000001,24
7741,11084.187899999999,670.9085,24
6185,11077.8737,662.3892000000001,24
4033,11077.0792,685.0619,24
5625,11070.1602,742.4676999999999,24
3661,11065.6689,611.4647,24
4633,11065.4399,685.7855,24
9658,11058.764200000001,619.6355000000001,24
8064,11058.5948,683.1853,24
9465,11054.7381,672.7482000000001,24
7582,11052.450200000001,752.4895000000001,24
8970,11052.4065,817.5002,24
3523,11051.6179,1156.4627,24
8990,11041.5267,717.0498,24
1653,11040.3164,813.9935,24
8511,11039.9866,701.4173,24
5079,11039.0385,838.6295,24
6785,11032.6039,678.6949000000002,24
4032,11027.7041,694.4789000000001,24
7393,11027.3187,640.2963,24
9691,11022.3668,1658.0731,24
7971,11018.0808,631.9051,24
5226,11017.5761,863.7193,24
5780,11013.6414,663.0044,24
4634,11006.696,683.6044,24
3770,10991.637999999999,685.5464,24
8492,10979.9736,791.1482000000001,24
9253,10979.891,734.1626,24
9682,10971.8101,667.0543,24
9463,10970.7434,596.7029,24
7523,10952.008,963.3431,24
6286,10944.2012,681.3052,24
8890,10925.6168,707.3874000000001,24
8790,10920.655499999999,704.2384999999999,24
7681,10908.4997,645.2267999999999,24
7682,10905.1134,797.9223000000001,24
8143,10900.3269,700.0441,24
4732,10889.6978,641.579,24
8087,10882.3774,642.9853,24
4534,10875.0884,683.2069000000001,24
6767,10873.9519,636.3859,24
4437,10872.959,673.7442,24
1956,10871.6217,821.9371000000001,24
1854,10868.5584,807.8109,24
9472,10864.1618,692.2082,24
4864,10862.6729,784.1433,24
8996,10862.3582,660.3368,24
3286,10860.0699,650.5561,24
3237,10859.0262,591.9113,24
9482,10854.4221,677.8658,24
8212,10845.0464,685.0128,24
8514,10842.1887,672.9519,24
6994,10835.9662,581.2169000000001,24
7225,10829.661399999999,703.0254,24
4031,10828.2667,767.3706999999999,24
9656,10826.1739,596.4302,24
8049,10822.3467,664.0300000000001,24
9969,10816.3624,680.7139000000001,24
4330,10808.2247,935.7257000000001,24
8986,10803.8963,677.8112,24
3380,10801.6839,649.067,24
3480,10800.234,649.1195999999999,24
3481,10800.0221,649.1140999999999,24
1685,10798.5759,1350.1118999999999,24
3581,10792.7947,648.8096999999999,24
7051,10792.4848,688.0179,24
9053,10786.7791,765.9414999999999,24
7772,10786.6479,603.8364,24
9153,10784.9693,766.7040000000001,24
5179,10783.3353,887.8835,24
8245,10783.1771,700.8815,24
7546,10778.8914,792.1604,24
3326,10769.2809,1006.5201000000001,24
3451,10769.2534,613.9051,24
4632,10761.8518,663.0133000000001,24
3547,10760.7121,610.218,24
3669,10759.6057,695.8167000000001,24
8081,10756.8962,598.7818,24
8178,10751.0702,633.5903,24
2345,10745.0633,958.3798,24
9255,10742.4903,725.9973,24
3230,10727.9787,663.5769,24
7813,10719.2147,621.4607,24
9952,10706.2013,650.8803,24
9276,10705.2725,1066.2431,24
7678,10697.9872,584.9522000000001,24
8353,10697.3933,668.0529000000001,24
5636,10689.7792,620.4958999999999,24
9259,10682.5373,616.7199,24
8487,10673.801300000001,909.9722,24
4273,10673.3365,666.4493,24
6583,10666.9207,653.3340000000001,24
8800,10664.4564,639.7296,24
5816,10661.0948,683.7449,24
8653,10660.5525,1005.4646000000001,24
6850,10650.5425,697.8904000000001,24
2834,10646.766,751.9112,24
4036,10641.6074,701.9601,24
7680,10638.6171,603.5303,24
7974,10635.7611,635.6136,24
7885,10631.0315,779.5348999999999,24
6298,10624.090900000001,584.1139000000001,24
3580,10624.0278,614.0815000000001,24
2555,10620.5731,678.932,24
7893,10619.2971,595.9964,24
8877,10619.2452,618.9702,24
7027,10618.1961,641.5029,24
7307,10617.1207,627.6686,24
1585,10614.7404,1333.7678,24
8113,10607.5147,647.6979,24
5580,10604.6569,728.5240000000001,24
8044,10597.3474,716.1968,24
7841,10595.3279,655.0543,24
5276,10592.4172,607.7414,24
8443,10578.512200000001,592.3508000000002,24
3670,10571.217999999999,682.1367,24
8888,10563.017,669.8223999999999,24
9852,10561.1428,651.2087,24
4131,10558.7375,744.5529999999999,24
8315,10556.9549,630.541,24
7871,10554.9848,573.0218,24
8618,10551.7219,622.0375000000001,24
6684,10535.3067,646.0394,24
5465,10534.5445,627.6131,24
5679,10533.5417,586.4796,24
8981,10532.2867,1221.5744,24
8310,10526.6788,710.1656,24
1683,10525.0214,1448.1233,24
8690,10512.2403,710.0403999999999,24
5474,10509.9464,659.5797,24
4932,10509.1258,611.05,24
3153,10507.4494,572.3197,24
8998,10503.4084,640.2634,24
9948,10500.5729,687.3199999999999,24
7638,10497.6836,714.0150000000001,24
8936,10497.4531,652.5503,24
9756,10495.7295,656.2578000000001,24
7743,10494.4143,639.1487,24
8555,10491.8657,852.1332,24
4832,10489.059,622.7694,24
6478,10482.8845,628.7117,24
5626,10475.3958,714.0408000000001,24
7742,10471.7235,638.1304,24
4533,10465.3158,644.9533,24
6649,10458.644100000001,891.6412,24
8034,10456.4245,638.1809,24
6779,10453.2487,659.2587,24
3570,10453.1189,682.1818000000001,24
8950,10453.0643,572.1957,24
3256,10451.4353,658.7820999999999,24
5281,10447.3787,744.4686000000002,24
7660,10442.526100000001,644.9977000000001,24
9154,10437.8726,732.0436,24
9299,10427.1322,644.2546,24
6388,10423.9182,679.2227,24
4580,10416.681,1684.0450999999998,24
8654,10415.9042,934.6469999999999,24
3833,10411.5354,671.1002000000001,24
3623,10389.1475,1073.7301,24
3367,10388.9719,567.9861000000001,24
4665,10388.7392,601.9194,24
2089,10386.2701,584.3664,24
2190,10386.2701,584.3664,24
2438,10382.4031,583.6945000000001,24
6995,10379.2626,536.9005,24
956,10378.7364,730.8011999999999,24
7933,10375.5186,557.0366,24
751,10375.5157,630.8406000000001,24
865,10372.981,582.9983,24
8166,10368.761199999999,649.4100999999998,24
9654,10363.7569,619.521,24
6596,10363.3405,605.1284999999999,24
2290,10358.333,582.3619,24
866,10349.4767,584.266,24
1753,10344.5477,653.1962000000001,24
3220,10344.2549,646.4239,24
8032,10339.103,564.276,24
9495,10336.8316,797.4662,24
5225,10330.5813,641.1782000000001,24
4038,10328.2449,684.2469,24
1752,10325.1318,671.725,24
5130,10322.8758,612.623,24
4045,10316.3506,636.366,24
4046,10316.3506,636.366,24
7822,10312.043800000001,1438.8024,24
4477,10302.892600000001,784.1442,24
9018,10302.401,610.4848,24
8612,10302.0002,780.3064,24
4529,10298.5755,857.2886000000001,24
3232,10296.3549,705.2278,24
7482,10295.0493,687.6821000000001,24
5135,10291.5777,714.4934,24
7842,10291.1957,625.2180999999999,24
9000,10290.731,637.3282999999999,24
8989,10286.062300000001,649.8803,24
9849,10285.8139,614.1327,24
8541,10282.693,639.3315,24
8419,10278.3902,562.8833999999999,24
9290,10276.3168,623.1163,24
9990,10275.6934,553.5079999999999,24
8513,10273.8865,767.2444,24
9591,10271.6039,1793.0021,24
5473,10267.5768,616.0899999999999,24
2189,10267.2359,577.3573,24
2584,10261.7994,721.3533,24
9799,10260.3324,878.4713,24
9590,10260.1949,1758.7577,24
5035,10259.0491,702.9116,24
9456,10253.9645,572.5132,24
7693,10249.736,613.5311,24
8469,10249.2304,757.8552999999999,24
6479,10245.1122,631.608,24
5128,10237.9178,574.6732,24
4776,10237.7667,628.9146,24
3381,10227.765300000001,587.3956,24
3231,10222.6465,634.6585,24
2090,10222.250600000001,572.8204000000001,24
5579,10220.5306,633.6383,24
4730,10220.0242,641.9440999999999,24
7238,10219.1461,660.8329,24
9871,10218.02,702.6033,24
2437,10209.1708,572.2633,24
9054,10207.8162,713.3824999999999,24
9671,10205.0868,659.7384999999999,24
8111,10202.6112,650.6493,24
3426,10202.317500000001,810.821,24
8512,10202.0437,797.5453000000001,24
8515,10200.7932,670.6617,24
2391,10196.2883,574.0738,24
8793,10194.3475,609.6426999999999,24
9200,10190.8139,667.6373999999998,24
9464,10183.9683,595.6073,24
8251,10183.768,591.821,24
9399,10181.2993,637.1907,24
8889,10179.767100000001,654.211,24
2291,10153.5602,572.73,24
3528,10153.3249,595.0208,24
3455,10150.1532,600.539,24
8637,10148.154,547.2797,24
1553,10146.4898,676.3854,24
1583,10145.342700000001,1395.3138,24
7581,10145.3398,621.3509999999999,24
7780,10144.0636,572.0719,24
8554,10141.4731,1001.8471,24
6784,10135.3469,628.7085999999999,24
9356,10124.4939,637.9423,24
3134,10123.245499999999,620.6486,24
3222,10116.365899999999,1082.596,24
4974,10115.159,613.5645999999999,24
7577,10112.9311,567.5439,24
8999,10110.9526,643.6836,24
7183,10109.4149,727.7102,24
9700,10108.0016,865.2578999999998,24
8293,10107.1875,639.5894,24
3571,10105.723,658.3422,24
9954,10103.3199,700.8144,24
9955,10103.3199,700.8144,24
9953,10103.3199,700.8144,24
9853,10103.3199,700.8144,24
9755,10103.3199,700.8144,24
9854,10103.3199,700.8144,24
7025,10102.629500000001,583.1098,24
8897,10101.815,553.7128,24
7382,10101.6395,624.9319,24
7940,10099.881800000001,601.0133,24
3777,10099.8084,571.9105999999999,24
9855,10099.646499999999,700.4682,24
8010,10099.64,605.3082,24
3931,10093.7954,620.2648,24
8031,10090.4778,593.0620000000001,24
4980,10087.009,703.5318,24
9189,10086.5679,631.8860000000001,24
6766,10085.0752,595.7511,24
8133,10084.0399,608.932,24
5181,10081.2162,829.6861,24
2935,10080.8926,1227.888,24
8934,10074.1491,654.23,24
2933,10073.9808,703.7735,24
9678,10073.0886,669.4179,24
8083,10072.8876,726.0061,24
1657,10053.1299,991.7618,24
853,10050.7687,614.7119,24
9760,10044.6966,640.7875,24
2755,10044.695600000001,618.0486,24
8954,10042.7584,628.4534,24
9775,10041.0589,863.8256,24
3932,10039.5081,605.1169,24
2587,10039.0969,638.7543000000001,24
9857,10038.3927,622.8566,24
5319,10037.1321,1931.7446000000002,24
2385,10031.1688,634.0318,24
8754,10026.3334,716.5867,24
3154,10018.6234,587.8004,24
346,10018.6226,552.1294,24
7050,10017.7078,779.1473000000001,24
5125,10017.104599999999,628.4035,24
6296,10016.67,561.6862,24
9759,10015.5245,639.9579,24
9860,10015.5245,639.9579,24
9859,10015.5245,639.9579,24
9858,10015.5245,639.9579,24
9961,10015.5245,639.9579,24
9861,10015.5245,639.9579,24
9758,10015.3931,639.9486,24
9198,10014.4485,675.6641,24
7185,10014.3272,653.1279,24
9960,10013.6316,639.7954000000001,24
9599,10011.511,759.4945999999999,24
8035,10011.3873,631.6039000000001,24
7038,10010.5559,633.4775,24
7880,10004.8309,572.2698,24
7713,9993.2324,575.934,24
6143,9990.8238,961.6568000000001,24
9556,9988.6614,555.575,24
4891,9988.3741,827.1962000000001,24
5525,9977.4452,609.5300000000001,24
5320,9970.5834,1911.4958000000001,24
3936,9969.7548,681.7824999999999,24
6179,9960.1001,586.6518,24
3629,9951.7726,588.226,24
8411,9948.4019,623.2227,24
8569,9947.1724,740.1368,24
9689,9943.2359,690.5747,24
8341,9941.925799999999,641.4276,24
7835,9940.6881,628.6682000000001,24
7843,9936.9125,602.0437999999999,24
2934,9936.0688,1091.4494,24
3121,9930.3227,604.7169,24
7935,9927.4037,629.1557,24
6186,9927.2804,556.1241,24
8613,9926.6704,778.3061,24
6287,9921.9523,561.6983,24
3330,9919.5902,607.9018,24
1351,9915.9285,641.9666,24
6749,9914.7078,668.3386,24
7934,9910.9866,623.5694,24
3832,9904.6829,613.9127,24
8036,9903.8821,622.1044,24
7939,9900.7079,593.607,24
954,9896.8161,572.7291,24
9481,9895.6147,605.2993,24
3529,9891.0787,580.6021,24
3470,9889.7762,642.5145,24
4481,9889.2207,1397.1068,24
6184,9879.3708,634.3052,24
8134,9876.773,593.1231,24
7781,9875.264,595.5373999999999,24
3680,9874.871500000001,571.6777000000001,24
8933,9871.4449,580.6925,24
950,9864.3014,615.3704,24
7779,9859.4494,539.9669,24
3579,9857.8576,551.6128,24
1554,9848.9855,744.6871000000001,24
5419,9847.3208,1886.0128,24
5478,9846.832,525.7442,24
1260,9845.5325,562.7884,24
8409,9842.6371,652.3724000000001,24
8509,9842.6371,652.3724000000001,24
3569,9842.5553,624.2009,24
3120,9841.710299999999,602.0586999999999,24
7936,9839.0872,619.6672,24
7047,9837.3174,569.7611,24
6187,9837.2223,552.5606,24
4225,9828.1478,596.1224,24
9199,9825.621,673.8802000000001,24
9795,9819.6192,798.5341999999999,24
3486,9817.4533,594.7031,24
2244,9813.9389,723.6317,24
9754,9810.9408,678.7651,24
4672,9810.6997,573.3583,24
3778,9792.9071,570.3629000000001,24
3679,9792.9071,570.3629000000001,24
3678,9792.9071,570.3629000000001,24
3780,9792.9071,570.3629000000001,24
3779,9792.9071,570.3629000000001,24
7789,9791.7151,549.5306,24
9098,9787.372800000001,677.1152,24
9959,9771.635699999999,619.0357,24
8358,9768.7745,593.8688,24
8312,9764.9613,648.6113,24
3035,9759.3708,740.0372,24
7846,9752.6487,934.1831,24
9962,9747.5256,621.4219999999999,24
766,9747.259,549.5639,24
2045,9740.5934,678.7334,24
8750,9735.7281,604.6851,24
1452,9733.9216,617.1193000000001,24
2439,9732.9427,546.8775,24
2653,9731.1741,596.3767,24
7125,9730.4868,554.7034,24
9856,9726.6891,641.7517999999999,24
8415,9722.4535,573.3725000000001,24
8542,9721.8089,617.2365,24
3466,9715.8605,546.4331999999999,24
9055,9715.5638,624.5763000000001,24
9757,9715.3535,572.7038,24
9050,9712.8131,541.0206,24
9254,9711.1371,575.6178000000001,24
8722,9710.1879,583.2742000000001,24
8840,9700.548,547.4489,24
1957,9697.9195,706.164,24
8691,9697.2117,687.9166,24
8839,9693.535,576.7531,24
7184,9689.6032,607.1063,24
3221,9689.3912,732.0011000000001,24
9975,9674.7387,695.4488,24
5578,9662.3767,540.2821,24
8833,9660.8526,574.3555,24
8195,9660.6629,613.4689,24
8286,9656.6437,555.3492,24
6477,9650.0785,570.1211,24
2538,9646.7216,543.5215000000001,24
2633,9645.601,552.4425,24
8351,9644.6387,564.1327,24
8932,9643.9265,597.3345999999999,24
750,9634.0959,575.2494,24
8955,9625.5761,652.421,24
7950,9622.6582,521.7565999999999,24
3933,9618.2642,602.3756999999999,24
3830,9616.4892,617.2134,24
4132,9614.817,542.2797,24
1056,9614.0026,639.5594,24
4539,9603.4934,670.1435999999999,24
6683,9603.2137,605.5533,24
3022,9596.7778,606.0087,24
1350,9595.7958,632.4829,24
2147,9595.5324,813.8291,24
8931,9580.4657,619.2182,24
2239,9569.8184,634.1232,24
3562,9569.66,493.1662,24
9100,9568.9074,678.2687999999999,24
3831,9567.7224,613.2189,24
9353,9567.4223,583.3749,24
8830,9566.7197,635.0817,24
8082,9560.6561,667.0758000000001,24
1853,9556.739,716.7775,24
3284,9555.547,553.5721,24
8602,9555.1558,787.8335999999999,24
3878,9550.6569,555.4178,24
9099,9550.2363,678.5879,24
9049,9549.7193,532.737,24
4831,9549.5544,607.6106,24
3185,9548.642,559.0379,24
2146,9547.5787,736.6502999999999,24
8760,9547.5537,599.2402,24
5365,9537.4304,645.9439,24
6394,9536.5501,613.6719,24
8949,9532.5402,518.8219,24
5575,9532.5269,676.7899,24
3321,9530.8115,738.0192,24
9486,9529.7488,940.5764000000001,24
3320,9529.222,737.3706,24
8685,9527.122,542.9037999999999,24
3676,9526.1839,812.1198999999999,24
3358,9522.0839,564.8951,24
9261,9519.4603,561.4601,24
8610,9514.7003,614.5905,24
3879,9512.302599999999,552.9377999999999,24
8777,9507.9641,545.5516,24
6217,9505.8976,679.4359000000001,24
3325,9504.4116,890.8963,24
8344,9498.0064,549.5282,24
5382,9491.6217,787.0937,24
9282,9491.4655,880.1029,24
5576,9490.0336,679.5471,24
4426,9489.4929,649.2732,24
5777,9487.0246,701.5227,24
2537,9484.0565,534.8193,24
7224,9483.7376,626.9394,24
9386,9478.9125,937.5194,24
9400,9478.2424,606.4359999999999,24
4731,9472.0467,603.6417,24
6483,9465.9992,610.5195,24
5236,9464.472,703.6335,24
2539,9459.865,533.8178,24
3527,9459.3676,805.1183000000001,24
3021,9453.5192,599.551,24
1349,9452.6808,554.6341,24
3880,9445.3916,548.6943,24
2630,9436.7999,550.702,24
7169,9432.5338,493.2225,24
3464,9427.6086,558.3834,24
9788,9419.6976,526.6923999999999,24
2057,9418.6534,568.9579,24
8142,9417.568,558.9927,24
9068,9411.8055,678.5911,24
146,9408.952,489.0013,24
9563,9408.489599999999,552.8159999999999,24
7858,9406.6436,689.3684000000001,24
3666,9404.5439,558.2217,24
7376,9398.2755,586.3289,24
3482,9393.5623,514.9614,24
8930,9391.3343,627.6125000000001,24
8030,9388.1916,528.1450999999998,24
8045,9383.7099,613.9285,24
5178,9379.5281,677.485,24
3724,9375.2249,720.6741,24
8165,9373.8812,559.8108,24
8420,9371.8048,518.1365,24
8551,9368.2239,766.4037999999998,24
8669,9366.6449,705.8691,24
6776,9366.085500000001,612.6263000000001,24
8967,9364.8224,615.7802,24
8386,9358.3831,584.5435,24
9989,9357.7406,523.4295999999999,24
8268,9355.3061,754.4735999999999,24
7881,9353.2489,601.8799999999999,24
6677,9349.6243,611.4863,24
8831,9347.2259,615.271,24
6318,9346.4009,768.5946,24
5230,9342.5615,524.5221,24
3560,9340.8143,512.2512,24
9554,9340.168,570.7576,24
6016,9336.105,546.3103,24
7879,9334.1744,511.5707,24
3834,9329.8938,630.2104999999999,24
1556,9329.6924,896.4615,24
2531,9327.693,575.0164,24
2656,9326.8095,573.7703999999999,24
4039,9322.3388,626.0068,24
4825,9319.9936,578.4001,24
5542,9311.5405,590.9648,24
6777,9310.996500000001,609.8355000000001,24
6678,9310.996500000001,609.8355000000001,24
6778,9310.996500000001,609.8355000000001,24
3034,9310.9747,728.1627000000001,24
8037,9307.1559,578.7937999999999,24
2349,9301.395700000001,1169.3364000000001,24
7738,9301.3305,586.6675,24
8870,9297.3147,641.7964,24
8137,9294.988,582.7238,24
9924,9289.1984,550.4291,24
3139,9286.364,545.1785,24
3138,9286.364,545.1785,24
3355,9284.8522,636.1085999999999,24
7245,9283.7783,654.0842,24
6884,9278.148799999999,613.076,24
1955,9275.7632,690.8166,24
4075,9275.0006,544.5167,24
9382,9269.8115,711.4996,24
9364,9261.5142,507.4607,24
3122,9259.4548,851.3299,24
3766,9252.6661,528.4932,24
3424,9241.684,895.2701999999999,24
3781,9240.8812,536.3286,24
3677,9237.0191,533.8845,24
3485,9235.7483,526.9856,24
4627,9235.7159,595.6985,24
2754,9234.5426,520.4571,24
6017,9234.4182,611.6341,24
9925,9233.380000000001,557.9648000000001,24
2685,9230.1242,593.2912,24
5776,9227.7944,602.7927999999999,24
7981,9226.1029,621.6172,24
6494,9219.7981,609.2456,24
9573,9219.04,629.8606000000001,24
5138,9216.7181,500.42240000000004,24
6594,9216.2787,609.1028,24
6493,9216.174500000001,609.0857000000001,24
6393,9216.174500000001,609.0857000000001,24
7745,9213.8191,824.0515,24
9956,9213.7217,592.5106999999999,24
9191,9213.2845,596.6525,24
2786,9208.976,604.0073,24
8641,9208.7771,612.1273000000001,24
6593,9208.7429,608.3294,24
5748,9205.4543,607.6223,24
5229,9203.9262,516.6069,24
7872,9202.8657,501.4448,24
8687,9200.5206,621.1514,24
8678,9198.3841,630.9793,24
3573,9196.0146,773.5938,24
3526,9185.5754,812.4821999999999,24
6218,9185.1233,747.3236999999999,24
4630,9184.448,567.3475,24
7938,9184.1491,572.557,24
8038,9182.7999,573.8228,24
6086,9182.684000000001,553.3249000000001,24
867,9179.9558,520.0669,24
3038,9176.882,519.5008,24
2686,9169.8387,601.2684,24
3539,9166.78,647.9071,24
6117,9166.3788,611.2441,24
2886,9165.3237,600.9524,24
2887,9161.8227,600.7074,24
6655,9161.5321,599.3829,24
3624,9158.4937,892.8513,24
8921,9157.6427,528.0993,24
7053,9156.4958,697.623,24
7957,9150.6368,649.8720000000001,24
5136,9149.7609,671.1909,24
9655,9141.6785,539.4913,24
4428,9138.9683,743.5063,24
5418,9137.5596,1598.9741000000001,24
5037,9135.412,669.0717999999999,24
5137,9135.412,669.0717999999999,24
5036,9135.412,669.0717999999999,24
7683,9133.873,660.2745,24
2756,9132.3052,669.8249999999999,24
2757,9131.266,669.8287,24
2857,9131.266,669.8287,24
5849,9126.8744,628.4386999999999,24
9772,9126.0275,799.8913,24
2237,9123.1341,594.1610999999999,24
6848,9114.5815,568.2111,24
8359,9108.0676,567.8663,24
5332,9101.0101,556.1135,24
8461,9099.482,576.8183,24
3881,9099.4586,526.4768,24
8451,9099.3454,739.3954000000001,24
1852,9094.5929,693.6117999999999,24
8164,9092.7766,539.3938999999999,24
3951,9092.7526,571.5075,24
6118,9091.2336,599.5229999999999,24
7793,9079.2883,506.68180000000007,24
2787,9078.4433,594.7075,24
2758,9073.8655,667.0030999999999,24
6085,9073.674,547.6294,24
6087,9069.2412,547.432,24
5987,9068.0229,547.3842999999999,24
5986,9064.2032,547.2347,24
3384,9050.5785,561.3275,24
3522,9050.4018,921.229,24
1146,9045.2631,529.0554,24
1953,9031.9454,664.7457,24
2785,9031.0299,592.2796000000001,24
8585,9016.3115,489.2069000000001,24
5677,9013.1352,663.6177,24
3462,9011.1466,466.5522,24
2937,9009.8387,513.3113,24
2835,9005.0291,846.5957,24
8731,9005.0194,591.4239,24
5077,9004.6388,493.59159999999997,24
9454,8999.699700000001,551.3597000000001,24
5676,8999.2586,661.9069000000001,24
3459,8997.2397,507.4117,24
9354,8992.9217,550.8788,24
8284,8991.187,510.9973,24
9385,8989.5132,840.6642,24
8592,8987.1184,607.1335,24
4563,8984.5335,498.06550000000004,24
9262,8984.0265,471.2874,24
8316,8982.0273,636.3385,24
2858,8979.9379,659.2749,24
3556,8978.5343,553.5807,24
2687,8977.8164,587.098,24
7286,8976.0783,590.9144,24
1348,8971.7886,526.8757,24
8043,8969.7978,534.4756,24
2885,8957.1548,587.0568000000001,24
7788,8951.5936,532.2103999999999,24
6634,8951.3929,903.9319,24
6293,8943.8437,580.7037,24
7338,8943.396,646.5671000000001,24
9981,8940.2223,515.5895,24
3020,8935.1333,571.4045,24
8146,8931.8488,558.8051,24
2986,8928.8822,578.9915000000001,24
8416,8924.5187,549.9753000000001,24
8161,8914.2526,504.80730000000005,24
8650,8912.0736,753.2914000000001,24
5080,8911.7587,808.2543000000001,24
3428,8889.9382,560.4117,24
7658,8889.165500000001,581.2432,24
9581,8886.3269,548.0215000000001,24
5028,8884.8954,528.2604,24
9594,8882.5635,1023.4977,24
3730,8880.428,593.1035999999999,24
7958,8875.221,647.9896,24
5888,8874.0531,531.0653,24
1248,8873.8696,516.5699,24
7449,8868.7876,622.1302000000001,24
3155,8865.7229,569.4311,24
3379,8863.6054,518.3315,24
3479,8863.0681,518.3509,24
3746,8855.0847,507.7894,24
2856,8852.5781,634.5923,24
9787,8851.9275,537.5036,24
1797,8847.896,655.5074000000001,24
4335,8845.4732,712.5172,24
8237,8844.433500000001,553.6909,24
3140,8843.7356,517.7599,24
4677,8842.4303,904.5604999999999,24
9491,8839.435,1574.7772,24
8157,8836.9954,653.8752999999999,24
9179,8834.0647,837.0859,24
9947,8832.0724,645.1687999999999,24
7281,8827.9283,491.9678,24
8057,8826.3741,655.7982999999999,24
8056,8826.3741,655.7982999999999,24
7735,8824.5411,679.2277,24
8246,8818.1998,545.116,24
9571,8816.1068,651.2858,24
9083,8814.3235,896.7125000000001,24
4725,8813.5602,549.7496,24
9685,8809.0794,520.2794,24
752,8808.4949,529.5732,24
1989,8807.2764,502.72860000000003,24
7884,8803.6186,586.2007,24
8132,8803.4064,538.1331,24
1054,8799.8086,500.6748,24
8261,8798.303100000001,500.8038,24
8462,8794.8136,534.0549000000001,24
9020,8794.5702,513.3321,24
8995,8789.813,488.86940000000004,24
2386,8786.4969,564.337,24
8568,8781.837,667.7758,24
2730,8779.8937,518.0252,24
8454,8773.6147,834.7715,24
9868,8770.4995,483.0163,24
9119,8769.5082,500.435,24
8213,8765.0954,581.3458,24
8543,8763.8844,518.2649,24
3368,8759.5793,476.3595,24
7836,8758.8148,529.3233,24
3429,8753.7758,518.6375,24
1453,8746.3115,610.3676,24
2957,8745.1616,547.5923,24
8798,8744.2016,515.4118,24
9957,8742.6056,508.14279999999997,24
6317,8742.5377,709.1499,24
8978,8741.945,509.1445,24
8158,8741.1379,561.2478,24
9958,8740.2442,530.5567,24
9676,8733.4119,753.3480000000001,24
8160,8733.017100000001,504.64109999999994,24
7688,8728.394,515.3562,24
2238,8725.0404,566.1379,24
9945,8723.9772,521.8362,24
9363,8723.4204,467.1762,24
9575,8720.7716,822.3761999999999,24
2191,8720.0555,485.2957,24
7481,8712.5208,479.2445,24
9683,8710.1941,509.26120000000003,24
965,8706.4702,516.3772,24
8257,8702.878700000001,571.3965000000001,24
964,8696.5219,573.8956999999998,24
7636,8693.4761,684.1164,24
6488,8691.6503,490.1708,24
8540,8688.4655,520.5378000000001,24
849,8686.0124,547.0115000000001,24
3257,8685.8336,548.6861,24
3157,8684.2255,563.1080999999999,24
3156,8684.2255,563.1080999999999,24
3057,8684.2255,563.1080999999999,24
3056,8684.2255,563.1080999999999,24
8550,8677.599699999999,745.6559,24
3731,8677.304,560.0634,24
8384,8677.1194,498.5892,24
9574,8675.3923,604.0621000000001,24
8893,8674.0176,481.09909999999996,24
7673,8670.9424,465.09309999999994,24
8162,8667.5399,489.98400000000004,24
4275,8665.0891,504.0537,24
9034,8659.1755,576.2583,24
5228,8650.6824,484.7388,24
8013,8648.8531,509.15279999999996,24
7838,8647.6543,534.6052,24
5573,8642.1794,487.30449999999996,24
9193,8637.948,558.2259,24
1796,8637.8026,639.7975000000001,24
767,8635.620499999999,496.1634,24
7689,8634.9608,502.1938,24
7345,8631.2409,575.8681,24
9279,8626.024,693.9443,24
6116,8624.7549,524.3008,24
9779,8623.774300000001,570.9721999999999,24
6288,8623.1051,510.33439999999996,24
3667,8616.1531,560.5905,24
9862,8614.824200000001,531.5688,24
8075,8610.4782,466.5854,24
5736,8609.8042,500.6399,24
9684,8609.4082,503.6894,24
2888,8609.3283,552.9781,24
8156,8608.3391,638.8977000000001,24
6119,8602.4712,551.4381000000001,24
7635,8582.4953,688.8437,24
1064,8580.432499999999,568.404,24
9848,8577.044,628.2322,24
3681,8565.8348,459.29499999999996,24
8313,8565.4622,530.7697,24
7878,8562.8491,475.04830000000004,24
6783,8562.5686,573.861,24
8440,8559.4807,514.0908000000001,24
8058,8558.3436,617.4066,24
6849,8552.5085,623.4599,24
8869,8544.953300000001,593.0797,24
8614,8541.3435,570.4402,24
7984,8538.9209,621.1543,24
1795,8533.1122,652.0619,24
6219,8533.0267,677.8514,24
6018,8530.5421,566.1175000000001,24
3826,8528.1102,515.8720999999999,24
4439,8527.2902,596.1506999999999,24
7170,8524.1037,468.5692,24
9991,8522.3459,495.3857,24
9749,8517.32,557.7767000000001,24
3943,8512.6987,533.3547,24
3419,8512.6011,445.9751,24
7549,8512.4208,588.6369000000001,24
2985,8509.975,547.0488,24
5025,8508.8891,508.6506,24
7723,8505.6971,1131.495,24
9891,8504.6869,457.61069999999995,24
5029,8504.2733,521.2815,24
9492,8499.9718,1090.9970999999998,24
8309,8496.7405,574.7936,24
4526,8494.2608,610.0756,24
3825,8492.074,512.3869,24
8039,8491.539,537.8322000000001,24
7964,8490.3239,520.1403,24
7687,8487.4969,510.3536,24
8988,8487.4659,529.4026,24
9490,8485.1588,1520.1081,24
3019,8485.001,609.4513000000001,24
8346,8482.4478,554.3643999999999,24
8061,8479.8763,451.3193,24
9592,8479.2245,1186.449,24
3131,8474.4417,509.2655,24
3359,8474.3858,485.3107,24
1952,8472.0245,556.6011,24
1164,8467.9311,554.0676,24
9946,8466.7978,589.9339,24
1050,8464.9854,530.605,24
966,8464.5717,550.978,24
3258,8463.000900000001,483.60490000000004,24
9473,8455.744,523.431,24
2987,8455.0516,531.0974000000001,24
9048,8451.5994,468.98749999999995,24
2491,8448.5853,478.8431,24
3938,8446.7698,502.53970000000004,24
1454,8446.46,625.9767,24
3130,8444.2691,502.6261,24
5915,8437.1897,510.88230000000004,24
3729,8433.5066,797.318,24
2390,8433.5008,473.3476,24
3824,8430.6146,505.18379999999996,24
9277,8421.4164,769.7888,24
8345,8421.1746,533.7741,24
7676,8416.1893,462.3579,24
8413,8411.7055,532.5494,24
3829,8411.6882,727.0396000000001,24
2956,8410.8153,530.8902,24
5577,8410.2911,607.3169,24
5224,8404.0221,499.66659999999996,24
5340,8401.9796,511.38910000000004,24
8668,8399.5623,635.0227,24
8258,8393.9044,538.8673,24
2688,8390.0705,532.1662,24
9773,8388.322,813.1524,24
2919,8387.895,601.2402000000001,24
9092,8384.2809,582.6827,24
8262,8380.6156,472.7446,24
9355,8373.5964,511.7611,24
3058,8373.0619,540.567,24
1647,8372.437,789.2785,24
1747,8372.4284,789.2765999999999,24
8217,8370.5489,545.4944,24
8159,8365.5759,508.9268,24
7082,8363.5444,708.1677,24
1954,8360.0965,629.3378,24
3472,8357.3923,468.1235999999999,24
4764,8352.494,660.3415,24
7550,8349.1303,601.6188999999999,24
7450,8347.2147,599.3919,24
9035,8347.1978,500.30920000000003,24
8994,8343.9716,468.2685,24
8894,8343.9716,468.2685,24
5988,8343.3542,502.5379,24
1047,8342.2182,523.6879,24
1696,8339.8089,595.9454,24
7488,8336.7593,502.931,24
2831,8332.3668,507.9355,24
967,8331.2071,556.5477,24
8794,8330.648299999999,467.4733,24
8163,8328.6291,469.308,24
7584,8322.7205,585.5123,24
8214,8313.9583,480.48389999999995,24
7778,8313.9121,453.2665,24
7773,8311.7233,567.5979999999998,24
3017,8303.9112,739.4604999999999,24
8456,8300.8536,475.9534,24
1648,8300.0533,644.2205,24
2639,8298.5178,472.0993,24
6555,8297.2147,579.7157,24
4473,8296.7716,480.682,24
9593,8295.3619,1021.1192,24
3496,8294.2196,695.4353,24
7859,8293.2603,602.738,24
9555,8292.8241,510.1076,24
8850,8287.5943,456.92189999999994,24
8736,8287.0177,487.926,24
7223,8285.6655,537.9626,24
9021,8285.0259,493.9034,24
9121,8285.0142,493.9074,24
9220,8285.0142,493.9074,24
9120,8285.0142,493.9074,24
9221,8285.0142,493.9074,24
9122,8284.3485,493.8291,24
9320,8283.2703,493.79990000000004,24
7675,8282.8071,506.7517,24
8360,8278.4144,529.8444999999999,24
7538,8275.6299,614.1234999999999,24
8138,8274.4494,527.5535,24
3935,8273.6089,488.33649999999994,24
9219,8269.9671,492.98319999999995,24
3934,8268.4239,513.4607,24
7834,8268.1028,517.5349,24
8060,8266.9711,450.292,24
3158,8264.3635,532.6929,24
3524,8263.27,795.7641,24
8216,8261.6427,606.1705999999999,24
9319,8260.5533,492.3343,24
8980,8259.4868,999.7039,24
3465,8259.4823,488.21189999999996,24
8982,8255.2256,851.346,24
8832,8248.4082,531.3842,24
7873,8247.3891,569.4751,24
7774,8245.4034,569.3996,24
3483,8242.3788,522.4809,24
9487,8239.6347,791.7140999999999,24
8686,8235.3621,468.98429999999996,24
2788,8234.3946,534.5211,24
6592,8234.2911,517.6120999999999,24
4180,8229.8546,465.42810000000003,24
9321,8229.0807,490.45309999999995,24
3471,8227.289,508.4922,24
8712,8224.246,532.8424,24
2958,8222.0437,514.2656000000001,24
3525,8221.5078,766.221,24
4035,8212.6715,506.2673,24
2088,8208.5574,455.7896,24
7305,8207.0111,478.3895,24
5678,8202.8443,554.6241,24
3843,8195.9731,525.6352,24
5944,8186.6798,491.34849999999994,24
1649,8179.8985,673.1702,24
1749,8179.8985,673.1702,24
5725,8177.7926,542.0119,24
2638,8177.4239,502.3181,24
8769,8166.0216,566.8140999999999,24
8895,8164.7403,458.42139999999995,24
9455,8160.9181,502.7676,24
8357,8155.5502,500.9274,24
8136,8151.1625,492.55240000000003,24
8260,8148.2081,515.7927,24
7861,8144.8144999999995,464.7615,24
7959,8144.3951,455.6051,24
7960,8141.086,464.3847,24
7961,8141.086,464.3847,24
1697,8138.2020999999995,577.5986,24
7804,8134.154,484.04780000000005,24
8059,8132.9403999999995,454.35849999999994,24
7346,8122.1094,616.7645,24
8642,8121.5248,461.5564,24
8538,8120.8689,491.5333,24
5325,8119.974,474.627,24
6947,8115.924,555.5772999999999,24
6418,8115.6126,669.9302,24
868,8115.5969,522.0213,24
7937,8109.9011,507.1497,24
8537,8109.2602,489.73699999999997,24
49,8103.8965,420.9942,24
7246,8103.086,626.9123999999999,24
4682,8094.5175,636.1704000000001,24
2340,8093.7478,456.1353,24
9183,8090.8683,773.683,24
2484,8084.9052,577.3936,24
8417,8083.702,490.4398,24
6015,8079.985900000001,560.3425,24
8385,8077.1157,511.9059,24
1748,8075.9884,621.8211,24
9982,8073.5786,459.3546,24
7949,8073.3829000000005,482.0955,24
9493,8059.7726,944.3697,24
9782,8053.3686,473.0608,24
9263,8049.8613000000005,430.7223,24
1794,8049.592,632.4275,24
8730,8047.3316,520.3159,24
9968,8042.5903,453.0635,24
7576,8042.582,437.36390000000006,24
6115,8040.3998,539.4274,24
8139,8040.2294,514.744,24
4373,8038.5859,498.7464,24
3055,8034.9227,511.3823,24
3823,8032.5659,481.0711,24
1942,8032.3571,866.5722000000001,24
2044,8032.3571,866.5722000000001,24
1943,8031.9296,866.4842000000001,24
968,8031.8867,522.2042,24
9420,8030.9735,477.9352,24
1842,8030.1702000000005,866.1219000000001,24
7860,8028.1777,489.1161,24
2998,8026.3353,688.4272,24
3097,8026.3353,688.4272,24
3295,8026.3353,688.4272,24
3296,8026.3353,688.4272,24
3395,8026.3353,688.4272,24
3396,8026.3353,688.4272,24
2897,8026.3353,688.4272,24
2898,8026.3353,688.4272,24
2997,8026.3353,688.4272,24
3196,8026.3353,688.4272,24
3098,8026.304,688.424,24
5749,8026.1125,494.17490000000004,24
3397,8023.5018,688.0399,24
5649,8018.6105,526.7411999999999,24
3195,8016.0303,687.9151,24
8210,8013.641299999999,590.1148999999999,24
9264,8013.1357,426.759,24
9796,8008.407099999999,610.6356,24
9688,8007.8269,487.06159999999994,24
4663,8004.657,490.09670000000006,24
3394,8003.3451000000005,687.2816,24
3033,8002.5274,512.8725,24
6319,8000.853,652.7153000000001,24
9192,7996.911599999999,554.5983,24
4435,7996.0389,567.5546,24
3495,7995.0588,684.8857,24
9036,7992.3647,570.5704000000001,24
7588,7990.121,483.3456,24
7677,7987.3723,446.92179999999996,24
9037,7985.222699999999,568.0903,24
3238,7984.811100000001,466.1077,24
7637,7984.0817,494.12239999999997,24
8437,7977.5071,487.6673,24
2043,7975.3026,853.7907,24
8259,7973.9429,520.6125999999999,24
4181,7972.7214,567.8353999999999,24
2384,7969.955,534.2226,24
9589,7969.6329,998.47,24
3941,7966.5918,478.03020000000004,24
2889,7966.3167,504.2704,24
7104,7965.806,572.7395,24
7005,7965.806,572.7395,24
7105,7965.806,572.7395,24
6906,7963.1637,572.5714,24
4528,7962.0685,624.2702999999999,24
1066,7958.5106,524.0526,24
4177,7958.3895,461.4123,24
7759,7955.1714,580.2758,24
9694,7952.9276,649.0305999999999,24
2590,7950.0808,483.0628,24
2589,7950.0808,483.0628,24
2588,7948.6087,482.949,24
9874,7947.5886,625.4093,24
7381,7947.3471,443.8092,24
8860,7932.2091,552.3888000000001,24
7287,7931.591,484.53310000000005,24
8896,7927.7016,450.2676,24
8993,7926.4624,447.42,24
6113,7925.8489,493.2874,24
9079,7922.229,839.9413000000001,24
2690,7921.8784,481.5319,24
5979,7920.3889,572.5523000000001,24
9265,7918.150000000001,602.9033,24
9588,7916.9451,710.9912999999999,24
1758,7914.5997,715.0286000000001,24
8040,7912.4514,501.6149,24
8317,7906.4623,475.58400000000006,24
8544,7905.4142999999995,445.8221,24
3425,7902.4502,728.4751,24
5124,7899.5134,466.8033,24
4782,7898.5659000000005,551.9547,24
7760,7897.9843,576.4199000000001,24
5420,7896.157700000001,1154.6362000000001,24
1897,7892.6084,602.6298999999999,24
7874,7892.3861,542.6088,24
5918,7889.3291,509.1031,24
3099,7886.1563,678.7598,24
9920,7885.1703,465.72369999999995,24
7446,7884.776800000001,538.4066,24
3198,7883.9118,669.0061000000001,24
2285,7883.327499999999,565.8699,24
8450,7882.6799,658.5241,24
8643,7872.8333,453.6065,24
9260,7870.9565999999995,522.8768,24
1259,7869.5847,466.2302,24
3926,7868.5415,457.991,24
3197,7864.532,677.4689000000001,24
3095,7857.8147,633.2333,24
9222,7856.947099999999,461.7543,24
7006,7854.0909,564.632,24
7205,7852.1787,566.4644,24
8539,7844.7001,472.2146,24
3239,7843.148300000001,457.54730000000006,24
9774,7841.6282,672.4689000000001,24
3382,7839.1443,435.5345,24
3631,7836.0404,602.1707,24
4051,7833.9882,556.2342,24
1249,7833.8573,489.92190000000005,24
9673,7828.6579,646.0903000000001,24
4135,7827.8198,507.0393,24
9783,7827.2335,443.51919999999996,24
3096,7826.8956,674.9246,24
7979,7824.8162999999995,480.64799999999997,24
6881,7823.9633,664.3586,24
7106,7823.8917,562.4409,24
6213,7823.0275,488.3342,24
9093,7820.0393,524.1267,24
9681,7818.9101,487.3764,24
4538,7817.1638,556.7062,24
7736,7816.9916,515.4112,24
9218,7813.4808,464.5306,24
8150,7811.5022,471.69350000000003,24
9572,7810.8353,604.0794,24
1641,7807.8924,840.1429,24
4881,7805.307699999999,507.1981,24
9667,7800.8856,448.4579,24
6114,7798.695600000001,487.937,24
3640,7797.3169,546.6056,24
8516,7795.360000000001,504.2979,24
3366,7793.6169,484.5687,24
3364,7793.6169,484.5687,24
3365,7793.6169,484.5687,24
8795,7792.311000000001,437.9594,24
3484,7778.4856,491.39670000000007,24
6014,7777.397000000001,485.06050000000005,24
5887,7776.0394,452.6453,24
5227,7774.054700000001,456.6729,24
4182,7773.7589,563.3701,24
3630,7773.7293,482.0579,24
7386,7767.5063,558.2177,24
2289,7766.772,439.78330000000005,24
7237,7765.402700000001,573.6519999999999,24
6533,7764.296,572.7626,24
4134,7761.791,515.1047,24
5675,7757.7274,578.492,24
4438,7757.5125,555.2072000000001,24
8215,7757.0898,584.5707,24
4988,7755.4594,858.2923000000001,24
8046,7755.3167,453.294,24
6693,7752.7309000000005,449.02509999999995,24
5336,7749.250000000001,547.6871000000001,24
7914,7741.2636999999995,553.6632,24
3085,7740.4012,469.70799999999997,24
9767,7740.2432,423.41130000000004,24
9880,7738.6771,465.29029999999995,24
8361,7736.59,459.0325,24
3739,7736.113,477.81320000000005,24
1551,7733.5271999999995,499.89639999999997,24
8062,7733.3749,422.61620000000005,24
2591,7719.9923,467.693,24
9165,7716.2982,569.9468,24
2899,7716.088500000001,663.9168,24
9672,7715.9854000000005,612.4571,24
7659,7714.8042,563.7084,24
7494,7714.2101,441.1719,24
2784,7708.9071,544.1988,24
9390,7708.1211,812.1152,24
9387,7704.5452000000005,796.2452000000001,24
8468,7703.3566,526.9116,24
2487,7699.0008,461.1459,24
8285,7698.0738,493.0295,24
8937,7697.097299999999,460.1772,24
3350,7696.7018,438.6754,24
7052,7696.2937,506.229,24
3940,7691.9023,456.6581,24
4722,7691.744,534.4209,24
4721,7691.744,534.4209,24
7394,7687.7522,438.88349999999997,24
9675,7687.2543000000005,710.5444,24
6807,7685.8911,541.1494,24
8438,7681.2838,469.2193000000001,24
8644,7676.0342,425.55100000000004,24
6214,7672.8188,481.2243,24
4781,7669.2198,546.125,24
9148,7664.6291,433.52230000000003,24
5574,7662.6021,570.8007,24
4631,7662.0958,457.45320000000004,24
7147,7661.145,480.6566,24
3357,7660.817,497.11310000000003,24
7904,7660.6317,480.35579999999993,24
7004,7659.238600000001,552.1267,24
8742,7658.0331,434.09839999999997,24
2188,7657.5779,430.29560000000004,24
7737,7656.7347,523.7912,24
8140,7646.5416000000005,487.5783,24
3297,7645.7953,662.5573,24
3252,7643.119299999999,462.9414,24
7387,7642.4846,537.3619,24
5219,7639.2715,1247.1781999999998,24
8114,7637.1833,534.9093,24
3925,7632.4499,444.4728,24
9030,7627.6327,521.7254,24
2689,7624.5166,470.736,24
3199,7616.9982,660.5474,24
4082,7615.1977,553.3258999999999,24
4883,7614.2029,502.90250000000003,24
4882,7614.2029,502.90250000000003,24
7650,7606.5777,432.7889,24
8337,7605.3405,459.26740000000007,24
8238,7604.7479,471.9931,24
8518,7603.6791,500.7803,24
6079,7599.5141,479.0178,24
8347,7598.9571,474.52599999999995,24
8239,7597.6669,477.2358,24
5985,7596.1912,439.33599999999996,24
9038,7595.1627,436.8891,24
9292,7594.505,525.7762,24
9781,7590.919800000001,447.9852,24
847,7589.011,487.6879,24
7204,7585.0027,542.0189,24
2684,7584.1953,528.7405,24
2249,7582.1413999999995,787.3841,24
2440,7581.1934,436.67099999999994,24
949,7578.31,502.451,24
6492,7577.8623,492.5808,24
7882,7576.6457,603.3127,24
3032,7575.4798,449.3718,24
6893,7571.4783,461.3764,24
9791,7565.3459,463.8047,24
7983,7562.8131,602.3876,24
4621,7561.213,501.59540000000004,24
7782,7560.7029,596.8195,24
7883,7559.2367,602.2078,24
7982,7559.2367,602.2078,24
4822,7554.5584,506.3858,24
5337,7551.5293,618.8656000000001,24
8849,7550.2701,429.88749999999993,24
6883,7549.3861,693.8281999999999,24
7537,7549.126,571.0978,24
7783,7540.255,598.1251,24
2999,7539.3394,652.0842,24
5324,7538.2971,477.2424,24
6392,7535.6939,490.2142,24
1785,7533.8652,759.6421,24
5848,7529.8718,622.7614000000001,24
2932,7525.2068,444.731,24
5423,7523.3805,481.5268,24
8340,7521.2962,513.0383,24
4723,7518.6946,503.8555,24
6043,7518.166700000001,453.99320000000006,24
1254,7517.547,623.6487,24
2148,7515.8634,733.2285,24
448,7515.419,394.6365,24
7837,7512.9641,515.3525,24
4034,7509.1373,506.5058,24
9394,7508.6267,473.26079999999996,24
6084,7507.8562999999995,428.80770000000007,24
7349,7507.1515,535.3099,24
5424,7505.09,476.42420000000004,24
1990,7497.9146,470.17379999999997,24
8743,7495.1313,423.69820000000004,24
3939,7493.9603,434.68600000000004,24
8005,7493.271,458.8689,24
2837,7490.8618,462.40110000000004,24
4081,7485.9769,547.6744000000001,24
9798,7484.62,517.1468,24
6983,7483.8442,699.5629,24
6982,7483.8442,699.5629,24
7083,7483.8442,699.5629,24
9293,7480.9376,444.60209999999995,24
8741,7480.2159,424.7375,24
3356,7480.2051,438.84900000000005,24
2640,7479.6487,429.76930000000004,24
8014,7475.0,523.4153,24
9847,7470.7044000000005,556.5448,24
5627,7466.1467999999995,491.85569999999996,24
6215,7464.5922,469.3397,24
5220,7460.740400000001,1069.2648000000002,24
4992,7458.7063,633.2962,24
8444,7458.2507000000005,438.7373,24
2789,7456.1933,473.0775,24
5524,7453.6779,474.22740000000005,24
7536,7453.558,566.0609000000001,24
9137,7451.5112,512.1696,24
7947,7447.4618,611.0636,24
1165,7446.0014,406.66880000000003,24
1354,7445.5761,500.4741,24
4530,7443.8721,559.0549,24
9164,7438.3512,391.5011,24
7548,7437.1114,631.6274999999999,24
2346,7436.0818,822.3891,24
3383,7434.8676,461.19129999999996,24
2931,7432.8985999999995,430.1779,24
3363,7429.4394,460.998,24
1065,7423.6655,425.1384,24
2884,7418.5998,475.2451,24
9163,7415.8005,395.7985,24
8110,7411.8156,564.2627,24
3039,7409.1149,426.7981,24
1447,7406.6438,446.1165,24
7587,7403.7219000000005,459.4429,24
5943,7402.9863000000005,446.91970000000003,24
1784,7400.7336000000005,697.1296,24
7487,7400.1332,466.0319,24
2490,7399.8454,438.2259,24
9069,7398.097299999999,562.3371999999999,24
7438,7395.6255,559.2221,24
5425,7394.7721,454.18010000000004,24
8536,7393.5532,440.5835000000001,24
7437,7389.6869,558.7157000000001,24
7910,7379.6871,445.78380000000004,24
7547,7378.3656,662.4366,24
5817,7376.9109,472.24670000000003,24
9138,7369.6204,510.4193,24
2637,7369.4934,511.81089999999995,24
9391,7367.6284000000005,792.0723,24
1549,7367.1548,541.8376000000001,24
8247,7366.8294000000005,499.61469999999997,24
8149,7364.9088,454.16499999999996,24
3942,7364.2781,461.5638,24
8480,7364.1066,440.97580000000005,24
1148,7354.8144,491.7409,24
8418,7347.7254,425.31399999999996,24
7706,7347.3259,439.1146,24
7906,7347.3259,439.1146,24
7806,7347.3259,439.1146,24
7707,7347.3259,439.1146,24
7807,7347.2542,438.7059,24
7907,7343.5342,417.9854,24
2896,7343.3262,610.7919,24
7594,7342.467900000001,419.5644,24
869,7337.005,520.1202,24
870,7337.005,520.1202,24
7808,7334.9194,415.06339999999994,24
4324,7331.771000000001,511.25199999999995,24
9086,7330.3588,547.1707,24
969,7328.7065,518.6048,24
7908,7327.3133,443.6776,24
7909,7327.3133,443.6776,24
1049,7327.1266,492.21180000000004,24
1149,7327.1266,492.21180000000004,24
7809,7325.1635,443.5566,24
1048,7324.7208,492.0457,24
2540,7322.7991,423.7144,24
8209,7320.8863,558.7186,24
970,7320.0801,515.6409,24
7674,7318.9155,442.5659,24
9419,7318.6416,433.9259,24
6907,7315.4101,523.3183999999999,24
6380,7313.9338,583.8996999999999,24
6180,7310.5997,487.8382,24
2284,7309.6623,542.2009,24
8486,7308.5582,481.21979999999996,24
8009,7304.0842,437.4057,24
9586,7303.2657,509.08939999999996,24
1695,7302.725100000001,429.54499999999996,24
8008,7300.402,453.9263,24
6294,7299.6177,421.6958,24
7350,7294.8341,508.6709,24
7832,7294.303,413.1731,24
6696,7294.2282,464.6149,24
5680,7293.8078,461.37559999999996,24
8108,7292.9276,558.2825,24
8479,7284.9202,439.0409000000001,24
9745,7284.5024,557.8241,24
8109,7284.323,557.4675,24
7911,7282.195,448.9525,24
1788,7281.414699999999,468.7134,24
9600,7281.4132,473.13930000000005,24
2830,7273.2466,459.78669999999994,24
7976,7271.3908,398.1302,24
9499,7266.9021999999995,473.1524,24
7436,7265.3736,548.1129,24
2489,7264.6840999999995,430.09739999999994,24
1891,7263.3489,467.7392,24
1890,7263.2549,467.773,24
1889,7263.2549,467.773,24
1789,7263.2549,467.773,24
1790,7263.2549,467.773,24
1689,7263.2549,467.773,24
1455,7263.2277,493.0833,24
3976,7262.8867,461.0623,24
8241,7261.8429,526.1379000000001,24
4884,7256.7662,477.80879999999996,24
9748,7255.0265,540.7112000000001,24
7336,7253.577,547.8678,24
7228,7253.1639000000005,566.9100000000001,24
3841,7252.0213,452.1019,24
4622,7251.9889,483.7446,24
7912,7245.793,466.88870000000003,24
7473,7245.6522,413.5259,24
7337,7244.634,546.3441,24
6295,7242.8501,438.05170000000004,24
7862,7240.8313,407.2634,24
8439,7239.7849,438.2233,24
9322,7237.4923,415.336,24
4577,7236.4088,607.8052,24
1153,7236.215999999999,514.9808,24
7708,7234.0244,423.93319999999994,24
9373,7232.8976,436.6242,24
8948,7231.661599999999,385.1382,24
3324,7227.1184,699.9079,24
5237,7226.773,533.3937,24
2046,7222.483700000001,568.7943,24
2738,7220.388,557.428,24
1894,7219.6941,592.4042,24
8095,7216.6404,448.8053,24
9744,7215.5380000000005,586.2610999999999,24
3982,7215.0849,525.4807,24
1646,7210.3859999999995,641.5263,24
1742,7204.6564,771.5755,24
7485,7204.4668,470.247,24
9687,7202.9584,465.4887,24
9845,7201.8561,513.4416,24
7851,7201.281,428.1922,24
1787,7199.6203,561.8873,24
1690,7198.3042000000005,463.6343,24
8861,7197.5813,473.2546,24
2930,7194.6341,453.41769999999997,24
8829,7191.2307,437.76759999999996,24
3743,7191.1862,428.12669999999997,24
8446,7189.438,463.8395,24
9118,7183.9753,424.07820000000004,24
6188,7179.3778,439.5011,24
7943,7178.6157,426.5987,24
8007,7178.0808,468.63840000000005,24
2541,7175.9791,414.0864,24
2737,7174.6461,549.0167,24
3226,7172.0635,625.2539999999999,24
2492,7171.5831,400.8941,24
2553,7170.2953,419.3483,24
8938,7169.4924,424.5467,24
8135,7164.3556,441.28819999999996,24
3294,7159.7292,597.3966999999999,24
8463,7158.8992,421.46320000000003,24
6744,7158.8904999999995,431.5761,24
3469,7150.6457,395.82090000000005,24
6013,7146.4282,444.1471,24
3031,7144.0746,414.4018,24
8483,7137.49,427.6767,24
9494,7132.3109,692.4005999999999,24
848,7124.617,473.35560000000004,24
8837,7120.2276,402.46060000000006,24
1849,7118.786,406.3988,24
3351,7118.3794,403.4267,24
5318,7110.6532,792.3975,24
948,7109.6159,479.7749,24
5699,7108.2442,433.0988,24
5799,7107.3488,433.0884,24
5698,7106.9748,433.0443,24
9686,7104.9773,463.28290000000004,24
7785,7104.218,430.5871,24
8517,7100.1106,477.4774,24
1888,7099.9139,456.30899999999997,24
7946,7098.8399,491.30899999999997,24
1688,7097.6098,457.7849,24
9285,7096.013,504.62579999999997,24
6080,7090.6109,470.083,24
7323,7090.0859,671.3308,24
8042,7087.6077,424.2919,24
6680,7085.888,603.9217,24
5700,7080.8823,427.9547999999999,24
1547,7075.7226,536.9262,24
9085,7072.5274,535.711,24
9392,7069.3148,511.12969999999996,24
7913,7068.2369,533.1872,24
8737,7066.8627,426.30190000000005,24
9176,7066.0066,583.1333999999999,24
8362,7063.5702,415.1756,24
9983,7063.4269,409.8092,24
5980,7058.6643,478.27139999999997,24
8240,7056.0547,516.5287,24
9763,7055.2194,418.9596,24
8445,7051.784100000001,449.1372,24
4525,7049.1499,457.9333,24
5527,7047.9511,457.451,24
9500,7044.2831,459.0729,24
9185,7043.6123,525.7577,24
7784,7042.3165,443.0596,24
8412,7041.6845,619.6874,24
4821,7041.5049,489.90479999999997,24
9489,7040.5813,941.7863,24
4274,7038.2802,436.4796,24
5323,7038.1137,449.63379999999995,24
8838,7038.0238,424.3378,24
7206,7036.5709,508.69949999999994,24
8004,7036.3551,481.472,24
9033,7035.8166,400.8446,24
7758,7029.6959,532.7514000000001,24
4424,7022.3036,503.61749999999995,24
2996,7021.2502,620.4642,24
6905,7019.9731,508.2854,24
9291,7017.38,497.77799999999996,24
7417,7015.6474,629.6162,24
1884,7013.793,650.9535999999999,24
3582,7010.6897,418.1462,24
5482,7010.2531,609.1886,24
9867,7007.6613,401.95320000000004,24
9587,7006.347299999999,508.1159,24
9162,7004.4185,437.4791,24
8545,7002.1547,445.5009,24
1694,6999.9237,476.81140000000005,24
4521,6999.3245,410.7427,24
7474,6984.657999999999,467.2804,24
9663,6981.7941,420.92330000000004,24
1791,6977.3432,448.4606,24
5881,6975.3092,431.5384,24
9061,6972.9232,490.19210000000004,24
9161,6972.0751,490.2436,24
7607,6968.6293,412.9859,24
1450,6966.6052,485.1455000000001,24
3216,6963.1376,451.7718,24
7705,6957.9644,414.1023,24
2753,6956.2512,400.5537,24
9031,6955.1823,466.0526,24
8078,6952.1927,454.55760000000004,24
9488,6945.276800000001,727.1479,24
7850,6943.5211,414.5584,24
9967,6943.3458,399.3596,24
3132,6943.3105,403.40779999999995,24
2836,6940.7326,597.0444,24
3298,6939.294,588.6544,24
4126,6938.3314,458.5168,24
4780,6936.5882,413.0902,24
5177,6929.8894,427.58450000000005,24
9944,6929.3903,424.6193,24
8248,6929.1897,476.4216,24
1451,6924.6133,472.00789999999995,24
8077,6920.8947,453.1906,24
6926,6917.512,447.5417,24
3838,6916.7252,436.70810000000006,24
7328,6914.1402,545.8199999999999,24
2735,6914.0378,391.4886,24
1449,6906.260899999999,438.9914999999999,24
7941,6902.5437999999995,426.17539999999997,24
8233,6899.309,423.52010000000007,24
1687,6898.9288,684.2545,24
8503,6897.0087,532.4117,24
7448,6894.5887999999995,493.19899999999996,24
1058,6891.6673,407.13509999999997,24
6892,6891.1287,438.92230000000006,24
6791,6891.1287,438.92230000000006,24
6792,6891.1287,438.92230000000006,24
6891,6890.7603,438.91110000000003,24
8645,6890.4808,405.89649999999995,24
6243,6890.2579,567.3386,24
6692,6889.9455,438.8758,24
9649,6889.9332,396.5811,24
6793,6888.4258,438.7164,24
8318,6886.6458,390.7378,24
1589,6883.9907,436.879,24
2488,6883.8916,400.6708,24
8339,6883.522800000001,427.6737,24
3133,6881.5648,401.2345,24
3460,6880.4349999999995,372.88430000000005,24
5477,6879.7374,411.697,24
4235,6877.2634,530.6831,24
8338,6876.214,419.46630000000005,24
2153,6871.3217,377.3749,24
6635,6863.9746000000005,629.8290999999999,24
2053,6863.9597,377.91650000000004,24
2054,6861.349200000001,375.8516,24
7978,6860.152,450.9842,24
7750,6853.5647,410.084,24
8249,6845.9676,436.5135,24
5914,6840.769200000001,427.28279999999995,24
1548,6836.5059,451.0382,24
1550,6832.7772,476.45880000000005,24
7709,6829.9545,398.38899999999995,24
3924,6829.9064,400.04749999999996,24
5800,6828.873,400.3977,24
1252,6827.3727,541.996,24
1070,6825.9128,398.3159,24
9022,6824.5942,428.58140000000003,24
7942,6824.3958999999995,415.7301,24
4623,6823.1261,478.95019999999994,24
3184,6818.7702,454.9579,24
8141,6815.9439,453.5794,24
9992,6813.4187,390.7455,24
4875,6809.9516,390.19969999999995,24
2938,6806.6818,431.38759999999996,24
3578,6801.501,381.9731,24
8482,6796.4372,443.2969,24
4233,6794.927900000001,398.1373,24
2152,6792.6644,383.2412,24
1557,6791.0785,562.0248,24
7447,6786.1376,594.4344,24
3842,6785.1255,475.9747,24
7606,6785.0289,401.79729999999995,24
3622,6781.4907,658.6384,24
7751,6778.9159,406.77450000000005,24
2042,6777.8885,551.6663,24
8701,6777.5472,483.49559999999997,24
1686,6774.975,716.5413000000001,24
7517,6770.903,596.1527,24
9177,6770.7923,566.7281999999999,24
1658,6758.5656,557.9557000000001,24
7877,6753.5932,373.70849999999996,24
4532,6752.3085,395.6685,24
1158,6751.447,400.0004,24
4282,6748.5894,430.1319,24
4178,6747.5998,367.60929999999996,24
5518,6745.860000000001,1173.8852000000002,24
2855,6745.2898,393.3505,24
8294,6743.9135,434.96899999999994,24
9549,6738.4498,412.91190000000006,24
3497,6736.7587,466.3655,24
7805,6736.1185,400.08039999999994,24
9448,6736.103,412.84749999999997,24
4524,6735.5629,481.3861,24
9449,6734.7056,412.7735,24
9379,6734.6606,560.5825,24
2838,6734.1351,417.2878,24
4522,6733.1465,479.99670000000003,24
3744,6732.7029999999995,411.14209999999997,24
9548,6728.7968,412.45590000000004,24
4234,6726.24,502.45399999999995,24
4624,6721.9442,486.87030000000004,24
9041,6721.8994999999995,380.04749999999996,24
1057,6721.231,398.43049999999994,24
1885,6717.5998,609.9828,24
4523,6716.0779,486.5621,24
1446,6715.5133,461.9945,24
7388,6712.8741,392.247,24
2052,6712.8157,379.0946,24
4681,6708.0896999999995,456.43499999999995,24
9348,6707.1168,411.13250000000005,24
9349,6707.1125,411.13250000000005,24
2736,6705.7082,441.0119,24
1546,6705.5353,465.21819999999997,24
1558,6704.428,551.1802,24
8104,6698.4073,472.52419999999995,24
9882,6697.9929,398.97749999999996,24
3240,6693.2961,388.0804,24
3644,6692.8201,409.52549999999997,24
3645,6692.8201,409.52549999999997,24
3745,6692.8201,409.52549999999997,24
3646,6692.8201,409.52549999999997,24
3449,6688.4731,385.67409999999995,24
1258,6687.1749,413.52070000000003,24
2286,6686.0508,406.7383,24
4626,6684.9179,510.3043,24
1991,6683.2321,410.49690000000004,24
5642,6681.5871,437.6935,24
7905,6680.0892,398.7144,24
7810,6678.8459,397.00530000000003,24
9247,6678.1306,409.0357,24
8208,6672.705099999999,498.176,24
1445,6672.4035,458.73130000000003,24
3742,6671.8226,449.9409,24
9447,6670.6736,405.4882,24
9566,6666.6625,407.14480000000003,24
9873,6665.5268,570.8299,24
6216,6659.6912,398.8263999999999,24
9746,6658.8443,498.73290000000003,24
7930,6657.9832,415.2739,24
1883,6656.6413,605.2813,24
3461,6653.7159,358.5493,24
3561,6652.0219,358.5348,24
770,6648.8534,463.961,24
7777,6646.7346,377.67869999999994,24
7418,6646.1445,562.4405,24
7575,6644.029,378.7801,24
6480,6640.405,575.1269,24
8842,6637.8821,377.68839999999994,24
1456,6637.7143,485.05000000000007,24
9997,6633.0432,415.94050000000004,24
6081,6632.7035000000005,462.70590000000004,24
9963,6632.1491,376.6911,24
6691,6627.8572,419.4341,24
4625,6624.1205,432.7614,24
8796,6623.098,428.53720000000004,24
1545,6620.0864,455.6835,24
1786,6619.4144,704.6448,24
9186,6618.5752,503.015,24
8942,6618.116,377.25469999999996,24
8941,6618.116,377.25469999999996,24
8841,6618.116,377.25469999999996,24
1848,6617.0719,419.0018,24
947,6615.5355,449.1005,24
9642,6614.6578,504.094,24
2240,6614.5205,363.05800000000005,24
3839,6609.3312,417.4262,24
9846,6597.4776,496.1075,24
3450,6595.2095,415.748,24
1157,6591.6146,400.4554,24
3643,6587.2431,403.8433,24
9077,6586.1086,537.5658000000001,24
3981,6583.9774,399.10929999999996,24
8968,6577.1707,507.7001,24
2900,6576.1323,583.2627,24
8684,6572.6667,365.1136,24
9747,6571.6959,494.43899999999996,24
7124,6571.2225,411.8552,24
3283,6569.9904,430.3623,24
1170,6569.1235,434.7077,24
7024,6568.1526,411.6421,24
1950,6565.9853,374.2741,24
9042,6563.4842,373.4927,24
1355,6563.2216,484.9054,24
6383,6562.9049,573.1236,24
9139,6559.9742,356.6778,24
4925,6558.5996000000005,461.45400000000006,24
9998,6558.3097,418.32030000000003,24
9039,6557.3245,387.7819,24
5674,6554.555,428.0443,24
8634,6552.1911,389.50919999999996,24
5326,6551.4418,401.5677,24
2955,6550.1812,395.0205,24
6597,6548.0685,457.1283,24
5081,6545.0327,659.3589999999999,24
4823,6542.8664,434.6047,24
8940,6536.0786,375.6726,24
5899,6529.3141,385.1884,24
3054,6529.264,392.8683,24
1257,6524.9503,432.2239,24
2051,6520.3151,371.47659999999996,24
1949,6517.5626,407.9296,24
3182,6514.7602,440.22170000000006,24
3282,6514.7602,440.22170000000006,24
3183,6514.2136,440.19669999999996,24
7722,6513.8006,996.3138,24
8695,6511.6049,380.18100000000004,24
1951,6510.3593,369.8826,24
7236,6504.9927,504.8331,24
9248,6504.3936,397.6121,24
1783,6502.1324,586.8848,24
3840,6490.5932,381.6293999999999,24
1896,6485.846100000001,453.4363,24
3545,6484.1256,396.519,24
7863,6479.5728,394.70709999999997,24
8693,6479.0562,416.0602,24
7962,6477.280299999999,357.82089999999994,24
4423,6475.972,460.6993,24
7203,6474.2606000000005,432.73290000000003,24
9648,6474.1461,382.7274,24
8105,6466.436900000001,462.8112,24
8230,6464.1047,414.5217,24
9881,6461.9959,385.8717,24
4724,6460.8458,415.7697,24
8107,6460.1155,481.5428,24
4476,6459.4036,548.3625,24
8939,6457.6029,401.2343000000001,24
2441,6456.6353,362.0222,24
7375,6456.0213,363.5636,24
5327,6455.6657000000005,394.1489,24
3567,6455.3505,406.19789999999995,24
5321,6447.402,577.396,24
2050,6446.7982,371.4334,24
5440,6445.5808,412.86310000000003,24
6580,6444.9519,571.9224,24
6948,6436.5977,441.49379999999996,24
9062,6429.4041,419.2481,24
8617,6428.367700000001,412.80100000000004,24
6588,6427.9095,647.1514,24
6688,6427.5192,647.3489,24
6689,6427.3421,647.47,24
3421,6424.2723,483.986,24
9289,6423.9713,395.601,24
3327,6423.352,397.267,24
5798,6422.6061,369.13910000000004,24
9040,6421.9284,364.85580000000004,24
8615,6421.4083,402.204,24
6949,6418.8519,421.30390000000006,24
9645,6417.4529999999995,396.4144,24
4527,6416.3299,512.2785,24
1067,6414.5698,382.5019,24
7977,6412.9845000000005,402.0325,24
7994,6408.2312,394.1565,24
8464,6406.643,377.49379999999996,24
4421,6403.4301000000005,385.13100000000003,24
9246,6397.5338,369.9581,24
1253,6392.9745,448.9623,24
9974,6391.138,528.8112,24
9378,6390.6009,647.1067,24
2387,6389.820900000001,372.19010000000003,24
3053,6388.6871,382.1137,24
7317,6387.1512,552.7855,24
8485,6386.9171,367.0148,24
2952,6385.9231,381.6189,24
2854,6385.6031,381.56200000000007,24
2954,6385.6031,381.56200000000007,24
2953,6385.6031,381.56200000000007,24
8593,6372.4101,411.1132,24
8204,6371.3081,460.5477,24
7775,6370.3937000000005,425.5943,24
8006,6366.2921,374.2216,24
8263,6365.9841,353.4096,24
5426,6365.3351999999995,391.41869999999994,24
2853,6360.0972,380.14360000000005,24
8694,6357.679,400.1508,24
8711,6356.1452,393.86719999999997,24
4334,6350.8399,466.2272,24
8984,6349.014,415.754,24
9988,6348.8938,346.0724,24
3984,6347.5071,410.13329999999996,24
2389,6341.4888,370.80310000000003,24
1046,6340.7015,371.5517,24
7816,6339.733200000001,371.6514000000001,24
9123,6339.1605,355.84620000000007,24
8250,6337.7355,429.9066,24
3186,6336.4728000000005,360.1561,24
5223,6332.8189999999995,419.06520000000006,24
6481,6330.0187,591.9276,24
2288,6329.0528,370.0881,24
2287,6329.0528,370.0881,24
2388,6329.0528,370.0881,24
9766,6328.4383,376.95120000000003,24
8306,6327.4603,456.97720000000004,24
8307,6327.4603,456.97720000000004,24
8507,6327.4603,456.97720000000004,24
8206,6327.4603,456.97720000000004,24
8407,6327.4603,456.97720000000004,24
8506,6327.4603,456.97720000000004,24
8606,6327.4603,456.97720000000004,24
8508,6327.4603,456.97720000000004,24
8408,6327.4603,456.97720000000004,24
8205,6327.2714,456.95990000000006,24
8404,6327.0978000000005,456.9439,24
7831,6326.1264,476.4741,24
8304,6325.699,456.8155,24
8405,6325.6235,456.80860000000007,24
8406,6324.4746000000005,456.7031,24
9644,6322.892,395.5324,24
8403,6321.9386,456.5292,24
2657,6319.0389,447.30589999999995,24
1586,6317.8996,646.3214,24
9329,6310.7663,440.70169999999996,24
9565,6309.8504,385.4798,24
7133,6306.9818000000005,506.1427,24
9674,6303.9609,598.9706,24
5282,6303.3744,606.1085,24
9966,6303.1084,374.8144,24
2683,6300.0671,491.0855,24
2699,6298.6422999999995,369.9008,24
7123,6297.8541,395.02549999999997,24
6417,6296.9418000000005,468.4037,24
2682,6296.0688,490.56669999999997,24
2783,6288.6212000000005,489.24850000000004,24
8148,6287.9057,378.48170000000005,24
4582,6287.0111,411.64439999999996,24
5100,6286.2287,364.17789999999997,24
7037,6284.3686,453.2655,24
3494,6283.9823,513.0231000000001,24
2151,6282.4800000000005,358.08410000000003,24
6381,6280.2275,565.5901,24
9001,6279.2963,453.53030000000007,24
8505,6277.8829,453.43699999999995,24
9564,6271.7936,383.1689,24
9665,6271.7936,383.1689,24
9666,6271.7936,383.1689,24
9764,6271.7936,383.1689,24
9664,6271.7936,383.1689,24
7648,6271.3595000000005,480.86400000000003,24
5981,6270.087,438.8915,24
5199,6268.588,363.457,24
9765,6267.2938,382.8302,24
3546,6265.3977,355.9647,24
8308,6265.371,452.0349,24
9136,6263.3192,383.6438,24
9065,6262.673,398.5136,24
9032,6257.4425,393.9768,24
6082,6256.3535,473.7305,24
3518,6254.5132,327.4754,24
1156,6252.4555,448.0029,24
2091,6252.3453,345.2601,24
9863,6251.3887,382.4966,24
8493,6250.7031,408.2132,24
1457,6248.5805,492.9631,24
2852,6248.5194,373.9383,24
4824,6243.418,437.8206,24
3152,6242.1121,391.66639999999995,24
8232,6241.070900000001,480.57399999999996,24
7035,6239.465,517.5143,24
6789,6232.032,581.96,24
1256,6230.2684,422.7909,24
8207,6225.2784,449.5997,24
2641,6221.1693,352.51259999999996,24
4923,6220.3105000000005,438.9195,24
7007,6216.6283,451.9663,24
3740,6215.7586,388.9851,24
7694,6213.8730000000005,363.46380000000005,24
3052,6213.2912,383.23209999999995,24
8332,6213.0046,470.1191,24
9547,6211.742,360.617,24
5024,6211.3919,439.3893,24
4924,6211.3919,439.3893,24
9996,6208.5488,422.726,24
9864,6204.4105,372.3425,24
1255,6203.5981,410.63649999999996,24
8331,6202.7576,470.16089999999997,24
946,6201.6081,365.5883,24
8607,6201.5469,444.1634,24
4981,6198.6145,604.5489,24
1448,6197.4829,376.5388,24
5099,6191.9819,359.745,24
1458,6187.0893,493.3805,24
3923,6185.7513,399.20560000000006,24
3983,6182.49,439.20590000000004,24
5023,6181.6095,420.3056,24
9866,6180.4299,368.5638,24
9883,6178.7634,371.5854,24
9647,6177.935,414.5015,24
8816,6177.2623,487.4343,24
3741,6176.165,399.4799,24
9641,6174.0884,484.98269999999997,24
9842,6173.9822,484.9775,24
9742,6173.9822,484.9775,24
6313,6169.3076,370.4226,24
5200,6168.7547,349.69000000000005,24
9374,6166.7684,387.2827,24
9345,6163.1041000000005,390.42370000000005,24
6280,6161.4538999999995,550.65,24
1948,6158.8956,396.2601,24
5913,6157.7664,375.82179999999994,24
9543,6156.5256,393.8557,24
6194,6151.0766,381.1187,24
8305,6148.153499999999,443.217,24
3030,6147.2626,345.52540000000005,24
7033,6143.427,527.6696,24
1559,6142.465,500.8366,24
2149,6140.7516,470.7482,24
5523,6136.9488,418.14029999999997,24
8041,6136.7049,374.26919999999996,24
9017,6133.408100000001,496.1096,24
2143,6133.1405,387.1564,24
9238,6131.1533,368.7525,24
2049,6130.643,465.88930000000005,24
3339,6128.6148,353.3421,24
3338,6128.6148,353.3421,24
9740,6128.2907000000005,481.1369,24
1590,6126.9261,394.4135,24
8147,6126.1738000000005,356.6996,24
3439,6122.2053,352.7035,24
3086,6118.3813,353.79179999999997,24
5599,6118.0075,342.5262,24
9278,6114.3991,592.1246,24
3299,6108.6327,482.67650000000003,24
4420,6108.0276,361.25629999999995,24
6212,6106.1433,364.0052,24
5673,6101.2952000000005,612.4010000000001,24
3440,6097.5825,351.408,24
9545,6093.7369,394.165,24
8393,6091.5985,406.3891,24
9544,6090.8497,394.02329999999995,24
5581,6088.2918,530.3936,24
9741,6081.818,477.2305,24
8196,6081.5221,373.33680000000004,24
9844,6080.0923,528.5034,24
8116,6079.3332,415.98240000000004,24
9346,6076.3959,354.43219999999997,24
7034,6076.0384,529.06,24
1895,6075.7894,450.8144,24
2056,6074.3016,444.4165,24
8504,6070.4693,439.87660000000005,24
7573,6067.4603,353.7466,24
4183,6061.126,434.1293,24
7574,6060.9539,353.57,24
7247,6060.7136,393.37010000000004,24
9865,6059.2588,340.62649999999996,24
3468,6055.8673,349.231,24
2530,6055.6459,357.6305,24
6806,6055.0313,435.4557,24
647,6054.9636,402.03360000000004,24
8916,6054.9221,509.27230000000003,24
8915,6054.9221,509.27230000000003,24
8917,6054.9221,509.27230000000003,24
3568,6052.6596,389.0055,24
8601,6052.413500000001,480.58189999999996,24
9016,6052.1947,509.04699999999997,24
5600,6049.3677,341.2417,24
9130,6045.7565,400.1951,24
3084,6045.0742,380.14419999999996,24
8348,6042.8897,499.05459999999994,24
8594,6042.1023,395.51750000000004,24
9229,6042.0874,410.2849,24
3340,6041.4577,348.21779999999995,24
8350,6039.767,420.6051,24
1071,6039.4999,404.3878,24
9088,6039.049599999999,386.67189999999994,24
6083,6038.5167,494.4552,24
9743,6035.4302,398.6932,24
9393,6032.8396,409.2586,24
2799,6030.4983,447.84799999999996,24
1858,6029.734100000001,507.052,24
7318,6029.2439,499.5438,24
9444,6027.9547,387.83230000000003,24
8106,6026.9183,433.52389999999997,24
2634,6018.7925,347.0754,24
7525,6014.311,550.9793999999999,24
4922,6013.8101,416.3219,24
6882,6011.1084,619.8733,24
7776,6009.4096,341.9231,24
2542,6003.129,343.8219,24
1691,5997.9419,384.3701,24
7812,5997.2338,398.9583,24
7036,5994.6733,457.51559999999995,24
6985,5993.9958,400.32970000000006,24
4084,5993.2672,394.3113000000001,24
650,5989.413500000001,344.8459,24
7416,5988.4596,529.0662,24
8961,5987.4634,413.9407,24
6790,5986.7751,333.595,24
8815,5986.7584,498.7057,24
9646,5984.628900000001,381.1444,24
8003,5983.7799,430.85220000000004,24
846,5982.067,381.73210000000006,24
9964,5979.2202,360.9569,24
9965,5973.3657,362.2828,24
9184,5972.7229,388.2701,24
7411,5965.8579,368.00989999999996,24
9643,5964.7433,353.8534,24
6788,5964.7313,538.0209,24
9546,5963.0823,384.2605,24
2951,5957.3755,370.1263,24
8115,5955.1248000000005,395.78650000000005,24
6088,5951.3405,351.8558,24
5123,5948.3104,423.18340000000006,24
8732,5945.8741,371.21959999999996,24
1353,5939.9374,446.9212,24
8198,5937.9839,323.693,24
9445,5937.5991,383.903,24
1400,5936.7438999999995,467.4275,24
1159,5935.6249,347.9709,24
4375,5932.2248,419.3204,24
8744,5932.0875,340.7774,24
9084,5931.8741,398.8191,24
6343,5920.001,429.4436,24
8117,5918.8871,375.1322,24
8394,5916.5253999999995,393.87350000000004,24
8784,5914.7274,364.5817,24
9421,5913.0217,347.50300000000004,24
9921,5912.5035,332.16429999999997,24
1069,5909.7952000000005,331.7321,24
8231,5909.3042000000005,465.4295,24
9063,5907.4533,400.76189999999997,24
4430,5905.3624,383.6966,24
7894,5904.3123,338.057,24
7103,5903.7557,416.6358,24
1440,5903.7226,359.3495,24
6181,5901.5603,515.7651000000001,24
8522,5898.4967,324.9472,24
2150,5898.0555,356.43219999999997,24
2154,5891.9235,400.59619999999995,24
8295,5884.840999999999,391.54549999999995,24
6196,5879.9492,365.3142,24
6197,5879.9492,365.3142,24
6195,5879.641799999999,365.1642,24
1356,5877.4442,442.9782,24
6096,5877.2842,365.15250000000003,24
6937,5876.5086,436.698,24
8962,5876.1944,396.2347,24
2344,5875.430899999999,353.32579999999996,24
1984,5872.0674,568.1165,24
4382,5871.6525,344.9367,24
8929,5871.2298,344.6783,24
5129,5869.9578,342.16869999999994,24
8822,5868.2794,434.28490000000005,24
6112,5867.3319,351.85089999999997,24
9223,5862.6094,355.208,24
7794,5862.4938,340.5239,24
2341,5860.784799999999,338.16299999999995,24
9117,5858.1797,355.609,24
9797,5857.837500000001,442.7238,24
7823,5856.5252,720.3695,24
6936,5852.8221,460.2437,24
4080,5848.5051,343.0002,24
7435,5846.9034,465.9951,24
9178,5840.3033,521.3744,24
1063,5840.121,360.905,24
2782,5839.651,413.27959999999996,24
9898,5839.017,441.2785,24
9897,5839.017,441.2785,24
7134,5837.0851,472.269,24
6993,5832.7371,328.4057,24
3978,5830.6862,344.9746,24
9446,5827.404,354.8009,24
8465,5826.666,333.65889999999996,24
8963,5825.79,395.87149999999997,24
9896,5817.8759,438.8974,24
747,5815.258,398.6576,24
8321,5815.2434,314.3418,24
3000,5814.2949,466.3262,24
2185,5813.0983,427.8664,24
2798,5808.5251,409.1941,24
3347,5808.4486,355.2998,24
3348,5808.4486,355.2998,24
3447,5808.4486,355.2998,24
2790,5807.9641,359.14289999999994,24
3446,5803.8458,355.04200000000003,24
3448,5803.2176,355.13230000000004,24
8131,5802.203399999999,385.33949999999993,24
1792,5801.4865,371.1093000000001,24
6283,5798.9984,529.6749,24
6836,5797.325,455.94190000000003,24
8817,5796.0741,440.38879999999995,24
9225,5794.3696,354.6842,24
9224,5794.3696,354.6842,24
9323,5794.3696,354.6842,24
7734,5792.9899,447.6826,24
854,5791.7633,367.35380000000004,24
3083,5790.7362,370.4432,24
9324,5790.342900000001,355.336,24
4083,5790.2124,419.155,24
7475,5787.7001,336.6587,24
4976,5785.7011,408.4605,24
9124,5785.6346,351.0823,24
5331,5784.1545,348.2333,24
9318,5783.3466,339.2691,24
1651,5783.0439,411.18919999999997,24
7535,5779.5462,491.64339999999993,24
2342,5778.9374,334.88419999999996,24
2142,5778.9374,334.88419999999996,24
2442,5778.9374,334.88419999999996,24
2243,5778.9374,334.88419999999996,24
2242,5778.9374,334.88419999999996,24
2343,5778.9374,334.88419999999996,24
2443,5776.7732,334.7772,24
3985,5772.962,386.0344,24
1591,5771.1428,368.8889,24
6198,5768.4776,462.6977,24
1692,5768.1857,368.80690000000004,24
6182,5767.8675,526.0706,24
1496,5767.8532000000005,323.2641,24
1497,5767.8532000000005,323.2641,24
1596,5767.8532000000005,323.2641,24
9383,5765.8058,383.52029999999996,24
4085,5764.4255,385.57180000000005,24
6281,5762.2314,526.5917,24
1593,5761.1465,368.53979999999996,24
1444,5760.0,373.1821,24
1693,5758.0146,368.3148,24
1597,5757.3923,322.6426,24
7634,5756.7378,501.33680000000004,24
9872,5755.8906,459.02779999999996,24
1988,5755.5987000000005,322.6882,24
9347,5755.3397,348.8693,24
5886,5753.7561,321.7248,24
3259,5753.2688,276.3763,24
5218,5752.1283,394.4483000000001,24
3029,5751.6372,334.2475,24
1592,5750.0428,367.8858,24
6382,5749.9827,525.0995,24
2184,5749.4359,473.25239999999997,24
4434,5748.9961,379.0093,24
8494,5748.7658,381.90349999999995,24
3360,5746.0364,273.27570000000003,24
6707,5746.0145,382.90689999999995,24
9640,5744.2082,448.8516,24
2929,5743.6165,359.4342,24
9325,5743.0434,351.3284,24
4078,5742.3149,341.4773,24
3100,5741.6481,434.6663,24
9125,5740.5909,342.5263,24
6708,5737.1803,334.5896,24
1495,5736.0917,322.82550000000003,24
1500,5735.8955,410.57219999999995,24
1793,5734.6199,367.1209,24
9384,5734.2428,381.8847,24
5217,5733.6407,331.9904,24
5317,5733.6328,331.99010000000004,24
5316,5731.0174,332.2899,24
9843,5730.4428,464.40909999999997,24
5315,5730.3541,332.36539999999997,24
9971,5729.3062,447.0472,24
1498,5728.5856,326.3525,24
7511,5728.3622,363.24089999999995,24
8605,5727.6007,411.63300000000004,24
6589,5727.0833999999995,535.6131,24
9284,5726.6035999999995,381.464,24
9283,5726.6035999999995,381.464,24
4219,5722.2794,336.6068,24
4179,5722.0929,340.0768,24
3398,5718.9316,397.7201,24
8449,5714.8366,460.7785,24
2816,5713.4518,492.3477,24
9919,5713.2993,333.5851,24
6183,5713.1348,522.6096,24
749,5711.4432,385.2319,24
3980,5707.1099,340.27070000000003,24
5522,5706.3601,405.0183,24
3116,5706.3256,340.7129,24
3979,5706.0866000000005,340.251,24
4079,5706.0866000000005,340.251,24
4026,5701.0203,398.92230000000006,24
4125,5701.0203,398.92230000000006,24
4024,5701.0203,398.92230000000006,24
4025,5701.0203,398.92230000000006,24
4374,5699.0561,416.4073,24
7412,5696.7894,362.868,24
9135,5692.1582,333.63689999999997,24
8616,5691.3258000000005,386.156,24
1155,5686.1097,382.61199999999997,24
8983,5683.0927,393.1849,24
3369,5681.977,316.34809999999993,24
4427,5680.3349,485.03610000000003,24
2797,5679.9639,388.13699999999994,24
2800,5679.2083,420.3954,24
1741,5678.1447,593.8375999999998,24
2739,5678.0336,398.4897,24
6200,5677.6485,481.24120000000005,24
4921,5675.6723999999995,428.2076,24
4920,5674.5538,428.1815,24
4124,5673.396,396.71760000000006,24
6282,5670.4169,518.8552000000001,24
5740,5668.3856,340.5714,24
7136,5660.9446,449.8248,24
8713,5660.6798,369.6495,24
5500,5659.3807,337.09989999999993,24
5499,5656.6326,338.23519999999996,24
5399,5656.6326,338.23519999999996,24
5398,5656.6025,338.2331,24
5519,5656.3232,915.6137999999999,24
5639,5654.1628,343.2605,24
8395,5650.9558,375.30789999999996,24
5417,5649.9042,322.8006,24
3882,5648.21,393.28819999999996,24
5422,5644.5733,414.7673,24
8364,5643.7027,321.25289999999995,24
8320,5643.6931,312.0445,24
4919,5642.788,420.6003,24
1270,5642.5725,360.0819,24
3361,5640.2037,264.1304,24
3300,5640.044,385.67909999999995,24
6992,5639.9697,319.4649,24
3986,5639.0727,376.1402,24
1499,5638.968,408.3118,24
8365,5635.0179,321.3857,24
3682,5633.2219,363.31639999999993,24
1265,5632.805200000001,347.0538,24
3583,5631.9521,358.2712,24
2928,5630.8445,354.21,24
9078,5630.100600000001,495.90070000000003,24
7995,5624.7162,340.22159999999997,24
3642,5620.4756,342.99550000000005,24
1659,5619.8149,461.8961,24
2984,5619.5931,345.11039999999997,24
1595,5619.3816,321.214,24
5400,5610.8981,328.8238,24
8987,5608.95,371.5902,24
3596,5607.2431,368.9407,24
765,5604.6794,313.7365,24
8901,5604.6236,381.9793000000001,24
4320,5601.1252,326.8536,24
7915,5598.9513,384.57609999999994,24
9237,5595.8405999999995,331.80039999999997,24
6098,5595.1514,493.68269999999995,24
1352,5595.0285,456.8962,24
6984,5594.9788,476.33540000000005,24
9101,5593.185,346.5941,24
8609,5587.6586,339.79949999999997,24
1847,5585.0553,390.2481,24
1594,5584.2981,337.7999,24
5299,5583.8412,319.47799999999995,24
9236,5583.1471,331.4701,24
7724,5582.9809000000005,530.5151,24
864,5582.9214999999995,322.1644999999999,24
9337,5581.6879,331.3001,24
6099,5581.0528,496.83860000000004,24
5999,5581.0528,496.83860000000004,24
6100,5581.0528,496.83860000000004,24
6199,5581.0528,496.83860000000004,24
1459,5580.9201,433.4252,24
9336,5580.362,331.24699999999996,24
9943,5577.1226,378.04239999999993,24
6433,5573.9748,414.44629999999995,24
8595,5573.4369,369.7611,24
8349,5572.2357,448.89149999999995,24
1166,5569.4239,340.687,24
2536,5568.9941,346.1903,24
2691,5568.0532,350.14540000000005,24
7294,5567.0997,332.1133,24
7476,5565.9729,321.45700000000005,24
8604,5562.1188999999995,393.108,24
9338,5560.6461,322.4792,24
7513,5554.1985,356.66369999999995,24
7613,5554.1985,356.66369999999995,24
8706,5554.1211,382.36350000000004,24
7612,5546.3679,356.31639999999993,24
7512,5546.3679,356.31639999999993,24
648,5545.4865,375.13750000000005,24
7405,5545.4717,301.71119999999996,24
8218,5543.7637,321.2772,24
4820,5541.1652,404.6582,24
753,5540.6896,318.31020000000007,24
5216,5540.5004,321.511,24
5300,5540.3383,315.6075,24
3082,5538.8743,351.76570000000004,24
9015,5536.3911,451.3329,24
3200,5531.487,382.99199999999996,24
9235,5531.4008,328.73780000000005,24
6300,5530.463,378.70520000000005,24
9230,5529.2229,361.43039999999996,24
2920,5528.3368,370.4585,24
1169,5525.982300000001,342.7057,24
3456,5524.1395,392.9413,24
8564,5523.0797999999995,320.6757,24
1365,5522.0111,340.84340000000003,24
1171,5521.1288,382.121,24
2055,5517.1559,420.151,24
7211,5513.7548,329.307,24
748,5510.983,377.0606,24
3540,5510.6702,341.9934,24
9023,5506.3007,418.22270000000003,24
2483,5500.0293,383.29359999999997,24
7903,5496.6548999999995,390.04859999999996,24
8922,5495.4204,418.40290000000005,24
6698,5495.3461,385.2162,24
3281,5495.2618,436.4448,24
8546,5494.2474,319.2611,24
8823,5492.7072,418.19579999999996,24
6097,5488.9655,349.85679999999996,24
8549,5488.6133,395.8325,24
9226,5487.9037,320.14500000000004,24
3723,5487.4565,426.8958,24
7413,5486.901,351.06119999999993,24
2543,5484.6651,347.1381,24
447,5484.5716999999995,286.2643,24
9024,5484.3349,418.37510000000003,24
8923,5484.3349,418.37510000000003,24
8924,5484.3349,418.37510000000003,24
1068,5482.7047,338.21860000000004,24
8048,5482.5074,345.30750000000006,24
3349,5481.7232,304.80129999999997,24
8925,5479.4610999999995,363.3418,24
9002,5478.7695,518.2504,24
5122,5478.382500000001,384.2838,24
8431,5477.707,384.26730000000003,24
9025,5477.6469,339.7896,24
1587,5477.2654,514.2225,24
1650,5477.2574,392.264,24
8725,5477.0733,327.612,24
1268,5476.176,338.3144,24
1368,5476.176,338.3144,24
1367,5476.176,338.3144,24
1168,5476.176,338.3144,24
1369,5476.176,338.3144,24
1269,5476.176,338.3144,24
1167,5476.176,338.3144,24
1267,5476.176,338.3144,24
1470,5475.7023,338.325,24
1469,5475.7023,338.325,24
1467,5475.7023,338.325,24
1468,5475.7023,338.325,24
1466,5475.6738000000005,338.3215,24
8726,5473.8901,333.276,24
8826,5473.6732,333.26910000000004,24
9147,5473.3015000000005,317.15220000000005,24
8926,5472.106,333.2191,24
8667,5470.3842,388.00629999999995,24
2253,5469.7029,411.1115,24
6095,5468.7694,339.1394,24
7715,5468.6657000000005,331.13779999999997,24
9239,5467.5758,293.9666,24
2988,5463.8989,319.08320000000003,24
2141,5463.2157,315.85620000000006,24
2890,5461.4519,338.79970000000003,24
6697,5460.4398,381.772,24
2241,5460.2703,315.67879999999997,24
9026,5457.3233,332.6297,24
7132,5455.3348,416.6728,24
8535,5453.4131,338.2993,24
3229,5450.407,301.0532,24
6781,5449.8123000000005,570.3182,24
9126,5445.0354,357.6025,24
5421,5444.6347000000005,404.6496,24
1266,5443.1883,336.30859999999996,24
7202,5435.1344,367.14219999999995,24
7135,5434.6016,442.3003,24
1851,5431.49,417.4369,24
9087,5430.2429,360.0648,24
8199,5429.8293,287.84770000000003,24
7137,5427.4587,386.28929999999997,24
3362,5427.1195,276.5086,24
2652,5423.0262,305.57640000000004,24
8827,5419.2982,331.1159,24
8733,5417.4591,316.2934,24
1944,5416.997,570.8716,24
6000,5416.6032000000005,480.1762,24
4482,5412.3816,328.1568,24
8623,5409.9218,386.2828,24
8783,5409.3367,340.77259999999995,24
2292,5408.9217,312.22730000000007,24
8824,5408.8552,411.8188,24
2918,5405.9056,387.6594,24
3329,5400.9501,299.5967,24
7901,5399.9357,385.4566,24
6939,5394.8048,343.46349999999995,24
7608,5393.911,297.4381,24
8096,5391.5415,324.7021,24
8099,5389.6515,286.2466,24
3051,5388.6807,344.7314,24
1588,5383.4814,480.9379,24
3194,5382.8949999999995,418.0474,24
5640,5382.410400000001,325.961,24
4783,5380.9733,349.48269999999997,24
1465,5377.5849,332.0463,24
6935,5377.054,441.8978,24
7311,5375.7109,294.832,24
6986,5375.6246,358.84090000000003,24
5298,5372.8812,311.45619999999997,24
2354,5368.7521,427.4221,24
2355,5368.7521,427.4221,24
2255,5368.7521,427.4221,24
2454,5368.7521,427.4221,24
7335,5365.4054,432.76879999999994,24
2254,5363.9014,426.8202,24
8023,5360.8267,518.6736,24
646,5359.787,364.62549999999993,24
5814,5356.5936,326.4729,24
9339,5356.2474999999995,283.3618,24
2155,5356.1579,425.8899,24
2583,5354.6457,389.6667,24
8696,5351.6099,422.50500000000005,24
2156,5351.0293,425.2876,24
8825,5342.2694,327.92030000000005,24
1750,5341.5179,388.85519999999997,24
9973,5341.0163,424.5046,24
6482,5338.8906,529.9104,24
1850,5337.1388,369.17990000000003,24
8022,5333.6445,423.45860000000005,24
1370,5331.9198,332.01589999999993,24
9245,5331.8486,298.01210000000003,24
9328,5330.6803,331.8384,24
2829,5329.1451,338.46659999999997,24
8130,5326.0504,361.0262,24
2392,5324.5669,308.88689999999997,24
9340,5323.5942,281.3359,24
2883,5322.2075,322.6486,24
5641,5318.7997,340.951,24
8299,5315.4887,299.7856,24
5328,5312.0326000000005,317.1258,24
8432,5310.0686000000005,364.4266,24
5022,5306.9622,374.606,24
2353,5306.5686,415.5467,24
5221,5306.1512,371.6163,24
7486,5304.4666,347.7153,24
8303,5304.4517000000005,379.6956,24
9227,5303.3025,342.79869999999994,24
9438,5301.7829,287.3304,24
6835,5299.9524,424.4895,24
7233,5299.4813,421.90909999999997,24
8197,5299.3438,327.25120000000004,24
4231,5298.7406,321.7614,24
2048,5298.052,375.87530000000004,24
8797,5296.4658,419.2286,24
746,5293.9196,369.6151,24
7194,5289.2919,312.9708,24
1366,5287.9310000000005,326.8284,24
8363,5286.4353,301.2554,24
7423,5285.8862,609.5149,24
3181,5284.6069,434.33129999999994,24
8447,5283.2214,322.0087,24
3260,5279.756,255.273,24
3261,5279.756,255.273,24
3160,5279.756,255.273,24
3161,5279.756,255.273,24
5590,5276.8972,463.23830000000004,24
3544,5276.6233,322.91209999999995,24
3060,5276.0012,255.1137,24
2989,5274.9236,319.0136,24
7291,5272.1140000000005,307.5601,24
7292,5272.1140000000005,307.5601,24
7092,5272.1140000000005,307.5601,24
7192,5272.1140000000005,307.5601,24
6927,5270.6451,386.6940000000001,24
3977,5266.1445,376.18450000000007,24
7191,5263.4034,307.081,24
8495,5258.5418,347.07669999999996,24
9047,5258.3361,312.12579999999997,24
8567,5256.9595,317.25219999999996,24
5690,5255.4711,464.4923,24
5982,5253.711200000001,384.0989,24
6837,5252.925200000001,408.14920000000006,24
8098,5243.88,277.35569999999996,24
5416,5242.1644,302.7404,24
2828,5238.7198,333.0019,24
3531,5236.9222,313.19509999999997,24
9820,5231.2506,290.0726,24
7518,5228.3525,383.98679999999996,24
7234,5223.5409,422.99699999999996,24
5521,5221.5812,390.99029999999993,24
8699,5221.2585,432.14869999999996,24
7649,5218.6133,319.0249,24
4520,5214.5626,306.4774,24
8843,5213.7932,303.87850000000003,24
9301,5213.2537,304.33500000000004,24
9201,5213.2537,304.33500000000004,24
9202,5213.2537,304.33500000000004,24
9302,5213.2537,304.33500000000004,24
957,5212.6482,290.9356,24
9303,5211.739,301.6767,24
9134,5205.3891,334.69319999999993,24
1399,5205.2678,510.21419999999995,24
9203,5204.6933,340.2793,24
4975,5204.2816,344.271,24
9401,5202.1445,303.72760000000005,24
9102,5201.0946,476.5644,24
6808,5198.213,307.1104,24
5491,5197.4554,457.28040000000004,24
5691,5197.4554,457.28040000000004,24
5490,5197.4554,457.28040000000004,24
5390,5197.4554,457.28040000000004,24
5392,5197.4554,457.28040000000004,24
5391,5197.4554,457.28040000000004,24
6292,5194.2675,329.0208,24
1843,5193.8164,542.6624,24
7193,5193.0784,302.7384,24
7875,5191.4077,334.04990000000004,24
6706,5189.0948,369.20899999999995,24
7235,5180.628,423.7683,24
855,5176.0379,345.6621,24
8723,5174.6653,382.38169999999997,24
5492,5172.5055,456.5069,24
9103,5165.093699999999,510.9024,24
9286,5164.8637,435.02509999999995,24
7704,5163.0264,299.8334,24
9437,5161.7228000000005,312.77930000000003,24
7895,5160.8895999999995,306.14750000000004,24
5427,5160.2385,312.8206,24
8715,5158.8299,386.11990000000003,24
2729,5158.7397,327.31879999999995,24
7896,5158.3225,305.95889999999997,24
5415,5157.2678,297.58770000000004,24
7795,5153.9081,305.6977,24
1892,5151.5377,295.9073,24
7902,5150.6698,362.33639999999997,24
6582,5150.4874,508.98400000000004,24
4319,5149.4856,303.4634,24
8943,5149.3550000000005,300.9033,24
9204,5147.2904,300.72760000000005,24
3346,5147.0754,311.96700000000004,24
6844,5144.567,317.1486,24
5591,5143.2996,454.7107,24
7899,5142.3899,275.2151,24
8047,5142.274,299.75690000000003,24
2981,5141.8941,320.4366,24
2983,5141.8941,320.4366,24
2982,5141.8941,320.4366,24
2882,5141.8941,320.4366,24
7293,5141.4252,304.4528,24
9327,5140.9844,326.77779999999996,24
8724,5136.0094,388.13550000000004,24
8914,5135.782,391.7629,24
8336,5135.294,318.2153,24
4077,5130.8062,379.31710000000004,24
4581,5128.5311,337.8691,24
6544,5127.3204000000005,297.402,24
1397,5123.4920999999995,414.11999999999995,24
9146,5119.6558,303.183,24
7999,5111.5947,271.0752,24
8097,5111.4244,290.2718,24
3223,5110.933,499.5136,24
8608,5109.3329,332.79390000000006,24
7232,5109.0225,408.25429999999994,24
8330,5108.4636,339.9752,24
9330,5108.1404,326.6564,24
2995,5107.2606000000005,409.6923,24
9440,5106.2099,269.79470000000003,24
3081,5104.1065,347.68010000000004,24
7898,5104.0962,272.7931,24
8296,5103.6294,362.6734,24
9578,5103.567599999999,501.13829999999996,24
5020,5103.3334,370.6803,24
7900,5100.4555,270.7874,24
2266,5100.2507,526.3235999999999,24
7093,5098.3548,296.988,24
7427,5091.8191,472.717,24
3530,5090.2901,301.4581,24
7876,5087.2918,306.21329999999995,24
7998,5086.9684,269.9332,24
8587,5086.0193,296.31170000000003,24
8801,5084.8755,369.15849999999995,24
9942,5084.8093,393.4241,24
7800,5083.5639,269.58320000000003,24
9045,5081.0501,304.0221,24
9046,5081.0501,304.0221,24
8944,5081.0501,304.0221,24
8945,5081.0501,304.0221,24
8946,5081.0501,304.0221,24
8845,5081.0501,304.0221,24
8844,5081.0501,304.0221,24
9044,5081.0501,304.0221,24
1893,5080.0946,291.8326,24
8745,5079.8760999999995,303.8866,24
7290,5078.6698,303.0129,24
3028,5077.8071,281.7697,24
8000,5076.5079,271.00620000000004,24
9043,5075.4258,295.5172,24
2716,5073.7738,403.7826,24
9995,5072.8646,342.212,24
4176,5072.5265,374.0536,24
9140,5072.0166,272.95129999999995,24
8625,5070.6732,313.7661,24
5498,5069.2762999999995,299.1131,24
1357,5067.7276,398.50230000000005,24
8848,5066.3966,306.7903,24
7611,5063.2208,299.0362,24
5021,5062.6758,367.4991,24
3884,5061.8005,320.1604,24
6996,5058.9377,315.242,24
8481,5057.5244,323.7229,24
8649,5056.4430999999995,357.49940000000004,24
5592,5051.0873,452.743,24
8846,5050.9043,300.5488,24
3387,5049.7461,310.0658000000001,24
8421,5049.6035,284.6132,24
5436,5046.4403,308.4099,24
8716,5044.7324,372.4926,24
2851,5044.288,311.6579,24
8717,5043.2494,372.4668,24
755,5042.8695,335.2773,24
6886,5042.1976,318.5009,24
6193,5036.4375,304.2751,24
9720,5034.603300000001,280.8512,24
8267,5031.0809,306.48330000000004,24
9895,5030.8249,349.5132,24
7347,5026.4196,355.9954,24
9129,5024.0283,309.25020000000006,24
6419,5023.6139,424.0462,24
7131,5017.1612000000005,378.67150000000004,24
6938,5012.6016,363.4137,24
547,5012.408,264.88,24
7844,5011.9706,303.97900000000004,24
7334,5011.6499,410.06350000000003,24
2436,5011.2991,337.8204,24
8705,5008.6911,355.3292,24
548,5008.2027,261.99240000000003,24
6534,5006.3148,382.9855,24
6644,5005.6739,292.3551,24
3430,5004.785,288.6361,24
7091,5003.9727,293.56600000000003,24
7916,5003.9116,373.0825,24
3023,5001.0513,483.6022,24
2752,4996.747,294.4277,24
9141,4996.0322,264.8622,24
5088,4992.3523000000005,464.36510000000004,24
5291,4991.8695,410.39959999999996,24
9424,4991.2143,298.9656,24
3457,4990.2069,367.13689999999997,24
9131,4989.4633,348.35620000000006,24
5222,4984.1823,350.30989999999997,24
8484,4983.348,302.6889,24
9344,4982.4502,284.0267,24
8523,4982.0808,314.6326,24
1339,4980.2131,394.66479999999996,24
6709,4978.6912,278.75159999999994,24
6690,4978.1237,302.3551,24
845,4977.6609,308.61310000000003,24
9133,4974.273,347.9883,24
9231,4974.273,347.9883,24
9132,4974.273,347.9883,24
9232,4974.273,347.9883,24
8396,4973.2,327.9238,24
856,4972.3689,312.181,24
4076,4971.3623,372.8991,24
8631,4970.1687,281.957,24
2453,4968.7887,369.76140000000004,24
9403,4965.670700000001,290.2199,24
7094,4964.059,288.347,24
1398,4963.967900000001,518.7816,24
8683,4963.8508,315.68,24
1300,4954.7083999999995,524.9322999999999,24
4680,4953.843,429.6619,24
9104,4944.8562999999995,390.1464,24
7922,4943.9516,527.5606,24
8298,4943.3485,356.1991,24
8448,4943.0399,392.17100000000005,24
8947,4941.4706,288.9056,24
4422,4941.0945,402.89099999999996,24
9145,4938.8806,292.0872,24
1958,4937.7697,408.6571,24
3251,4936.8239,324.6728,24
3123,4932.4556,476.95989999999995,24
5322,4932.036,349.701,24
1439,4927.8536,299.6839,24
5290,4920.7362,353.1627,24
2636,4920.5594,312.4606,24
5781,4920.4899,396.09720000000004,24
2700,4920.0633,287.12,24
9029,4919.9608,292.10450000000003,24
5435,4918.8809,300.145,24
1566,4918.3724,301.7584,24
4333,4918.305,307.2043,24
9402,4918.223300000001,288.2007,24
7920,4918.1762,371.2171,24
2256,4914.6084,388.76890000000003,24
744,4914.4656,299.5546,24
5540,4912.7145,286.8284,24
1264,4904.1705,289.2133,24
963,4902.81,290.94570000000004,24
7319,4901.455,340.6254,24
3696,4896.9669,317.3577,24
2444,4896.0346,378.1034,24
5121,4895.4903,333.7677,24
2746,4895.4097,465.3849,24
8496,4893.9659,361.8241,24
6410,4893.2412,278.3372,24
8727,4892.9272,297.35549999999995,24
2448,4892.5715,593.8035,24
8866,4891.5723,311.259,24
3917,4888.5406,268.8521,24
250,4887.2636999999995,268.1005,24
9233,4886.9023,342.0565,24
8603,4886.3452,376.5609999999999,24
2791,4879.784,343.76640000000003,24
6991,4878.3531,277.7352,24
1154,4878.1284,373.17560000000003,24
8063,4874.1085,286.967,24
348,4869.1703,260.6228,24
9794,4868.8743,337.4035,24
349,4867.9384,267.0674,24
4023,4866.9906,337.9987,24
745,4866.7391,301.0956,24
9116,4860.8284,375.2155,24
249,4857.6654,265.4762,24
5330,4856.5663,281.5938,24
9893,4856.1467999999995,328.5877,24
8021,4855.697700000001,294.4981000000001,24
4432,4848.9469,288.9624,24
9240,4845.8958,254.2879,24
9441,4845.2016,254.73559999999998,24
5598,4844.3021,256.8405,24
7748,4843.5267,315.72659999999996,24
9443,4842.8475,279.69849999999997,24
3584,4841.0758,308.01789999999994,24
5434,4840.8423,294.4814,24
9428,4840.3549,311.9703,24
5314,4839.7511,661.2411000000002,24
761,4838.3477,451.21459999999996,24
5788,4835.3613000000005,279.4,24
7333,4835.2647,395.7848,24
2582,4831.9418000000005,362.2427,24
8122,4828.5875,289.0688,24
8223,4828.5875,289.0688,24
8323,4828.5875,289.0688,24
8121,4828.5875,289.0688,24
8222,4828.5875,289.0688,24
8322,4828.5875,289.0688,24
8221,4828.5875,289.0688,24
9520,4826.0847,271.4948,24
8534,4825.6899,300.7949,24
8927,4825.0352,306.4681,24
7700,4823.4474,261.08570000000003,24
8015,4823.434,345.27610000000004,24
7605,4823.0341,270.6856,24
9144,4821.7082,282.05510000000004,24
1200,4820.9522,533.1044999999999,24
7710,4820.5291,333.67,24
5689,4819.1253,368.83660000000003,24
7897,4818.2107,279.0123,24
1100,4817.8264,533.1142,24
1198,4817.8264,533.1142,24
1298,4817.8264,533.1142,24
1297,4817.8264,533.1142,24
998,4817.8264,533.1142,24
1098,4816.8924,533.0244,24
1299,4816.1943,532.957,24
1199,4815.027,532.8447,24
999,4812.8455,532.5719,24
1197,4807.3134,531.9355,24
8423,4805.7266,285.8778,24
8016,4801.9114,360.8465,24
350,4800.7583,263.524,24
7997,4797.7981,267.3923,24
7686,4797.5848,287.43,24
7102,4796.732,347.376,24
8297,4793.5343,334.8919,24
5329,4785.8862,273.2962,24
2717,4784.5418,385.7007,24
6312,4780.636,274.3321,24
5198,4778.2168,287.3769,24
3317,4774.3781,255.2615,24
1599,4772.7973999999995,344.87370000000004,24
8749,4769.9429,288.2257,24
5075,4767.9233,278.19809999999995,24
6934,4764.1878,416.2235,24
9542,4763.9729,261.113,24
6833,4763.0545,415.5536,24
8965,4762.6659,324.75419999999997,24
2895,4762.4257,346.82980000000003,24
6510,4761.363,274.2246,24
6609,4757.3631000000005,270.5262,24
6581,4755.1821,533.3267,24
6834,4750.9048999999995,415.03189999999995,24
2990,4749.0500999999995,301.6057,24
2642,4745.3859,259.77360000000004,24
7419,4744.0473,325.3679,24
7996,4742.7892,281.0999,24
2447,4740.2676,445.6401,24
9006,4739.1219,297.5671,24
2532,4730.4186,361.3558,24
7032,4723.8342999999995,366.2223,24
9242,4723.1756,247.32050000000004,24
5428,4719.9051,280.6052,24
6411,4719.5437,272.4878,24
9241,4719.4718,247.0146,24
8596,4714.5955,375.9611,24
3328,4712.6248,269.5371,24
3228,4712.0462,269.51059999999995,24
8203,4710.1595,332.9925999999999,24
5176,4708.1943,276.25509999999997,24
1358,4706.195,375.8172,24
3094,4704.3569,347.46569999999997,24
9217,4704.0262,270.3677,24
3128,4702.9571,269.0741,24
5190,4702.0509,299.8222,24
9899,4701.6814,348.0846,24
6933,4695.2112,410.9466,24
7029,4689.9909,371.7827,24
7253,4687.7317,350.1952,24
2795,4686.8359,306.08660000000003,24
8626,4686.5531,268.3414,24
7195,4684.6529,302.0461,24
9143,4684.3544,269.9364,24
9972,4678.7124,388.3979,24
4433,4678.3513,295.9472,24
8883,4676.9274,290.38620000000003,24
2796,4676.4616,268.4787,24
8200,4676.2405,255.89960000000002,24
8746,4675.6173,300.91909999999996,24
649,4671.602,305.48749999999995,24
7849,4670.9913,300.6125,24
7618,4669.7536,319.4112,24
3489,4668.8508,278.4956,24
8236,4662.4375,282.7954,24
769,4661.588299999999,306.4106,24
9480,4659.0174,414.4871999999999,24
449,4657.5384,256.62760000000003,24
1841,4657.4681,476.1816,24
9243,4656.73,267.9158,24
8266,4656.4261,284.812,24
3595,4656.3272,339.66179999999997,24
4984,4655.3791,317.86650000000003,24
7130,4654.5723,369.34190000000007,24
8123,4651.5974,288.9797,24
1340,4649.9873,281.4192,24
2917,4645.83,400.81449999999995,24
1364,4644.7731,284.0871,24
7129,4644.5145,369.9517,24
5692,4644.4706,419.9396,24
4224,4643.6541,331.2298,24
7128,4640.9772,369.63740000000007,24
7028,4640.9772,369.63740000000007,24
6314,4640.5288,284.116,24
6710,4640.0805,257.3663,24
8100,4640.0771,250.9153,24
9423,4636.6982,276.0549,24
5624,4636.3939,391.6046,24
3487,4634.6147,272.9361,24
768,4632.0194,270.277,24
7153,4631.3505,347.4801,24
6832,4630.772,400.94079999999997,24
3885,4630.4858,289.57079999999996,24
6201,4630.0374,301.01570000000004,24
2817,4627.3893,398.9594,24
9003,4627.3306999999995,415.2413,24
5739,4626.5993,277.5429,24
8300,4625.1514,253.7421,24
9244,4624.6531,268.7969,24
8397,4623.3143,421.8423,24
1097,4620.1578,510.9553,24
997,4620.1578,510.9553,24
6734,4617.8499,361.8872,24
7848,4616.957,427.4517,24
1000,4614.5586,508.88840000000005,24
6101,4613.3669,300.78150000000005,24
4283,4612.5094,330.1571,24
6733,4610.785699999999,379.9368,24
5189,4609.6696,292.61850000000004,24
3087,4609.1578,289.89390000000003,24
4321,4607.3404,387.21659999999997,24
6809,4606.1885,258.61240000000004,24
6932,4604.3314,390.0357,24
9127,4603.7374,304.919,24
3287,4598.2094,291.7727,24
6412,4597.1737,265.4308,24
8847,4596.1042,271.74670000000003,24
5998,4595.9075,351.2463,24
2187,4595.8498,267.9358,24
8698,4595.7178,443.59149999999994,24
8398,4595.7178,443.59149999999994,24
8697,4595.7178,443.59149999999994,24
8597,4595.7178,443.59149999999994,24
8598,4595.7178,443.59149999999994,24
8498,4595.7178,443.59149999999994,24
8497,4595.7178,443.59149999999994,24
3388,4595.1996,292.1838,24
3389,4595.1996,292.1838,24
3187,4594.5798,291.7197,24
3488,4594.1434,273.8779,24
3289,4591.2849,291.706,24
3189,4590.6955,291.6909,24
3288,4590.6683,291.69,24
3088,4590.0122,291.673,24
9326,4588.8204000000005,272.3258,24
3188,4588.8013,291.6417,24
7304,4587.0144,259.5532,24
3089,4586.9762,291.59450000000004,24
3393,4586.7395,337.51570000000004,24
3059,4586.5347,267.6825,24
6890,4586.0158,256.2846,24
5076,4585.8816,266.6832,24
7975,4582.5574,286.38129999999995,24
8586,4580.8698,260.78610000000003,24
8969,4580.6851,354.6048,24
7944,4579.3343,290.99240000000003,24
7948,4575.0806,600.7589,24
9894,4572.4118,318.80899999999997,24
8714,4571.6804,281.439,24
9819,4568.9753,258.8302,24
8019,4568.6576,322.28319999999997,24
7802,4565.3892000000005,313.4814,24
1045,4564.1077000000005,276.4267,24
3262,4562.9675,229.25089999999997,24
8319,4562.715200000001,267.135,24
6001,4560.1005,299.5426,24
2916,4556.777,388.08209999999997,24
7503,4556.6096,254.2459,24
7504,4556.6096,254.2459,24
6735,4555.7315,351.75329999999997,24
8224,4553.8667,255.8039,24
2991,4552.9043,332.4355,24
8455,4552.7402,333.57529999999997,24
7310,4551.9443,255.7276,24
9304,4550.725,264.7268,24
7921,4549.2528,324.0372,24
3227,4548.2209,261.2199,24
3417,4547.9314,243.6107,24
1751,4545.7229,382.5756,24
2759,4544.5793,314.20989999999995,24
149,4542.641799999999,270.87239999999997,24
8020,4540.0837,324.22639999999996,24
7919,4539.1389,337.9339,24
2599,4537.1745,275.0934,24
8782,4534.7413,277.69460000000004,24
7505,4534.5815999999995,254.1769,24
9027,4534.48,292.89889999999997,24
4332,4534.3436,272.6184,24
8624,4533.5572,335.7928,24
7348,4532.807,351.3638,24
8583,4528.9139000000005,289.1578,24
3151,4528.0185,297.3317,24
8368,4525.3577000000005,275.3818,24
3293,4524.2484,336.8498,24
1992,4524.1751,278.3211,24
7404,4524.0081,251.863,24
7302,4523.7743,252.7944,24
8120,4521.2669,258.9798,24
6838,4520.2636,362.2676,24
7248,4518.3564,345.26329999999996,24
9923,4517.3904999999995,261.835,24
9142,4516.6975999999995,243.69149999999996,24
1099,4516.3867,500.38539999999995,24
8868,4513.7592,336.83,24
7749,4512.613,293.6415,24
2794,4505.2347,334.4535,24
2793,4505.1167,334.8807,24
3093,4505.1167,334.8807,24
3192,4505.1167,334.8807,24
3191,4505.1167,334.8807,24
3292,4505.1167,334.8807,24
3092,4505.1167,334.8807,24
3091,4505.1167,334.8807,24
3291,4505.1167,334.8807,24
2994,4505.1167,334.8807,24
3193,4505.1167,334.8807,24
2894,4505.1167,334.8807,24
2993,4504.9487,334.8669,24
2893,4504.7047999999995,334.84659999999997,24
8264,4499.8444,252.2169,24
7403,4498.8974,251.0673,24
2600,4496.5579,275.0139,24
1489,4492.8365,407.09279999999995,24
2792,4491.4971000000005,333.8121,24
4720,4490.3234,292.5248,24
7506,4489.9412999999995,247.3304,24
6639,4487.766799999999,483.80330000000004,24
2859,4486.0845,308.98350000000005,24
3420,4486.0758000000005,324.4226,24
660,4484.0867,432.76649999999995,24
6736,4483.7455,342.6977,24
7684,4482.6136,265.9629,24
9106,4481.2571,253.7646,24
7945,4481.0857,293.0983,24
7799,4479.3526,240.072,24
7519,4475.9001,303.8555,24
9719,4475.4371,254.48080000000002,24
3279,4475.213,491.0289,24
2383,4474.7961,290.5831,24
7610,4474.4375,314.6052,24
8828,4474.0795,296.84760000000006,24
3574,4473.4172,299.0657,24
2534,4473.0154,339.5643,24
4232,4470.7592,272.8473,24
6102,4468.4183,284.9106,24
754,4467.4942,288.96680000000003,24
2193,4466.8592,275.0224,24
2192,4466.8592,275.0224,24
2598,4466.8592,275.0224,24
2093,4466.401,274.9879,24
8524,4465.8677,310.11699999999996,24
5726,4465.2706,268.8591,24
7811,4464.4202,336.3818,24
6012,4462.4465,262.4461,24
2092,4461.468,274.6164,24
8422,4460.5314,262.9524,24
7845,4458.9918,291.8098,24
2455,4457.6453,352.8727,24
2597,4457.2973,274.1013,24
2697,4455.7277,274.1333,24
3290,4455.2916,283.21349999999995,24
659,4454.4334,431.3485,24
1993,4453.7748,274.0371,24
2751,4453.6856,267.5301,24
6738,4452.8027999999995,476.35759999999993,24
9389,4452.7131,331.34389999999996,24
6638,4448.9329,476.5091,24
1075,4448.5506000000005,253.4803,24
5735,4444.9139,265.36650000000003,24
1359,4443.9646,359.7923,24
5900,4443.0558,299.7602,24
4383,4441.6729,279.1977,24
3883,4441.487,313.5694,24
7096,4438.7623,290.7498,24
7097,4438.7623,290.7498,24
7197,4438.7623,290.7498,24
7196,4438.7623,290.7498,24
7198,4438.7623,290.7498,24
7095,4438.7623,290.7498,24
7098,4438.7623,290.7498,24
2635,4438.3323,341.6324,24
150,4438.1503,238.58419999999995,24
2698,4436.5948,272.6055,24
4331,4434.7708999999995,275.9423,24
8324,4434.6167,253.9083,24
6737,4434.5575,391.6454,24
7619,4433.722,301.50559999999996,24
5901,4433.5314,288.5828,24
7229,4433.4455,279.9267,24
3027,4431.4609,241.8128,24
7817,4431.2028,305.1516,24
6640,4428.6587,434.7161,24
6002,4426.507,281.9918,24
9341,4424.8802,234.4511,24
4419,4423.3333,258.9508,24
6316,4422.9597,328.3404,24
5835,4421.959699999999,257.2132,24
5635,4420.1987,263.9413,24
5535,4420.1478,263.9413,24
5534,4420.0339,263.9413,24
5634,4420.0339,263.9413,24
1567,4418.2157,268.2916,24
5536,4417.3458,263.6936,24
7617,4417.1408,302.5671,24
8265,4415.1657,243.56560000000002,24
1600,4414.0851999999995,344.3921,24
6610,4409.2038999999995,248.1514,24
8220,4407.7344,253.3927,24
1494,4407.3467,257.2878,24
8979,4404.1684000000005,383.7272,24
2535,4401.927,339.1917,24
9892,4398.7692,303.5484,24
8781,4397.9486,266.0069,24
3129,4395.6184,253.93220000000002,24
9999,4394.7608,322.3223,24
4983,4393.5418,320.1861,24
5697,4388.018,242.17630000000003,24
2293,4385.394,267.1738,24
6940,4385.1283,285.0875,24
8878,4384.3195,289.2749,24
8436,4383.5838,284.00939999999997,24
6828,4381.3823999999995,303.46659999999997,24
6512,4380.6116,253.36360000000002,24
8882,4380.2687,267.427,24
3150,4379.9463,289.6876,24
6732,4379.6177,375.7423,24
7600,4378.6701,265.7979,24
6739,4376.7126,448.8437,24
9540,4373.4414,237.97419999999997,24
3127,4370.7953,251.78179999999998,24
3016,4368.7435000000005,298.37379999999996,24
2728,4365.8967999999995,277.48799999999994,24
7507,4362.8553,277.6989,24
546,4361.4117,293.7914,24
7685,4361.2831,274.1997,24
3695,4359.1824,292.11879999999996,24
7250,4358.7484,427.77099999999996,24
1598,4351.8896,252.5662,24
8399,4349.026,416.402,24
8333,4347.4787,297.97360000000003,24
2658,4346.2866,289.0271,24
6743,4344.958,258.51919999999996,24
6997,4344.4526,279.0339,24
251,4343.2999,233.31019999999998,24
3390,4342.9376,274.0842,24
3190,4341.6865,277.8404,24
5517,4339.9361,242.90980000000002,24
7420,4334.7796,305.29859999999996,24
9679,4333.7003,299.1503,24
958,4331.4779,235.7056,24
6642,4327.5392,263.6064,24
8814,4326.9392,287.6129,24
1338,4326.7604,429.8517,24
9205,4326.3521,250.6529,24
7796,4326.1526,256.7232,24
248,4326.1152999999995,303.1735,24
7712,4325.2143,301.0816,24
7402,4324.7429,235.5349,24
3090,4324.1561,277.37179999999995,24
7303,4323.9692,237.3143,24
6515,4323.7387,322.1128,24
8467,4322.3762,264.6761,24
8466,4321.9384,264.6481,24
8366,4321.9384,264.6481,24
8367,4321.9384,264.6481,24
6416,4320.0393,321.7589,24
6641,4317.553,261.7411,24
442,4314.4298,439.1639,24
6541,4312.5947,261.434,24
4531,4312.5806,254.863,24
1396,4310.628,246.1022,24
2592,4310.4398,239.9235,24
3225,4310.1966,416.3241,24
5734,4308.1898,257.18050000000005,24
8599,4301.3902,410.7987,24
6542,4297.8225,260.02639999999997,24
4431,4297.0337,251.84269999999998,24
9425,4295.5895,283.9625,24
2074,4293.6457,243.3101,24
5082,4293.6162,354.6072000000001,24
9228,4290.8506,284.21509999999995,24
2493,4290.519,254.48469999999998,24
7520,4290.0583,275.3134,24
7107,4282.2638,320.59020000000004,24
9422,4281.5557,254.8123,24
3159,4279.6767,219.8457,24
8424,4279.1806,247.52929999999998,24
9005,4275.7816,267.8217,24
6742,4274.8314,259.19780000000003,24
3597,4273.7252,237.6909,24
8707,4269.8886999999995,249.7747,24
7099,4269.5859,277.4629,24
9439,4268.7503,230.8356,24
6511,4266.2472,248.19650000000001,24
5120,4265.8309,280.8257,24
7516,4264.6854,307.1069,24
6633,4264.0042,315.9936,24
5801,4263.6419,274.7498,24
8234,4259.0942000000005,286.5197,24
945,4258.174,267.2701,24
760,4254.9729,403.5234,24
7609,4253.5759,293.6155,24
6103,4252.3371,269.7679,24
2174,4252.1535,242.7076,24
1163,4251.0721,242.36150000000004,24
559,4246.1353,368.7643,24
6513,4244.1581,246.4896,24
441,4242.2145,434.13239999999996,24
7199,4240.0442,272.7287,24
1485,4236.4809000000005,382.4788,24
3024,4235.7852,457.5615,24
541,4232.1783,433.3496,24
341,4228.0527,432.9158,24
638,4226.7776,432.90680000000003,24
5528,4226.6095000000005,252.11020000000002,24
8881,4226.0088,260.2883,24
8219,4225.6422,249.6634,24
542,4225.4972,431.8682,24
2173,4225.1627,241.06279999999998,24
2273,4225.1627,241.06279999999998,24
2272,4225.1627,241.06279999999998,24
2274,4225.1627,241.06279999999998,24
2172,4225.1627,241.06279999999998,24
2373,4225.1627,241.06279999999998,24
1236,4224.0859,432.76559999999995,24
1037,4224.0859,432.76559999999995,24
1035,4224.0859,432.76559999999995,24
1136,4224.0859,432.76559999999995,24
1036,4224.0859,432.76559999999995,24
936,4224.0859,432.76559999999995,24
1137,4224.009599999999,432.75489999999996,24
937,4223.9329,432.74399999999997,24
6712,4223.8447,235.4113,24
339,4223.8413,432.6126,24
1237,4223.7757,432.72159999999997,24
1038,4223.6825,432.7083,24
1138,4223.4511,432.6755,24
440,4223.4406,432.628,24
439,4223.4257,432.5931,24
8002,4223.3895,287.7622,24
1337,4223.258699999999,432.64799999999997,24
837,4223.2581,432.64799999999997,24
938,4223.2184,432.6423,24
438,4223.2087,432.5204,24
540,4223.2051,432.6345,24
639,4223.164699999999,432.63469999999995,24
640,4223.164699999999,432.63469999999995,24
739,4223.164699999999,432.63469999999995,24
737,4223.164699999999,432.63469999999995,24
738,4223.164699999999,432.63469999999995,24
840,4223.164699999999,432.63469999999995,24
740,4223.164699999999,432.63469999999995,24
839,4223.164699999999,432.63469999999995,24
1238,4223.164699999999,432.63469999999995,24
838,4223.164699999999,432.63469999999995,24
1039,4223.164699999999,432.63469999999995,24
538,4223.1466,432.602,24
939,4223.1095,432.611,24
539,4223.0441,432.58299999999997,24
7190,4220.6044999999995,279.2213,24
741,4220.3183,431.1915,24
9692,4218.2608,448.6116,24
2336,4218.0035,318.8621,24
2252,4217.1916,249.3967,24
6810,4216.4816,231.81050000000002,24
836,4216.1364,431.82009999999997,24
2494,4212.6437,250.5301,24
3250,4210.5121,281.1778,24
9028,4209.8224,279.0783,24
6612,4209.0138,241.86519999999996,24
736,4208.9286999999995,430.9534,24
1336,4205.1224999999995,430.5181,24
446,4204.7176,312.08580000000006,24
2041,4203.7041,242.10540000000003,24
7030,4202.1802,313.5965,24
9105,4201.9295,241.6547,24
9128,4201.778,278.2991,24
6812,4199.5687,230.9547,24
6643,4196.762,244.49689999999998,24
8928,4195.6644,278.6863,24
6509,4195.1412,268.3501,24
7602,4193.8331,227.5198,24
3697,4193.3719,228.85610000000003,24
935,4193.123,430.5682,24
641,4190.2609999999995,415.7689,24
7963,4190.0383,269.30969999999996,24
7451,4188.4742,258.6941,24
8906,4187.4076000000005,247.3272,24
9426,4186.7113,286.6942,24
1139,4185.4574,413.5186,24
9800,4185.4101,367.5769,24
1239,4184.366,412.96469999999994,24
9993,4184.1683,296.35350000000005,24
9427,4182.9298,288.5683,24
6811,4182.8785,229.7507,24
2643,4182.862,363.233,24
6299,4180.8471,327.7783,24
5794,4178.9671,292.9789,24
5912,4177.9253,243.4264,24
6728,4177.2916000000005,308.7048,24
6711,4176.659,232.4226,24
1235,4176.3572,419.42379999999997,24
9793,4176.2973999999995,298.9665,24
7434,4176.013199999999,382.2168,24
4819,4175.7087,300.9508,24
6516,4174.9219,309.5131,24
537,4174.2315,426.70820000000003,24
9524,4168.823,295.5466,24
9626,4168.823,295.5466,24
9627,4168.823,295.5466,24
9527,4168.823,295.5466,24
9726,4168.823,295.5466,24
9525,4168.823,295.5466,24
9526,4168.823,295.5466,24
9727,4168.8013,295.5416,24
9825,4168.6497,295.51340000000005,24
9523,4168.316,295.4914,24
9625,4168.3062,295.4904,24
9826,4167.7118,295.2848,24
9624,4167.4488,295.3972,24
9725,4166.2641,295.2684,24
9623,4165.7982,295.253,24
9724,4164.2444000000005,295.04900000000004,24
9317,4161.7378,235.84789999999998,24
9234,4161.0919,282.7557,24
7023,4159.6462,263.4237,24
9824,4156.1158000000005,293.5971,24
2352,4155.4301000000005,256.4565,24
2921,4155.3524,272.2004,24
8256,4149.9965999999995,287.9849,24
7803,4149.2524,271.3259,24
8682,4147.5587000000005,259.7647,24
9541,4147.252,243.1181,24
9343,4146.6868,242.739,24
1983,4143.3287,361.21010000000007,24
9342,4143.2706,227.6103,24
5782,4140.4846,372.39809999999994,24
5681,4140.4846,372.39809999999994,24
8646,4140.0271999999995,289.2247,24
3280,4138.8850999999995,522.7543,24
3370,4138.6941,220.43669999999997,24
1134,4136.8771,423.3512,24
4123,4134.7908,323.4238,24
841,4133.3899,387.12119999999993,24
6637,4130.3588,401.9687,24
5389,4129.6551,362.824,24
6413,4127.7796,240.11719999999997,24
8768,4127.6996,315.54650000000004,24
6543,4123.7034,238.8646,24
5685,4122.0548,250.2035,24
7510,4119.4174,287.5386,24
6442,4117.8659,243.0052,24
8747,4117.1761,291.7425,24
8254,4116.5109999999995,259.712,24
4323,4111.2656,374.4314,24
2084,4105.6385,444.3290999999999,24
4184,4101.8324,393.7682,24
7090,4093.9382,277.57329999999996,24
2767,4090.6413,250.8684,24
2764,4090.6413,250.8684,24
7289,4089.868,276.7371,24
7288,4089.868,276.7371,24
2664,4088.8603000000003,250.7597,24
6042,4086.4491,243.2412,24
2866,4086.4467,250.5915,24
5682,4086.0333,368.7854,24
9064,4084.8616,269.2824,24
8710,4084.8475,244.0061,24
4218,4084.3172,238.1981,24
7003,4083.9276999999997,298.9603,24
2765,4083.7383,250.44760000000002,24
7830,4082.9513,452.5467,24
2768,4081.3218,250.3003,24
2950,4081.1017,273.65999999999997,24
7730,4079.0954,453.8499,24
6942,4078.4228,268.504,24
6628,4078.4082,302.1461,24
2665,4078.2012,250.11,24
5019,4074.9595999999997,268.0345,24
898,4074.8146,444.326,24
2073,4074.4378,232.0465,24
2867,4074.1891,249.7822,24
5783,4071.8897,361.17280000000005,24
3050,4070.5264,272.6632,24
6782,4069.513,513.4284,24
4322,4066.2092,383.6471,24
5802,4064.9383,262.1289,24
6613,4064.6762,237.10139999999996,24
2663,4063.7425,249.2586,24
2766,4059.7542,248.9512,24
5885,4059.6847000000002,245.7141,24
5787,4057.8191,244.9717,24
1135,4057.7951,407.1316,24
7408,4056.2925,292.17879999999997,24
7731,4056.2798,451.81350000000003,24
7249,4056.1963,439.21279999999996,24
5582,4056.143,366.8492,24
7801,4054.2985,282.9445,24
2666,4052.3091,248.5316,24
5622,4051.8839,325.0406,24
5683,4051.1068,366.46799999999996,24
338,4047.5106,410.96659999999997,24
2544,4045.7486,455.2324,24
2696,4041.4411999999998,234.0846,24
8709,4041.3944,244.08589999999998,24
8807,4041.3944,244.08589999999998,24
8909,4041.3944,244.08589999999998,24
8908,4041.3944,244.08589999999998,24
8708,4041.3944,244.08589999999998,24
9008,4041.3944,244.08589999999998,24
8808,4041.3944,244.08589999999998,24
8809,4041.3944,244.08589999999998,24
9108,4041.3944,244.08589999999998,24
5686,4041.2614,244.4452,24
9007,4040.932,244.06439999999998,24
2667,4037.9887,247.6586,24
6713,4037.7246,231.6245,24
843,4036.1861,325.9374,24
6540,4034.786,363.90520000000004,24
3617,4034.3417999999997,213.8823,24
8810,4028.6802,241.9629,24
2645,4026.1385999999998,457.266,24
2545,4026.1385999999998,457.266,24
2646,4026.1385999999998,457.266,24
2745,4026.1385999999998,457.266,24
2644,4026.1385999999998,457.266,24
2445,4026.1385999999998,457.266,24
2546,4026.1385999999998,457.266,24
2446,4026.1385999999998,457.266,24
6636,4026.1366,302.4006,24
9206,4025.4467,239.1349,24
9723,4024.9537,272.05910000000006,24
5684,4022.8085,277.6731,24
8499,4022.0448,378.1343,24
8229,4021.8784,292.50530000000003,24
1540,4021.7839,300.9081,24
5784,4019.6427,252.50779999999997,24
2692,4019.5733,262.9779,24
3598,4019.3601,222.51910000000004,24
3698,4019.3601,222.51910000000004,24
2850,4018.0146999999997,270.0082,24
6311,4017.8092,231.6347,24
6003,4016.887,253.5738,24
9823,4015.7346,232.0304,24
3796,4015.5553,255.1754,24
6681,4014.4746999999998,497.8271000000001,24
7604,4013.8711,223.6899,24
8633,4013.6434,238.4556,24
2868,4012.8302,245.73160000000001,24
2593,4012.2482,215.12670000000003,24
844,4011.3224,262.7722,24
9207,4010.9447999999998,240.2043,24
8806,4010.5058,241.7531,24
3498,4010.2275,223.58750000000003,24
3141,4009.2761,223.5358,24
9628,4007.9574000000002,278.0552,24
743,4005.7121,260.4675,24
7703,4005.3311,224.19330000000002,24
8435,4004.3599,261.4748,24
9009,4003.7715,240.1179,24
651,4003.2213,219.0834,24
6409,4001.5827999999997,253.0827,24
2083,3999.8413,424.52020000000005,24
1441,3997.5008000000003,241.38760000000002,24
6443,3996.4053,231.0258,24
9620,3996.2303,231.84969999999998,24
9922,3995.6962,231.8415,24
9618,3995.4234,231.8405,24
9619,3995.4234,231.8405,24
7514,3994.9913,217.685,24
1034,3993.5807,411.94849999999997,24
9621,3993.5443,231.7256,24
9721,3991.6345,231.6543,24
5785,3990.1009,242.2758,24
6843,3986.6985,252.1315,24
9821,3986.4721,231.40069999999997,24
9822,3985.5999,231.36520000000002,24
6741,3984.3622,254.0933,24
9722,3983.9521,231.053,24
9528,3983.7344,279.1842,24
5786,3983.4942,241.53379999999999,24
7614,3983.0724,216.70790000000002,24
2372,3979.1615,223.7766,24
8964,3976.9481,265.8839,24
5797,3974.4381,270.9058,24
2922,3972.7512,431.237,24
6682,3972.6933,495.79470000000003,24
8402,3971.4364,267.5248,24
9418,3964.4937999999997,224.25459999999998,24
2818,3963.0452,291.5191,24
6740,3961.7283,318.8556,24
7189,3960.8722000000002,267.148,24
5520,3960.0818999999997,266.1909,24
340,3959.2772,401.262,24
7089,3959.0459,267.0122,24
2452,3958.1411,245.1904,24
5687,3955.6235,238.0635,24
1040,3955.5913,296.9847,24
7230,3955.4393,253.4456,24
5489,3953.5125,346.4194,24
2881,3952.9958,238.0232,24
2979,3951.8103,296.666,24
2294,3951.086,225.3304,24
5118,3949.7095999999997,250.9171,24
8433,3948.8558,242.21320000000003,24
9841,3948.7378,297.928,24
7409,3948.1121,287.3902,24
7508,3948.1121,287.3902,24
7509,3948.1121,287.3902,24
2763,3947.6376999999998,241.42809999999997,24
637,3945.4725,399.6629,24
6094,3943.9903,241.8539,24
9208,3941.4967,234.52020000000002,24
9926,3937.7961,235.48760000000001,24
1492,3937.456,245.92329999999998,24
8910,3936.7217,232.6804,24
7320,3934.1425,403.85350000000005,24
8354,3931.7625000000003,274.7004,24
5539,3931.7266999999997,232.98199999999997,24
9718,3929.6902,227.9125,24
5589,3929.3821,348.7576,24
2566,3929.2557,240.35970000000003,24
645,3929.1672000000003,252.8399,24
742,3929.0396,280.90840000000003,24
1544,3924.1007999999997,265.1594,24
7410,3923.1847,274.5254,24
9622,3921.523,232.7768,24
7718,3919.4048000000003,271.7579,24
6535,3918.1515,301.39099999999996,24
7699,3917.544,216.6121,24
9107,3913.4436,236.97109999999998,24
8533,3911.0734,230.43400000000003,24
9518,3910.816,226.08069999999998,24
2236,3909.8056,306.2409,24
6928,3909.1839,286.9391,24
1488,3908.1174,423.8462,24
4483,3906.4583000000002,239.07139999999998,24
5884,3904.961,237.44,24
1568,3900.1967,234.1483,24
842,3899.8045,268.7958,24
3922,3899.7017,259.6855,24
8867,3899.1176,333.7268,24
2393,3899.015,220.36069999999998,24
6608,3896.7687,251.348,24
876,3895.6209,250.38119999999998,24
2923,3894.9643,501.8125,24
9693,3894.4582,330.07529999999997,24
6342,3889.3329,225.578,24
8811,3888.4229,236.48370000000003,24
8017,3887.6336,311.9678,24
2581,3885.7395,288.1288,24
2533,3884.4727,276.563,24
7711,3884.0655,311.0183,24
8532,3882.5935,229.7865,24
8119,3882.4848,237.7862,24
5018,3880.9892999999997,249.8543,24
5119,3880.9892999999997,249.8543,24
1569,3879.7214000000004,232.87310000000002,24
3061,3878.6732,195.7609,24
2552,3877.2746,237.1131,24
1387,3871.5905000000002,422.2339,24
1974,3870.1727,212.7541,24
1487,3868.1469,422.1051,24
1386,3866.1263000000004,422.02560000000005,24
943,3864.7772999999997,255.3772,24
3040,3861.3614,209.7847,24
7585,3860.3256,225.938,24
941,3859.5928,253.8872,24
5995,3855.088,261.2443,24
644,3854.7853999999998,253.5394,24
7603,3851.8232,208.96529999999996,24
1486,3851.4792,422.31179999999995,24
944,3851.3307,247.72269999999997,24
1443,3850.1155000000003,235.6767,24
1140,3848.793,249.8836,24
642,3848.0859,359.5611,24
5688,3846.2898,230.8734,24
8812,3846.0177999999996,253.18460000000002,24
1985,3842.8824,305.2149,24
2744,3841.0931,417.6628,24
1041,3840.8193,246.92759999999998,24
1141,3840.8193,246.92759999999998,24
942,3840.8193,246.92759999999998,24
1042,3840.8193,246.92759999999998,24
8632,3840.5594,231.0521,24
9522,3840.4791,264.4996,24
2497,3839.2668,214.55720000000002,24
3685,3837.5883,310.771,24
5117,3837.5018,214.5135,24
7625,3834.301,381.66179999999997,24
7295,3833.9399000000003,224.47520000000003,24
3585,3831.6966,302.1362,24
4918,3830.3423000000003,265.72950000000003,24
2047,3830.1376999999998,322.8449,24
9792,3828.2124,266.813,24
151,3827.4794,207.73560000000003,24
7829,3826.3596,399.25370000000004,24
3015,3823.2634000000003,216.11599999999999,24
5191,3822.6863000000003,244.18220000000002,24
3589,3822.3437,293.3611,24
9501,3822.2183999999997,220.24550000000002,24
7296,3822.0950000000003,225.1728,24
835,3821.8918999999996,402.37799999999993,24
8103,3818.0579,258.2351,24
897,3817.4927,417.0079,24
8880,3816.6528,230.7036,24
1385,3814.5852,404.3084,24
8235,3814.1362,267.7486,24
9994,3810.5646,285.2616,24
3079,3809.9343999999996,272.4282,24
6389,3809.3784,250.83350000000002,24
7502,3806.3987,205.27179999999998,24
9521,3804.9531,216.79899999999998,24
5882,3800.9752,328.79189999999994,24
2693,3800.7003,232.225,24
2094,3799.3170999999998,210.70829999999998,24
5583,3798.609,340.0011,24
6611,3796.2653999999998,219.4126,24
1759,3795.6329,317.9243,24
7150,3792.8178,660.323,24
7526,3792.5628,349.36199999999997,24
9109,3792.2427000000002,239.0043,24
3782,3782.243,263.1586,24
9900,3781.5932,333.89619999999996,24
6943,3780.7774,257.7327,24
2865,3779.1329,230.3037,24
2482,3778.6455,255.09539999999998,24
6998,3774.3269,212.6542,24
1043,3773.3660999999997,242.74390000000002,24
1994,3769.6949,208.4778,24
342,3768.3343,346.75149999999996,24
3264,3765.6349,220.5459,24
6813,3764.1141,211.91189999999997,24
437,3759.3593,382.3645,24
6489,3758.9788,285.0834,24
3078,3755.9292,282.04089999999997,24
7332,3753.5246,348.5434,24
4119,3750.9322,273.4298,24
2892,3750.3772,275.7789,24
7433,3750.0759,364.70029999999997,24
2194,3748.111,205.89800000000002,24
7824,3747.1635,403.2288,24
8118,3744.4945000000002,230.4642,24
5815,3743.4957,224.1556,24
9004,3740.8772,257.1046,24
1240,3738.0978,242.788,24
756,3736.3548,248.7186,24
5742,3735.7764,251.7035,24
3795,3734.8489,252.435,24
8907,3733.2355000000002,225.5888,24
6941,3730.4062,250.0501,24
7620,3730.3856,254.19400000000002,24
7187,3729.7458,220.8419,24
2565,3727.0202,223.485,24
2495,3725.1552,203.5632,24
1142,3723.5834999999997,239.51519999999996,24
2250,3717.5298000000003,235.5917,24
6539,3717.433,343.07220000000007,24
940,3715.1157,329.1003,24
3080,3712.754,349.9698,24
759,3712.5134,321.893,24
6840,3711.831,248.21609999999998,24
4022,3710.4034,312.2229,24
4220,3707.5904,301.0561,24
1887,3703.9355,238.88670000000002,24
3886,3702.5126,231.8707,24
351,3700.3228,210.60850000000002,24
4982,3698.3894,326.5458,24
1345,3695.8206,231.7814,24
7322,3695.1785,525.1264,24
7321,3695.1785,525.1264,24
1388,3694.9631,405.5492,24
6202,3694.4515,231.4501,24
7695,3691.8384,219.1646,24
7422,3690.1942999999997,518.4922999999999,24
5813,3684.7383,210.1875,24
3268,3683.8444,216.9269,24
2992,3683.0608,270.5215,24
6537,3680.4167,342.6352,24
5883,3679.1416999999997,288.1621,24
4773,3678.2416000000003,199.5147,24
2351,3677.1248,229.7123,24
8648,3676.3403,265.377,24
8547,3676.3403,265.377,24
8548,3676.3403,265.377,24
8647,3676.1333,265.373,24
6841,3674.5529,246.02949999999998,24
6839,3674.3099,248.5824,24
543,3673.5341,331.2249,24
2374,3669.1803,202.80939999999998,24
9115,3668.8726,241.83669999999998,24
1285,3667.0238,400.6613,24
8748,3666.044,217.1157,24
1798,3665.6167,221.0224,24
9780,3664.6336,268.5122,24
8584,3663.3028,212.48199999999997,24
8335,3661.6341,238.7498,24
5623,3661.0777000000003,351.94550000000004,24
2891,3659.8793,264.9117,24
7421,3655.7156,432.80989999999997,24
5289,3654.869,236.4497,24
450,3653.1555,206.2297,24
2927,3652.2414,247.39129999999997,24
1493,3650.6519,227.3247,24
2072,3649.8129,198.8508,24
8531,3641.007,212.0217,24
9519,3638.2942000000003,210.0627,24
1570,3633.5183,216.53180000000003,24
7702,3630.6865,215.0365,24
2718,3627.6774,238.22719999999998,24
5182,3623.0756,369.2389,24
7833,3622.6097,265.14149999999995,24
3265,3622.3232,213.4389,24
3168,3621.9874,211.02420000000004,24
3263,3621.7395,211.41840000000002,24
9918,3619.7223,219.051,24
7586,3615.5939,214.9502,24
9818,3615.2826,209.048,24
6441,3612.7747999999997,218.7172,24
6842,3611.2402,240.3065,24
7521,3605.8652,287.2971,24
3162,3602.3643,188.48059999999998,24
3373,3595.3435,198.26569999999998,24
8325,3594.4893,209.7809,24
9014,3594.1455,232.45980000000003,24
6220,3593.3568,206.2619,24
2694,3592.5739,195.7072,24
6598,3591.4691,236.4438,24
2596,3590.0602,192.0539,24
9388,3588.6297,393.84509999999995,24
8124,3587.4191,253.34550000000002,24
7298,3587.0251,217.1307,24
8702,3585.2787,258.4153,24
7522,3581.4384,274.38329999999996,24
2960,3581.4299,182.5548,24
9617,3581.4231,202.50429999999997,24
3179,3579.8792000000003,486.64340000000004,24
2394,3576.9872,191.39159999999998,24
661,3573.3554,317.4318,24
1996,3567.8729,192.48520000000002,24
7312,3564.1432999999997,205.2609,24
2869,3563.7467,216.09050000000002,24
3180,3560.3777999999998,508.37039999999996,24
5898,3560.1862,261.97630000000004,24
2186,3559.6014,211.24070000000003,24
8911,3557.185,252.43030000000002,24
6415,3555.1686,254.6465,24
10000,3546.5005,314.7566,24
3699,3544.4796,198.4219,24
9010,3542.7257999999997,241.61180000000002,24
544,3536.8976000000002,248.7877,24
4620,3536.5688,222.59429999999998,24
1044,3535.8098,228.23969999999997,24
7729,3533.987,345.93850000000003,24
857,3533.6702,223.08769999999998,24
6627,3530.9502,258.5094,24
2498,3529.4298,216.64549999999997,24
2251,3528.5841,221.1037,24
3683,3527.5041,248.1061,24
7329,3526.3079000000002,241.1137,24
3392,3522.985,242.9715,24
3391,3522.985,242.9715,24
6887,3521.7973,230.0788,24
9215,3519.3716,224.8173,24
5793,3518.0149,245.1121,24
6528,3516.8671,257.517,24
1286,3515.5767,380.1295,24
5789,3513.0463999999997,203.8882,24
7621,3512.7576,267.4495,24
1947,3512.7412999999997,272.947,24
7626,3511.1929999999998,346.09369999999996,24
9840,3509.9796,261.0471,24
4384,3508.6419,272.664,24
9827,3506.9225,237.1759,24
5215,3504.8007,200.07420000000002,24
771,3504.1269,221.5294,24
8582,3503.8877,221.94800000000004,24
2594,3496.9556000000002,187.3373,24
241,3495.2557,321.09489999999994,24
3786,3492.8389,218.77870000000001,24
2769,3490.7777,213.91590000000002,24
7222,3490.4729,347.69040000000007,24
1997,3486.8528,193.50900000000001,24
3164,3481.8462,203.21720000000002,24
5836,3480.9492,203.7646,24
7414,3480.6652,211.70979999999997,24
1131,3479.5283,213.0189,24
5983,3479.1767,220.0619,24
5996,3478.5279,258.0015,24
1059,3477.7526,199.5856,24
636,3475.9753,353.1411,24
8902,3473.7976,239.0061,24
8912,3472.83,249.39,24
5493,3472.4772,300.91929999999996,24
9316,3470.9906,207.6218,24
3266,3469.8728,206.12259999999998,24
3797,3466.5826,187.43390000000002,24
2295,3464.9397,185.71549999999996,24
2395,3464.9397,185.71549999999996,24
2095,3464.9397,185.71549999999996,24
2297,3464.9397,185.71549999999996,24
2396,3464.9397,185.71549999999996,24
2496,3464.9397,185.71549999999996,24
2397,3464.9397,185.71549999999996,24
2096,3464.9397,185.71549999999996,24
2595,3464.9397,185.71549999999996,24
2296,3463.0787,185.60459999999998,24
1995,3461.1542,185.49,24
9639,3460.554,256.2805,24
2978,3459.1814999999997,234.9531,24
8566,3458.0851,198.3765,24
7917,3457.9415,289.8736,24
4888,3457.4476999999997,268.85360000000003,24
4021,3457.0309,325.2259,24
1746,3455.8747,305.98019999999997,24
5942,3454.1868999999997,204.4331,24
3269,3452.9692,195.685,24
2195,3449.7071,185.15109999999999,24
2196,3449.2488,184.6413,24
7717,3448.9464,209.9732,24
2695,3447.3256,184.8571,24
5533,3447.271,204.21779999999998,24
5633,3447.126,204.21779999999998,24
3165,3444.3452,201.1293,24
8905,3442.6378,228.5221,24
2350,3442.0308,216.3706,24
5433,3441.3257,203.79729999999998,24
7297,3440.6509,212.962,24
8101,3439.1282,225.332,24
3399,3438.6516,194.35760000000002,24
6615,3438.2771,247.4565,24
2980,3435.3347000000003,262.11650000000003,24
4086,3434.4797,204.9814,24
6908,3433.8125,235.5164,24
8813,3432.1359,249.51690000000002,24
6727,3429.4987,246.0616,24
8729,3426.5693,196.3134,24
3499,3425.6444,190.30810000000002,24
9011,3422.1581,216.94299999999998,24
4120,3419.8782,322.6861,24
7633,3419.5185,335.25,24
9315,3413.5194,206.50960000000003,24
370,3412.4539999999997,211.754,24
369,3412.4539999999997,211.754,24
5297,3408.6358,201.1705,24
9515,3408.4249,202.5084,24
9417,3403.9323999999997,202.053,24
8001,3403.4169,228.8988,24
9416,3402.0093,202.0503,24
9214,3400.4781,204.9134,24
3577,3400.4609,179.2109,24
7188,3399.532,225.41940000000002,24
5984,3399.0436,195.13600000000002,24
3543,3398.4034,202.5205,24
2197,3398.396,182.22719999999998,24
9012,3394.2757,231.04610000000002,24
3249,3393.3914,206.4025,24
5393,3392.5477,289.0755,24
1437,3392.2939,313.2914,24
2451,3390.7378,213.6345,24
7624,3385.6162,312.83630000000005,24
7309,3385.2488,215.0912,24
4221,3385.1221,323.11350000000004,24
9335,3384.3169,213.08759999999998,24
6827,3382.8858,305.6213,24
8780,3382.4358,199.7773,24
9415,3377.5672,202.9921,24
3267,3370.0079,196.97270000000003,24
5994,3369.277,202.7769,24
7732,3366.0855,253.16160000000002,24
5537,3366.0703,200.5797,24
2564,3365.2853999999998,205.2661,24
2551,3363.6446,212.126,24
6289,3362.7559,216.1864,24
9502,3361.3702,193.3974,24
4222,3361.0228,320.98889999999994,24
4020,3360.2704000000003,306.32,24
3817,3357.4582,190.84199999999998,24
2651,3355.9326,211.65050000000002,24
4185,3355.0251,198.4411,24
3169,3350.6107,190.1398,24
4985,3350.5096,329.4269,24
3517,3350.3456,185.5976,24
7049,3346.2088,282.6949,24
4284,3346.0568,399.8865,24
4790,3345.931,375.2937,24
9209,3345.6853,252.42120000000003,24
3115,3343.6058000000003,186.2268,24
7632,3343.1887,312.4154,24
8356,3342.0353,219.4179,24
7048,3340.4254,288.0539,24
3163,3339.9591,195.1454,24
7623,3338.7846000000004,308.66690000000006,24
8913,3337.2079000000003,242.40500000000003,24
6536,3336.836,254.8077,24
7733,3336.2128,254.31119999999999,24
5997,3331.6901,256.40909999999997,24
1700,3331.2747999999997,254.25719999999998,24
3684,3330.9684,218.0241,24
3178,3330.846,259.3464,24
2481,3328.2999,225.26639999999998,24
9013,3325.3476,210.2725,24
3167,3325.2195,194.4968,24
4121,3324.8833,317.4882,24
2668,3324.6068,204.787,24
9216,3324.3729,203.5045,24
9213,3323.8,202.82839999999996,24
5895,3323.5429,256.35589999999996,24
5896,3323.5429,256.35589999999996,24
5796,3323.5429,256.35589999999996,24
5795,3323.5429,256.35589999999996,24
5897,3323.5429,256.35589999999996,24
758,3323.3648000000003,191.8189,24
2097,3323.0123,178.25419999999997,24
9114,3321.5783,202.90459999999996,24
9113,3320.5317,202.7725,24
8763,3318.9247,212.7439,24
4690,3318.4595999999997,350.272,24
4223,3317.728,317.1393,24
4122,3315.6666999999998,316.964,24
2959,3305.1224,186.049,24
9312,3300.8253,212.7696,24
7923,3300.1699,465.30709999999993,24
7152,3299.3396000000002,206.5563,24
270,3297.7436,204.1729,24
2450,3297.6333,206.6598,24
2449,3293.6487,302.11379999999997,24
443,3293.4314,310.0594,24
9314,3290.8549,201.0216,24
9311,3289.2921,254.11520000000002,24
9210,3288.2792,254.05169999999998,24
9110,3287.9952,254.0333,24
9111,3287.1303,253.97879999999998,24
2283,3286.9102,273.4009,24
3717,3286.1588,184.9098,24
6538,3286.0172000000002,262.34029999999996,24
8565,3280.0956,214.4891,24
558,3279.9798,206.05249999999998,24
4583,3279.859,217.6839,24
6826,3278.1261,302.73380000000003,24
9728,3277.7084,219.12570000000002,24
658,3273.9884,205.4565,24
6093,3273.4712,199.4211,24
7396,3272.8543,192.28609999999998,24
934,3272.7731999999996,335.9004999999999,24
6120,3269.4312999999997,192.54469999999998,24
240,3266.1549,306.09540000000004,24
3599,3265.3892,181.79410000000001,24
9615,3264.4866,189.0913,24
6434,3263.0544,250.33910000000003,24
8802,3260.0796,228.8911,24
1143,3257.4459,210.5301,24
9112,3257.137,220.6396,24
7395,3256.1033,189.6372,24
368,3254.2395,203.68670000000003,24
5693,3251.3873,265.0936,24
3270,3247.4722,182.47910000000002,24
2740,3247.2952999999998,184.12959999999998,24
9516,3244.9206,192.726,24
452,3244.2617,185.4939,24
9616,3241.9023,187.2439,24
9212,3240.4851,220.69740000000002,24
560,3235.954,261.7634,24
6136,3235.1286,237.3362,24
1941,3234.86,296.79249999999996,24
1571,3234.6538,214.10319999999996,24
3716,3233.6270000000004,182.8476,24
7401,3232.7309,173.4151,24
4885,3232.6159,197.08490000000003,24
9413,3232.3822,193.0116,24
551,3232.3817,184.7826,24
8018,3231.8898,218.28560000000002,24
7495,3230.1477,188.0291,24
152,3229.1312,173.0009,24
2681,3228.1985,243.3635,24
2839,3226.6033,182.9468,24
9414,3226.265,195.7364,24
2942,3226.1587,182.7343,24
8525,3225.1819,207.25619999999998,24
2939,3224.9977,182.8151,24
7798,3223.5743,181.8759,24
6614,3223.1486,206.9645,24
2941,3221.9157999999998,182.68329999999997,24
2841,3221.9157999999998,182.68329999999997,24
2840,3221.9157999999998,182.68329999999997,24
2940,3221.9157999999998,182.68329999999997,24
9211,3221.7947,249.87480000000002,24
3041,3221.1414,182.6103,24
1341,3220.3844,205.15529999999998,24
2741,3220.2628,182.4469,24
8681,3219.6185,207.5013,24
253,3219.2647,183.99790000000002,24
3689,3218.7686,248.68649999999997,24
3798,3218.0923,179.8926,24
2842,3216.5719999999997,181.91979999999998,24
4683,3214.0153,230.3025,24
7719,3212.9763,237.7035,24
3416,3211.8637,179.993,24
3415,3211.5014,179.9744,24
3615,3211.2455,179.63569999999999,24
1471,3207.7607,239.3353,24
3516,3207.0299,177.2059,24
3616,3206.7115,177.021,24
269,3202.1574,197.6954,24
3166,3201.6742,187.61810000000003,24
3241,3201.4991,177.7617,24
7534,3200.6914,356.0941,24
3987,3199.4909,190.6904,24
3316,3199.1567,179.3271,24
7818,3195.9964,231.594,24
3170,3191.1707,176.7481,24
1973,3189.4218,171.23430000000002,24
5992,3188.4875,208.12630000000001,24
3515,3188.0843999999997,182.62009999999998,24
9331,3186.8555,225.1558,24
9310,3184.9157,245.0618,24
7533,3182.8236,354.6464000000001,24
2742,3182.1428,179.41570000000002,24
545,3179.2311,254.539,24
3575,3175.3624,172.3913,24
549,3174.3581999999997,175.0176,24
7301,3174.33,182.89819999999997,24
4892,3172.9308,347.7541,24
3069,3171.2404,184.4096,24
1615,3166.9433,228.21149999999997,24
5593,3165.8043,272.1008,24
1438,3164.1573,236.0062,24
7231,3162.5131,220.85309999999998,24
3514,3160.1955,172.4795,24
7351,3152.4694,202.3662,24
7299,3150.27,193.2305,24
1491,3148.2585,193.0199,24
5628,3145.9089,174.0414,24
5214,3145.8236,413.21,24
353,3145.6121,179.58939999999998,24
3049,3145.2001999999998,183.5648,24
6137,3143.3639,202.8693,24
8865,3140.4895,226.8771,24
3371,3139.8515,171.4543,24
5283,3137.1982,383.8034,24
6142,3134.6294,184.64550000000003,24
445,3131.9858999999997,274.5163,24
3372,3129.3289,170.6652,24
6514,3125.8605000000002,208.11390000000003,24
1160,3124.5606,181.0673,24
2864,3122.9030000000002,186.9822,24
254,3119.6594,178.036,24
8202,3116.9279,204.7998,24
3473,3112.8469999999998,170.9042,24
8803,3112.8458,219.4259,24
4673,3109.558,165.6889,24
2519,3109.0824000000002,220.9479,24
1886,3108.2876,261.656,24
2819,3107.7128,219.6692,24
8434,3105.5192,203.1619,24
9313,3103.6961,189.34799999999998,24
3149,3102.801,181.2174,24
8334,3101.9965,210.3103,24
3794,3101.7490000000003,221.58450000000002,24
154,3101.1675,174.01,24
8704,3101.1468999999997,202.8423,24
4092,3100.842,168.0995,24
6527,3099.5445,219.36670000000004,24
1024,3096.6011,211.4608,24
2943,3095.3835,173.0878,24
6632,3094.4184,226.0931,24
6532,3090.888,223.39530000000002,24
7400,3086.7693,204.4278,24
2434,3085.9907,199.02149999999997,24
5183,3078.0755,368.99270000000007,24
8630,3075.5512000000003,174.4793,24
7725,3075.4859,303.2626,24
2822,3071.9782,215.0062,24
2967,3071.617,183.5967,24
2774,3066.4634,194.1464,24
3070,3066.0899,166.6158,24
3588,3065.906,231.81799999999998,24
3641,3063.4123,168.72209999999998,24
3997,3062.9141999999997,163.8705,24
4097,3062.9141999999997,163.8705,24
4098,3062.9141999999997,163.8705,24
5083,3061.893,253.1015,24
3996,3060.1115,163.73919999999998,24
4198,3059.7982,163.7258,24
4199,3059.3892,163.7068,24
3998,3058.8178,163.2251,24
5084,3058.4352,291.0844,24
9442,3056.7001999999998,182.7167,24
4096,3055.8123,163.6157,24
1241,3055.4791999999998,197.9821,24
2136,3055.1034,232.5773,24
7716,3052.9973,185.84300000000002,24
2563,3052.4623,188.9987,24
7615,3052.1963,185.7979,24
7616,3052.1963,185.7979,24
7515,3052.1963,185.7979,24
3077,3051.6985,179.1875,24
2619,3047.3932,218.21370000000002,24
4099,3047.3636,162.76340000000002,24
7308,3045.4858,205.6427,24
550,3044.321,170.09300000000002,24
268,3044.1565,186.9499,24
8703,3043.2505,215.09820000000002,24
4791,3041.9553,352.0222,24
6400,3041.3251,179.7462,24
666,3039.241,192.2024,24
2547,3036.7766,323.4517,24
3789,3033.1392,223.6482,24
8355,3028.8754,201.5313,24
8255,3028.8754,201.5313,24
858,3028.6217,183.942,24
5085,3028.3428,323.3992,24
7496,3028.0047,177.69869999999997,24
168,3027.5897,185.691,24
2719,3027.1054,217.3143,24
3897,3026.7995,161.418,24
169,3026.77,185.64460000000003,24
2821,3022.3875,217.1051,24
2521,3022.3875,217.1051,24
2820,3022.3875,217.1051,24
2420,3022.3875,217.1051,24
2520,3022.3875,217.1051,24
2621,3022.3875,217.1051,24
2622,3022.3875,217.1051,24
2721,3022.3875,217.1051,24
2722,3022.3875,217.1051,24
2720,3022.3875,217.1051,24
2620,3022.3875,217.1051,24
656,3021.7504,195.48069999999998,24
7601,3021.6833,163.31799999999998,24
3414,3021.5082,169.75619999999998,24
7622,3020.2888,268.89910000000003,24
3896,3020.1675,161.86780000000002,24
2421,3018.4872,216.8265,24
4496,3018.0648,160.7544,24
4519,3018.058,172.9275,24
2618,3017.6298,204.3801,24
657,3016.5965,195.1804,24
3271,3015.9768,163.7483,24
8430,3012.4162,182.76549999999997,24
352,3012.1196999999997,171.5466,24
7500,3006.7724,201.4928,24
4197,3005.1910000000003,161.1923,24
8728,3003.569,158.4794,24
4200,3001.2359,165.3559,24
757,3000.3015,183.7648,24
4495,2999.6132,163.6755,24
8805,2999.1315,191.1445,24
7207,2998.278,233.1753,24
153,2996.1521,165.9775,24
3341,2993.7661,165.62410000000003,24
453,2989.0571,170.219,24
6019,2986.5908,194.28199999999998,24
9517,2983.695,170.9359,24
6729,2983.0179,212.225,24
1914,2982.6982,172.81029999999998,24
6897,2982.2064,240.3615,24
2843,2977.9461,167.7118,24
9739,2977.3887,216.27859999999998,24
5894,2977.0924999999997,227.89249999999998,24
5184,2968.987,363.85999999999996,24
1882,2968.0657,194.07699999999997,24
6135,2967.7781999999997,214.23329999999999,24
552,2966.4058,168.8633,24
7797,2963.5807,176.0628,24
2845,2959.0816,267.3147,24
451,2956.5858,168.05200000000002,24
8102,2954.9132,190.7591,24
5723,2951.4676,321.7679,24
655,2948.9049,176.5367,24
643,2945.7383,216.5938,24
6904,2945.3878,217.36520000000002,24
7501,2942.536,160.18519999999995,24
68,2940.7914,180.2868,24
5429,2939.1204,172.5728,24
2435,2937.1861,217.51049999999998,24
2082,2934.6497,192.0936,24
2382,2934.068,210.66029999999998,24
300,2929.9375999999997,300.88669999999996,24
2366,2928.8343,180.5577,24
4292,2927.3799,161.87940000000003,24
6911,2927.3527,198.93900000000002,24
4100,2926.3574,154.7758,24
8425,2925.3827,161.0168,24
98,2924.6872,300.47290000000004,24
299,2924.188,300.4409,24
200,2923.7342,300.40680000000003,24
97,2923.6788,300.40200000000004,24
196,2923.6788,300.40200000000004,24
195,2923.6788,300.40200000000004,24
198,2923.6788,300.40200000000004,24
96,2923.6788,300.40200000000004,24
94,2923.6788,300.40200000000004,24
197,2923.6788,300.40200000000004,24
296,2923.6788,300.40200000000004,24
297,2923.6788,300.40200000000004,24
199,2923.6788,300.40200000000004,24
95,2923.6788,300.40200000000004,24
298,2923.6788,300.40200000000004,24
99,2923.6788,300.40200000000004,24
100,2923.3926,300.3851,24
252,2922.318,161.5457,24
7252,2921.2216,191.95839999999998,24
8767,2915.2996,239.1098,24
2522,2909.8479,209.6251,24
4193,2909.6659,159.1758,24
3400,2909.1386,165.71720000000002,24
6236,2909.0944,221.79089999999997,24
354,2908.3219,165.3868,24
6040,2903.3608,218.3233,24
3900,2901.7511,162.7935,24
3785,2899.4903,188.3986,24
7415,2898.759,216.1642,24
4394,2898.0522,161.83749999999998,24
871,2897.629,202.0048,24
7087,2894.4986,186.68309999999997,24
2805,2893.9836,176.48359999999997,24
3799,2888.9491,162.16870000000003,24
6315,2888.6692000000003,186.0781,24
652,2888.6373,164.7956,24
653,2884.2375,164.3527,24
654,2881.6376999999998,164.0915,24
4475,2880.596,193.85909999999998,24
7595,2879.5486,171.4075,24
6999,2876.6847,191.0224,24
8903,2874.2583,203.80719999999997,24
255,2874.2504,163.3475,24
455,2874.2504,163.3475,24
554,2874.2504,163.3475,24
553,2874.2504,163.3475,24
454,2874.2504,163.3475,24
355,2874.2504,163.3475,24
5694,2872.3233,224.6058,24
899,2870.1848,296.7975,24
7599,2869.0379,171.0362,24
1715,2868.3178,167.2754,24
397,2867.9235,292.0002,24
4318,2867.4017,163.7052,24
6925,2866.6164,236.4236,24
7498,2865.8065,171.3584,24
396,2865.7336,293.4315,24
1541,2865.4628,262.3349,24
7499,2864.8246,174.44219999999996,24
155,2862.5521,162.4311,24
2140,2862.274,179.78400000000002,24
3278,2860.9275,175.47189999999998,24
9436,2859.8063,178.77660000000003,24
2750,2858.112,163.0265,24
3071,2858.0771,158.8223,24
2971,2858.0771,158.8223,24
2419,2857.8725,197.6127,24
3918,2857.0728,162.77540000000002,24
7697,2856.303,169.75850000000003,24
7918,2855.8909,189.22549999999998,24
3171,2854.0672,158.17,24
8627,2851.9669,155.59709999999998,24
3895,2849.3721,153.7671,24
580,2848.2788,164.79940000000002,24
7598,2848.0446,169.6511,24
2972,2847.7855,158.8693,24
3072,2847.7855,158.8693,24
2973,2847.7855,158.8693,24
3074,2847.7855,158.8693,24
3073,2847.7855,158.8693,24
4196,2846.8461,153.7032,24
3999,2844.3409,152.0888,24
4774,2841.5656,151.54680000000002,24
9579,2841.5103,232.439,24
9580,2841.5103,232.439,24
9680,2841.5103,232.439,24
6235,2841.4286,218.5539,24
2966,2838.5887,168.213,24
3075,2836.0543000000002,157.6901,24
3272,2836.0496,155.0349,24
556,2835.4065,186.71620000000001,24
371,2835.1974999999998,167.95530000000002,24
9187,2834.7136,191.05349999999999,24
5902,2827.3467,178.7037,24
4095,2826.8926,152.9368,24
2872,2825.7835999999998,157.7552,24
557,2824.8867999999998,187.5113,24
3618,2823.9226,160.59369999999998,24
7497,2823.3799,168.17520000000002,24
3600,2822.5191,157.72270000000003,24
271,2822.2729,169.8173,24
3172,2820.8873,155.5617,24
2647,2818.7938,293.7938,24
170,2816.7268,170.50730000000001,24
345,2816.7075,250.5665,24
3273,2816.4002,154.7223,24
7596,2815.0122,167.8473,24
1436,2814.6557,268.6558,24
8501,2814.0301,207.46049999999997,24
3894,2813.2559,151.1216,24
7698,2812.0522,167.1033,24
2206,2811.5235000000002,171.95479999999998,24
8024,2811.487,349.27219999999994,24
7696,2811.4527,167.0814,24
4598,2810.2705,171.8793,24
4474,2810.1953000000003,201.1389,24
4194,2810.1388,152.75750000000002,24
2604,2809.4813,172.4627,24
3173,2808.5705,154.047,24
4298,2808.1063,152.04850000000002,24
2605,2807.7305,172.37310000000002,24
4299,2807.3894,152.0152,24
3124,2806.8534,270.4433,24
1145,2805.7838,180.9221,24
1916,2804.221,162.8002,24
3694,2803.6586,195.6878,24
2704,2803.4966,170.71169999999998,24
4094,2802.5672,151.9872,24
3898,2799.0995,151.6035,24
6797,2798.337,248.713,24
6799,2798.337,248.713,24
6798,2798.337,248.713,24
6898,2798.337,248.713,24
6899,2798.337,248.713,24
2085,2797.7688,220.5582,24
3174,2797.6648,152.7278,24
3177,2796.709,152.4654,24
9412,2796.365,163.3044,24
4195,2796.0849,151.5728,24
3994,2795.7854,151.2461,24
3175,2795.7232,152.4672,24
1975,2794.6485000000002,184.64770000000001,24
3474,2794.561,152.3087,24
3176,2794.2897,152.2909,24
3477,2794.2897,152.2909,24
3476,2794.2897,152.2909,24
3276,2794.2897,152.2909,24
3478,2794.2897,152.2909,24
3475,2794.2897,152.2909,24
3576,2794.2897,152.2909,24
3378,2794.2897,152.2909,24
3277,2794.2897,152.2909,24
3376,2794.2897,152.2909,24
3275,2794.2897,152.2909,24
3377,2794.2897,152.2909,24
3375,2794.2897,152.2909,24
1384,2793.5748,210.4447,24
4784,2793.1391,177.4735,24
3374,2793.1072,152.2021,24
976,2793.0898,180.2858,24
2265,2792.7453,160.7719,24
3274,2791.9853,152.1707,24
3995,2791.1548,151.1389,24
555,2788.6334,158.80020000000002,24
2706,2788.5134,170.48960000000002,24
2405,2788.5134,170.48960000000002,24
2606,2788.5134,170.48960000000002,24
2607,2788.5134,170.48960000000002,24
2506,2788.5134,170.48960000000002,24
2505,2788.0759,170.47110000000004,24
2306,2787.314,170.8872,24
6237,2787.2511999999997,214.03359999999998,24
457,2786.63,185.92999999999998,24
2915,2786.5682,179.9824,24
2081,2786.1525,192.359,24
4296,2786.0808,151.0577,24
6517,2785.7875,190.1565,24
2406,2784.7976,170.4738,24
2305,2784.5844,170.6544,24
2814,2782.4634,179.49690000000004,24
4498,2781.967,150.70010000000002,24
2974,2781.8874,153.2425,24
2813,2781.7066,179.40730000000002,24
2914,2781.1261,179.5831,24
8302,2780.6382,180.63240000000002,24
8904,2777.4221000000002,196.43990000000002,24
2463,2777.167,181.83759999999998,24
6987,2774.5139,179.07580000000002,24
4497,2774.491,150.489,24
4297,2774.491,150.489,24
4398,2774.491,150.489,24
4397,2774.491,150.489,24
4396,2774.4769,150.48810000000003,24
6341,2771.9865,201.63969999999998,24
356,2771.9088,171.4022,24
7597,2771.8513000000003,164.9431,24
4399,2771.6129,151.6024,24
1234,2770.3321,258.3342,24
456,2769.6499,178.7078,24
3076,2766.9395,151.25979999999998,24
2205,2766.1708,169.83230000000003,24
470,2765.7318,168.11320000000003,24
398,2765.1113,276.14939999999996,24
735,2763.7729,282.3175,24
6498,2763.1761,181.6961,24
3899,2763.1751,155.6918,24
4000,2763.1751,155.6918,24
1946,2763.0434,235.5129,24
2464,2761.8997,181.20260000000002,24
2879,2761.8082,180.1384,24
4191,2761.7747,159.43630000000002,24
4295,2761.5646,149.4976,24
2970,2760.7186,150.9101,24
2873,2760.4646,151.4132,24
6036,2759.8855,194.60590000000002,24
7111,2758.6346000000003,196.4584,24
4293,2757.2665,151.005,24
2815,2756.6709,177.40540000000001,24
2207,2755.3158,169.0858,24
4395,2754.8653,149.6902,24
2307,2754.7713,169.0628,24
1242,2754.4332,179.2195,24
5825,2752.5069,164.996,24
7819,2751.2461,190.5892,24
2364,2751.2391000000002,180.7593,24
2363,2751.2391000000002,180.7593,24
2465,2751.2391000000002,180.7593,24
2263,2750.4663,179.16039999999998,24
2504,2750.3008,168.16830000000002,24
2968,2749.11,162.3059,24
5695,2748.1965,214.1932,24
7720,2747.4144,213.851,24
2137,2747.0016,188.88699999999997,24
2365,2745.4752,178.3185,24
4590,2745.0816,197.65800000000002,24
1144,2744.756,178.71559999999997,24
7452,2743.6455,174.7159,24
2036,2742.8655,188.5289,24
2262,2742.0086,179.9682,24
2507,2740.8726,167.57819999999998,24
2743,2737.2451,166.0311,24
2037,2736.9201,188.68599999999998,24
4192,2735.7255,151.25649999999996,24
5383,2735.5091,324.25849999999997,24
1698,2735.2352,197.89299999999997,24
2707,2734.6592,167.6202,24
1739,2733.5280000000002,188.56980000000001,24
1738,2733.393,188.57170000000002,24
1839,2733.393,188.57170000000002,24
1838,2733.393,188.57170000000002,24
1737,2733.393,188.57170000000002,24
1937,2733.393,188.57170000000002,24
1837,2733.393,188.57170000000002,24
1938,2733.1868,188.52460000000002,24
1638,2733.0153,188.5016,24
7316,2732.729,229.4932,24
2038,2732.628,188.3966,24
1939,2732.4555,188.4383,24
2039,2732.2670000000003,188.3739,24
2138,2731.8706,188.34910000000002,24
2139,2731.2466,188.3101,24
7398,2730.7677,170.74089999999998,24
3490,2730.3761,150.7937,24
8329,2726.85,157.22719999999998,24
1940,2726.0443,188.0147,24
2183,2724.6839,241.5394,24
2264,2724.1901,163.4291,24
2058,2723.2542,200.5327,24
8804,2722.8693,194.3846,24
3586,2721.2855,171.7485,24
2679,2721.2753,204.88439999999997,24
3125,2715.6268,267.92229999999995,24
1840,2715.0259,187.5496,24
3783,2710.1625999999997,205.3396,24
9912,2709.9918000000002,213.3877,24
4093,2708.1077,147.5787,24
2466,2707.774,175.1942,24
2320,2707.7075,191.306,24
6912,2705.5912,197.8141,24
2016,2698.1664,164.4006,24
6440,2697.6767,195.674,24
6439,2694.8205,195.61950000000002,24
4789,2694.6265,214.66570000000002,24
1936,2693.9303,186.4695,24
6310,2693.6293,150.3474,24
764,2690.8447,203.23899999999998,24
2678,2689.813,188.2874,24
962,2689.5768000000003,161.93290000000002,24
1162,2689.5768000000003,161.93290000000002,24
1161,2689.5768000000003,161.93290000000002,24
6438,2689.46,192.0614,24
7221,2688.4132,340.3156,24
3889,2687.623,173.15669999999997,24
2844,2687.0174,176.929,24
3068,2686.717,158.9467,24
2878,2686.7117,184.701,24
2804,2685.8186,163.88850000000002,24
2863,2682.5960999999998,157.915,24
2778,2681.9578,186.1649,24
4300,2681.3261,154.8517,24
2165,2680.6293,150.1175,24
2166,2680.6142,150.1175,24
5936,2679.7943999999998,182.1783,24
3784,2679.7388,191.8782,24
2107,2678.535,163.91430000000003,24
6092,2678.4059,172.3734,24
1859,2677.1176,226.2425,24
6805,2672.6445,197.61989999999997,24
8765,2670.8582,167.9546,24
1062,2670.6661,160.89260000000002,24
2975,2670.1495,174.91099999999997,24
4818,2669.4962,175.5472,24
2080,2664.914,171.36589999999998,24
1637,2664.373,184.8948,24
8766,2663.4094999999998,173.171,24
4019,2662.9339999999997,207.53209999999999,24
2874,2661.7738,178.34549999999996,24
7313,2660.8486,170.5762,24
6037,2660.6276000000003,179.2561,24
2977,2658.0183,183.1681,24
8665,2657.3504,189.2289,24
5790,2656.9403,186.8709,24
2976,2654.017,182.70389999999998,24
2777,2651.8611,182.40949999999998,24
1344,2650.7178,172.30180000000001,24
2849,2648.9642,175.3158,24
7220,2641.7865,296.2133,24
6518,2641.7533,243.20909999999998,24
295,2640.8633,266.3804,24
5438,2638.1038,232.39690000000002,24
6435,2638.0998,209.5185,24
9429,2637.0803,172.3087,24
3445,2636.7877,140.3836,24
861,2636.4864,168.4067,24
458,2635.34,168.25480000000002,24
6437,2635.0712,195.7033,24
2776,2634.6567,181.95489999999998,24
8666,2634.0517,187.4561,24
7108,2633.7262,208.72860000000003,24
6339,2632.5327,207.2972,24
1245,2631.3983,171.602,24
2806,2631.2999,162.1129,24
1343,2630.241,171.4794,24
1342,2630.241,171.4794,24
1243,2630.241,171.4794,24
3500,2630.0452999999998,147.54219999999998,24
1244,2629.5038,171.4527,24
2167,2626.5428,145.44,24
6340,2625.7044,203.1532,24
3594,2623.357,162.6229,24
1565,2621.5022,159.763,24
2876,2620.4384999999997,182.6914,24
5538,2619.5472,165.098,24
2875,2618.6933,181.54829999999998,24
4986,2617.8329,283.62669999999997,24
4190,2617.7256,146.4723,24
5940,2617.6163,177.1223,24
2677,2617.0186,176.831,24
1980,2616.6318,190.73119999999997,24
6990,2616.3834,165.1828,24
6338,2615.6882,180.5575,24
1978,2615.5694,206.5146,24
6436,2614.6567,208.2713,24
6399,2614.5938,166.72830000000002,24
3224,2614.1947,259.0693,24
3887,2613.4021,178.06779999999998,24
7210,2611.8872,190.12529999999998,24
4792,2609.5163000000002,317.5212,24
1061,2609.159,157.4605,24
7399,2608.4317,166.2434,24
6888,2607.6515,167.8818,24
3787,2606.7327999999998,178.7765,24
2567,2606.4636,161.9939,24
1979,2605.855,206.1376,24
6301,2605.0112,164.47560000000004,24
5733,2604.042,153.79059999999998,24
8700,2603.4151,282.6304,24
8530,2601.032,151.45960000000002,24
7300,2600.4033,166.69,24
8428,2600.3257,152.58010000000002,24
3519,2600.2615,147.17680000000001,24
6336,2599.9072,206.9998,24
6337,2599.9072,206.9998,24
8628,2599.8738,149.8758,24
5516,2599.203,142.32659999999998,24
6334,2598.9704,206.86790000000002,24
1699,2597.7944,171.25920000000002,24
6335,2596.9101,206.5892,24
469,2593.4064,158.5469,24
1981,2591.4642,150.731,24
5904,2591.2514,154.52130000000002,24
6041,2591.08,162.97660000000002,24
4294,2586.8325,140.7908,24
8527,2585.5786,150.0958,24
2877,2584.304,181.8434,24
862,2581.8418,151.37,24
8429,2581.4491,151.3512,24
2779,2581.1086,187.3019,24
2356,2580.9019,196.0856,24
2762,2579.9407,153.6792,24
8201,2579.6056,166.77100000000002,24
9717,2579.5729,140.934,24
3126,2578.8747,187.5437,24
2181,2577.1953,194.5109,24
4491,2577.0936,157.1636,24
4999,2577.0307,177.8084,24
2580,2576.1396999999997,193.35,24
4418,2576.1049,145.8735,24
996,2575.7689,277.84749999999997,24
7532,2573.099,311.4907,24
8528,2572.399,150.7285,24
3686,2569.0101,186.861,24
2508,2568.8369000000002,157.7198,24
6138,2568.7398,222.9939,24
6618,2568.0445,240.1854,24
6619,2568.0445,240.1854,24
6520,2568.0445,240.1854,24
6620,2568.0445,240.1854,24
6519,2568.0445,240.1854,24
2473,2567.6799,146.6355,24
3042,2567.5909,138.5024,24
2775,2565.3857,171.4103,24
8529,2565.1153,150.2702,24
2812,2564.8411,162.02120000000002,24
1880,2562.0899,201.8705,24
9306,2561.2727,153.564,24
7929,2560.8431,172.7253,24
7217,2559.2305,178.6018,24
156,2556.2649,137.7536,24
3687,2555.7318999999998,175.7888,24
4393,2554.734,141.995,24
8129,2554.1198999999997,168.4842,24
3800,2553.8874,143.6663,24
2705,2553.8152,155.74040000000002,24
2949,2553.7984,175.5198,24
8629,2553.2197,149.4407,24
6242,2551.5382,153.3397,24
9309,2551.391,190.1116,24
444,2549.055,248.3493,24
2871,2547.1201,143.6094,24
3700,2546.6621,142.5077,24
7148,2546.2984,205.4982,24
2608,2545.7903,157.77870000000001,24
4576,2545.0747,201.519,24
2157,2544.89,191.7666,24
665,2542.1512,194.94779999999997,24
3816,2541.677,148.4046,24
9503,2539.0135999999998,148.343,24
7219,2538.0562,200.6065,24
4793,2536.862,296.4367,24
9307,2534.9213,153.7054,24
6238,2534.292,207.68159999999997,24
9479,2532.9269,210.0428,24
256,2527.2046,142.2924,24
2680,2526.8255,182.3805,24
1977,2526.5068,198.85430000000002,24
3921,2526.1721000000002,182.08300000000003,24
3441,2524.0929,137.52339999999998,24
7031,2523.0464,169.247,24
2747,2521.7395,236.9234,24
3063,2520.3437,149.7769,24
2963,2520.3437,149.7769,24
3065,2520.3437,149.7769,24
3064,2520.3437,149.7769,24
2964,2520.3437,149.7769,24
3067,2520.3437,149.7769,24
2965,2520.3437,149.7769,24
3066,2520.3437,149.7769,24
1879,2512.4393999999998,204.51839999999999,24
2862,2510.8518,149.09199999999998,24
6141,2510.0941000000003,189.8212,24
2924,2509.8222,263.7456,24
6140,2507.5171,226.02209999999997,24
2550,2507.382,140.9086,24
7008,2505.9913,193.7406,24
6203,2505.4289,149.3389,24
357,2505.2462,161.2571,24
7149,2505.1772,476.1686,24
2969,2505.0669,147.8504,24
3718,2504.7845,147.2847,24
7218,2504.3012,176.02779999999998,24
8581,2502.7867,201.9948,24
8225,2501.5201,142.5038,24
2407,2500.979,153.21939999999998,24
9514,2499.0333,147.15030000000002,24
9813,2497.907,196.46419999999998,24
8301,2497.6297,161.1877,24
971,2495.1813,186.7884,24
5702,2495.1495999999997,148.4306,24
4392,2494.7291,144.642,24
2715,2492.7837,156.5445,24
3688,2491.9369,159.5425,24
1875,2491.0267,206.53170000000003,24
5812,2490.5919,133.47140000000002,24
6719,2490.4044,231.265,24
4597,2485.7548,134.012,24
2781,2485.2831,162.289,24
6139,2485.2342,226.4562,24
6240,2485.2342,226.4562,24
6239,2485.2342,226.4562,24
1836,2485.0987999999998,175.34369999999998,24
6420,2482.5939,168.59500000000003,24
2335,2482.4040999999997,234.6154,24
6726,2482.3622,204.6613,24
5791,2479.5052,174.356,24
7117,2479.1998,174.63649999999996,24
2827,2477.8051,203.9081,24
6720,2476.0701,229.38679999999997,24
7432,2471.9175999999998,298.6562,24
1878,2470.6882,203.88459999999998,24
6241,2468.5722,213.0067,24
1982,2465.7467,163.28730000000002,24
69,2462.1481,144.6433,24
5292,2462.13,199.6415,24
2714,2460.9578,156.535,24
4291,2459.7059,141.01709999999997,24
6039,2459.3685,217.5548,24
1772,2459.3314,150.3159,24
2913,2457.7400000000002,155.73200000000003,24
1881,2456.3505,160.09600000000003,24
7820,2455.8376,178.6677,24
961,2455.0131,149.8731,24
1674,2455.0036999999998,184.7308,24
7352,2454.6768,177.6207,24
4691,2453.2263,292.9235,24
2807,2450.1653,152.4617,24
1877,2446.2424,203.15,24
1815,2445.7838,148.4001,24
1915,2445.7838,148.4001,24
3788,2445.1711999999998,169.43269999999998,24
1271,2445.1503000000002,210.53660000000002,24
5903,2444.4912,143.4128,24
2182,2443.6348,245.4538,24
4391,2443.2593,139.84969999999998,24
2708,2441.165,151.9823,24
1669,2440.9663,150.3567,24
6910,2440.8503,181.0567,24
2362,2440.6937000000003,159.77640000000002,24
3715,2438.9351,146.9425,24
2713,2438.8184,151.5525,24
2075,2438.2143,131.95260000000002,24
3722,2438.2082,157.4676,24
1872,2437.1944000000003,148.528,24
5188,2435.6267,154.87619999999998,24
6421,2433.1585,156.5819,24
9539,2432.9216,134.1022,24
5941,2432.642,155.1556,24
3818,2432.2275,143.82150000000001,24
4987,2430.6835,202.18200000000002,24
6321,2430.4545,158.269,24
6221,2430.4545,158.269,24
6320,2430.4545,158.269,24
6322,2430.4545,158.269,24
3822,2430.2122,142.40009999999998,24
2171,2428.7731,133.7542,24
3248,2427.1692,176.4932,24
3247,2427.1692,176.4932,24
1871,2426.3852,148.8649,24
6929,2426.1336,164.91049999999998,24
1775,2425.0443,205.1698,24
1675,2425.0443,205.1698,24
1876,2424.6038,202.05980000000002,24
3315,2423.2576,138.5612,24
664,2422.8699,181.476,24
6414,2421.9095,151.4955,24
2846,2420.8049,186.49880000000002,24
6408,2418.2191000000003,166.9754,24
6508,2417.6073,166.6402,24
6308,2417.6073,166.6402,24
6207,2417.6073,166.6402,24
6206,2417.6073,166.6402,24
6307,2417.6073,166.6402,24
6306,2415.8251999999998,166.4672,24
6699,2414.8257,137.2646,24
1673,2412.8291,147.7319,24
6234,2411.9392000000003,190.1995,24
1335,2411.7486,220.3799,24
6208,2408.4951,161.1818,24
5086,2408.2712,271.5902,24
6004,2407.161,141.319,24
2235,2407.1275,232.0532,24
2282,2406.464,254.488,24
1639,2405.5909,171.42719999999997,24
2905,2405.3427,142.9744,24
2808,2403.59,149.9172,24
5724,2401.7612,293.4874,24
1672,2399.7873,145.6876,24
1971,2399.5423,145.5585,24
5197,2399.1573,168.8737,24
2709,2397.0632,149.96880000000002,24
2079,2396.8385,184.6589,24
6407,2396.4079,164.701,24
399,2393.4159,223.49899999999997,24
1773,2390.8874,144.6746,24
1676,2389.666,202.6998,24
1678,2389.666,202.6998,24
1677,2389.666,202.6998,24
1477,2389.666,202.6998,24
1576,2389.666,202.6998,24
1578,2389.666,202.6998,24
1577,2389.666,202.6998,24
1776,2389.666,202.6998,24
1777,2388.8972,202.66989999999998,24
8664,2387.9309,148.3761,24
4808,2386.9662,132.9517,24
4591,2386.1957,213.75580000000002,24
372,2385.0075,167.723,24
536,2384.2644,224.99290000000002,24
1774,2383.754,173.4603,24
2040,2383.5822000000003,164.3489,24
1779,2382.7888,202.4327,24
1060,2382.7335,146.1888,24
7397,2381.8725,144.8779,24
1778,2381.0699999999997,202.366,24
2066,2380.4957,133.6244,24
1780,2380.3636,202.3,24
863,2379.9045,145.6069,24
2078,2376.6199,181.79989999999998,24
1771,2371.0632,146.4287,24
6309,2370.8206999999998,138.7507,24
6714,2370.4989,145.0467,24
5638,2370.0487,143.4951,24
50,2369.5683,129.6877,24
7215,2368.3959,197.9726,24
7315,2368.3959,197.9726,24
7216,2367.6269,195.5093,24
565,2366.0110999999997,162.4792,24
2408,2364.7425,144.86970000000002,24
2609,2362.6029,147.5214,24
7115,2360.3916999999997,197.35089999999997,24
2135,2359.6137,229.59109999999998,24
7924,2359.563,300.90959999999995,24
2472,2357.3942,132.40980000000002,24
3587,2355.9753,164.1871,24
5696,2355.4728,178.48449999999997,24
4612,2355.2631,131.71310000000003,24
4511,2355.2631,131.71310000000003,24
4513,2355.2631,131.71310000000003,24
4313,2355.2631,131.71310000000003,24
4312,2355.2631,131.71310000000003,24
343,2355.052,229.37109999999998,24
4611,2354.8702000000003,131.68630000000002,24
1679,2354.8351000000002,199.1801,24
4411,2354.1471,131.66680000000002,24
4512,2354.0583,131.66310000000001,24
4311,2353.8298,131.6536,24
2907,2353.6384,146.6727,24
7208,2353.3151,190.59049999999996,24
4711,2352.6417,131.60320000000002,24
4412,2351.6449000000002,131.5627,24
4413,2351.6449000000002,131.5627,24
3614,2350.2869,149.1009,24
2509,2348.5563,146.0597,24
2308,2347.9665,144.169,24
9513,2347.5682,143.5052,24
4707,2344.4923,130.7077,24
9941,2344.4288,163.0735,24
1476,2343.5665,195.91209999999998,24
5741,2342.4831,194.7019,24
5185,2340.8232,317.2743,24
2945,2339.8913,173.61759999999998,24
2870,2338.6058000000003,132.22140000000002,24
4410,2337.4375,130.97260000000003,24
8427,2337.4139,137.0706,24
6829,2337.1032999999998,144.8379,24
2962,2335.4393,138.16209999999998,24
4710,2334.2416,130.2806,24
6909,2333.0591,173.9176,24
4499,2330.7396,135.9809,24
2175,2330.1181,126.773,24
1670,2329.9514,144.54659999999998,24
1573,2329.4723,188.4355,24
2334,2329.0102,228.0334,24
9188,2326.3399,156.25349999999997,24
2946,2323.2727,172.846,24
3146,2322.8583,172.8274,24
2948,2322.8373,172.8258,24
2947,2322.8373,172.8258,24
3147,2322.8373,172.8258,24
3148,2322.8373,172.8258,24
3048,2322.8373,172.8258,24
3047,2322.8373,172.8258,24
3046,2322.8373,172.8258,24
7009,2321.0098,188.8889,24
2847,2319.3169,173.82389999999998,24
4809,2319.3161,129.7439,24
3888,2318.1182,162.09369999999998,24
7088,2317.2886,144.9683,24
2275,2315.7431,125.8628,24
4290,2314.9019,131.797,24
4510,2314.0697,129.2441,24
9911,2313.5566,178.78329999999997,24
561,2309.5968,143.8425,24
2134,2309.5786000000003,226.8255,24
8526,2308.8257,128.15480000000002,24
2848,2307.3473,172.6082,24
6507,2306.9206,156.0327,24
2071,2304.0301,127.0786,24
1671,2302.2239,141.9415,24
1972,2302.2007,129.67059999999998,24
8680,2300.8429,193.93130000000002,24
4594,2300.3631,128.7906,24
4596,2298.4138000000003,126.28020000000001,24
1579,2294.584,192.99220000000003,24
1484,2294.2861,173.0224,24
6302,2292.2263,134.517,24
1572,2291.9525,174.7894,24
1371,2291.6327,199.2712,24
4089,2291.4357,145.39960000000002,24
814,2286.1731999999997,138.3915,24
2880,2285.4364,154.2117,24
1575,2284.5863,183.83050000000003,24
1474,2282.4894,201.04700000000003,24
6422,2279.6499,143.4449,24
2208,2278.5051,139.91850000000002,24
6629,2277.493,158.684,24
1970,2276.6675,142.27179999999998,24
1870,2276.1632,142.2498,24
1782,2273.4293,182.8568,24
1640,2273.3592,199.6314,24
9332,2271.2058,162.9465,24
4385,2269.6057,171.611,24
1574,2262.2825,190.70869999999996,24
4708,2261.0299,125.8964,24
6038,2259.1124,184.3899,24
3014,2258.8406999999997,123.18430000000001,24
2234,2258.4989,223.6498,24
2164,2258.2502,124.009,24
1976,2258.1291,177.6928,24
7209,2257.5647,183.99110000000002,24
1770,2255.8853,141.3567,24
1287,2254.7606,243.8095,24
7110,2252.6956,184.0823,24
7109,2252.6956,184.0823,24
2070,2251.2662,136.6966,24
171,2250.8481,141.688,24
1263,2248.983,150.2444,24
2067,2247.2372,139.84879999999998,24
6889,2247.0134,118.7755,24
8579,2246.4554,192.9593,24
6591,2244.8208,234.5077,24
3989,2242.0942,125.1678,24
4595,2241.0176,124.126,24
781,2240.698,136.4717,24
6521,2240.3972,171.2276,24
1642,2237.2084,205.5145,24
1868,2235.441,140.4565,24
1968,2235.441,140.4565,24
1967,2235.441,140.4565,24
1869,2235.441,140.4565,24
2068,2235.441,140.4565,24
1969,2235.441,140.4565,24
1767,2234.9478,140.3927,24
1867,2234.1832,140.2937,24
1667,2234.1632,140.32549999999998,24
1769,2233.6902,140.2299,24
5841,2232.3056,145.7512,24
1768,2231.5641,140.19799999999998,24
7314,2229.5171,187.92039999999997,24
2069,2229.3963,139.9797,24
8400,2228.9365,266.7883,24
167,2228.9199,153.5456,24
2404,2228.2468,135.6431,24
3413,2227.2026,122.6852,24
174,2225.2198000000003,155.68490000000003,24
9614,2224.728,125.4616,24
782,2224.4473,134.02530000000002,24
4689,2224.3748,150.2932,24
4118,2223.766,124.97930000000001,24
272,2223.0084,155.96390000000002,24
2511,2220.2738,139.4825,24
2773,2220.2527,145.4518,24
4494,2219.3146,125.84049999999999,24
67,2217.9163,151.9484,24
2780,2216.7143,151.9516,24
4189,2216.5299,142.1318,24
7631,2215.3768,260.83480000000003,24
5000,2215.1107,122.8087,24
337,2213.005,194.31789999999998,24
4414,2211.2483,123.65629999999999,24
2518,2211.1081,137.34609999999998,24
267,2209.7014,149.0688,24
7011,2209.6199,179.68830000000003,24
2014,2207.7011,133.8768,24
1261,2207.3822,127.6732,24
239,2207.062,206.1626,24
2462,2205.0591,143.1719,24
373,2204.1905,154.5937,24
78,2204.0988,154.59560000000002,24
76,2204.0988,154.59560000000002,24
77,2204.0988,154.59560000000002,24
178,2204.0988,154.59560000000002,24
176,2204.0988,154.59560000000002,24
177,2204.0988,154.59560000000002,24
378,2204.0988,154.59560000000002,24
274,2204.0988,154.59560000000002,24
279,2204.0988,154.59560000000002,24
79,2204.0988,154.59560000000002,24
179,2204.0988,154.59560000000002,24
278,2204.0988,154.59560000000002,24
275,2204.0988,154.59560000000002,24
276,2204.0988,154.59560000000002,24
75,2204.0988,154.59560000000002,24
175,2204.0988,154.59560000000002,24
375,2204.0988,154.59560000000002,24
374,2204.0988,154.59560000000002,24
273,2204.0972,154.59560000000002,24
376,2203.9665,154.58520000000001,24
74,2203.1113,154.5164,24
173,2202.7522,154.48770000000002,24
172,2201.8593,154.416,24
4090,2199.8522,123.03190000000001,24
4484,2199.7463,139.65979999999996,24
4091,2199.253,124.9845,24
5483,2196.6672,169.09139999999996,24
7116,2195.5294,161.75300000000001,24
4509,2194.0742,123.49629999999999,24
73,2193.8823,153.4704,24
2823,2193.3958,202.62490000000003,24
883,2192.4907,128.7153,24
564,2191.4061,148.19989999999999,24
1736,2186.3779,159.4128,24
379,2186.1656000000003,153.0892,24
1478,2185.8351,187.7518,24
2411,2185.5469,136.9198,24
6406,2185.3631,144.0958,24
8580,2184.6528,189.4403,24
7330,2183.8199,236.3378,24
2381,2182.9532,173.10170000000002,24
4310,2182.2113,122.1384,24
7630,2181.929,261.778,24
7200,2181.9162,122.74249999999999,24
277,2177.3828,152.69570000000002,24
2579,2175.1563,166.5699,24
5213,2173.759,263.6011,24
3062,2172.2406,127.81899999999999,24
4314,2171.7225,121.0968,24
2510,2171.3191,136.3247,24
242,2170.5707,223.3801,24
4692,2170.1266,284.4405,24
3246,2169.7262,152.5038,24
566,2166.296,155.57850000000002,24
6205,2164.8988,142.1187,24
4285,2163.0879,202.99879999999996,24
5937,2162.2672000000002,168.7127,24
1668,2160.8445,135.5437,24
7010,2158.694,175.2936,24
1766,2153.6488,134.6834,24
1966,2153.6488,134.6834,24
1866,2153.6488,134.6834,24
2710,2152.4959,134.8363,24
1666,2151.1633,134.2838,24
3045,2149.7934,154.5488,24
2015,2148.7511,128.5214,24
1874,2148.7455,139.829,24
7015,2143.5413,172.51940000000002,24
471,2142.7448,136.6214,24
2809,2142.3437,133.2797,24
8328,2141.4045,125.6237,24
3821,2139.9354,131.26659999999998,24
7212,2137.753,158.07330000000002,24
2906,2135.8035999999997,127.2693,24
3920,2134.3819,130.5584,24
4810,2134.2342,118.37749999999998,24
7118,2131.4008,155.4806,24
194,2130.7869,205.0197,24
367,2129.9376,140.4794,24
1473,2126.6693,192.6034,24
6825,2126.6025999999997,186.2121,24
2035,2126.2933,196.50889999999998,24
2703,2125.8271,129.839,24
1873,2125.4289,123.939,24
6924,2123.9605,218.56359999999998,24
5840,2121.9035,132.3947,24
2267,2121.4896,117.5027,24
762,2120.6347,130.6438,24
2944,2118.9031,118.2576,24
3990,2110.2329,122.27170000000001,24
1987,2109.7277,138.1578,24
1986,2109.7277,138.1578,24
2086,2109.7277,138.1578,24
2087,2109.7277,138.1578,24
1814,2109.3847,128.2211,24
461,2107.2851,120.4051,24
1372,2102.754,191.0244,24
65,2102.6578,142.8166,24
8864,2102.3496,159.8536,24
66,2101.0001,144.7496,24
1472,2099.7345,191.0923,24
5098,2099.5217,175.1694,24
4693,2098.9171,273.9079,24
9927,2098.8982,133.54899999999998,24
3493,2098.7505,122.98400000000001,24
4409,2094.826,115.21340000000001,24
3513,2092.5655,119.9835,24
882,2091.9391,133.3804,24
2676,2090.9612,129.1454,24
2650,2088.5634,123.45960000000001,24
1373,2088.073,190.21450000000002,24
7825,2081.5657,199.9014,24
7214,2080.467,177.13119999999998,24
3890,2079.2279,122.0249,24
3993,2077.3519,113.06830000000001,24
4390,2076.9998,120.5902,24
1382,2075.7499000000003,127.24310000000001,24
1262,2075.5109,123.15270000000001,24
1383,2073.4620999999997,118.5367,24
1272,2070.2578,188.5404,24
7114,2069.8416,176.36180000000002,24
55,2068.1525,111.78289999999998,24
56,2067.5184,116.60520000000001,24
4514,2064.6693,117.7205,24
5792,2064.3774,151.6116,24
5842,2064.0831,122.4565,24
2108,2064.0061,126.6521,24
7014,2063.4667,176.2244,24
460,2062.7958,119.2486,24
54,2062.4675,113.87190000000001,24
3025,2061.6501,191.3601,24
2121,2059.2677,126.0833,24
474,2057.3899,139.3828,24
4807,2056.649,117.14940000000001,24
9915,2054.4881,116.8012,24
465,2053.797,128.35950000000003,24
960,2052.4504,131.0002,24
3491,2052.2128000000002,120.25450000000001,24
3690,2052.2128000000002,120.25450000000001,24
3593,2052.2128000000002,120.25450000000001,24
3691,2052.2128000000002,120.25450000000001,24
3590,2052.2128000000002,120.25450000000001,24
3492,2052.2128000000002,120.25450000000001,24
3791,2052.2128000000002,120.25450000000001,24
3790,2052.2128000000002,120.25450000000001,24
2811,2052.1499,120.93109999999999,24
3591,2052.0567,120.2472,24
3592,2051.2798000000003,120.21130000000001,24
8679,2051.1131,182.5187,24
3692,2050.1843,120.1606,24
1442,2048.2382,139.75369999999998,24
3693,2043.885,119.865,24
4887,2041.5906,121.9208,24
2412,2040.9193,127.7978,24
8500,2040.7187,264.78520000000003,24
8600,2040.2437,264.7491,24
6192,2039.3568,126.0874,24
467,2038.575,152.9928,24
1680,2037.6092999999998,165.80519999999999,24
896,2037.4747,186.74239999999998,24
4909,2037.0892000000001,115.297,24
1374,2036.1206,185.93079999999998,24
1490,2034.0033,130.19060000000002,24
5621,2033.4464,139.5839,24
2662,2030.5396,127.61070000000001,24
4490,2027.4176,128.51690000000002,24
9938,2027.1069,136.3998,24
6718,2023.0289,177.4856,24
6222,2021.5422,130.0745,24
1740,2021.2432,151.51139999999998,24
6621,2019.3787,165.89569999999998,24
5087,2018.1983,162.7156,24
466,2015.972,146.4502,24
9305,2012.8336,116.23400000000001,24
4610,2009.7715,117.9657,24
400,2008.0627,179.7225,24
4592,2007.8368,222.2168,24
3891,2007.1143,117.0786,24
3988,2006.9233,126.1158,24
459,2006.8002999999999,114.27619999999999,24
3721,2006.7277,120.5042,24
1376,2006.017,153.06080000000003,24
9308,2005.625,130.0369,24
7201,2005.4541,127.41760000000001,24
2034,2003.3845000000001,185.4959,24
2712,2002.5849,117.15140000000002,24
4788,2002.2026,119.42060000000001,24
712,2001.9562999999998,128.88660000000002,24
1464,2001.8505,121.6618,24
2610,1998.6004,125.51999999999998,24
9404,1998.2075,117.99060000000001,24
2077,1997.3309,135.0238,24
3893,1995.7903,108.887,24
5430,1995.611,114.93570000000001,24
1538,1994.7344,149.0276,24
8778,1993.9306,172.9946,24
4613,1991.9688,117.4452,24
7002,1990.7812000000001,148.113,24
1898,1990.65,136.0624,24
4492,1990.2413,123.6666,24
52,1985.4002,109.2187,24
2319,1981.808,123.4592,24
180,1977.996,128.7368,24
2512,1976.7350000000001,123.8303,24
1395,1975.9919,116.6256,24
5889,1970.9503,116.24440000000001,24
570,1969.1491,129.1126,24
2810,1969.0542,122.51750000000001,24
468,1966.0283,131.9575,24
783,1964.4760999999999,100.90490000000001,24
667,1964.1345,135.7386,24
6824,1963.4989,213.42249999999999,24
6106,1962.03,123.8981,24
475,1961.9378000000002,134.2551,24
1475,1961.0221999999999,173.5292,24
1816,1960.7376,120.2204,24
3792,1959.6977,113.6588,24
1460,1958.7318,139.7991,24
464,1956.3646999999999,124.6972,24
7527,1956.247,236.0922,24
7528,1956.247,236.09109999999998,24
4712,1954.1174,116.2089,24
72,1953.862,119.4919,24
344,1952.8169,209.26690000000002,24
2612,1952.6055000000001,122.2999,24
3409,1950.9707,108.2892,24
4017,1950.1263000000001,117.93280000000001,24
6823,1949.8365999999999,211.18849999999998,24
3820,1949.7018,118.9148,24
3619,1948.6261,118.8854,24
5284,1946.2939000000001,313.73409999999996,24
3793,1944.8830999999998,109.5547,24
6209,1944.0203000000001,111.7265,24
360,1939.1565,111.28829999999999,24
5701,1938.592,112.7706,24
1483,1934.8251,123.8081,24
9812,1933.4071,145.60019999999997,24
9930,1933.2202,122.90209999999999,24
2711,1931.7778,120.88319999999999,24
2321,1931.0672,139.1658,24
9928,1930.3469,122.7439,24
9929,1930.3469,122.7439,24
2611,1929.5693,121.23140000000001,24
4088,1922.8383,133.66649999999998,24
53,1912.1416,105.08449999999999,24
51,1911.5040999999999,105.0409,24
6616,1909.7568,129.3843,24
2281,1902.5377,184.87210000000002,24
2418,1902.2905,111.6788,24
6814,1901.4006,129.8796,24
860,1900.7542,119.92410000000001,24
3992,1900.4516,109.5676,24
4117,1899.0248,110.5008,24
2556,1898.3206,126.9163,24
4516,1897.541,110.3155,24
4718,1897.5402,110.315,24
4216,1897.5402,110.315,24
4315,1897.5402,110.315,24
4617,1897.5402,110.315,24
4317,1897.5402,110.315,24
4719,1897.5402,110.315,24
4316,1897.5402,110.315,24
4416,1897.5402,110.315,24
4417,1897.5402,110.315,24
4618,1897.5402,110.315,24
4517,1897.5402,110.315,24
4518,1897.5402,110.315,24
4217,1897.5402,110.315,24
4415,1897.5402,110.315,24
4619,1897.5402,110.315,24
9538,1896.7978,117.40350000000001,24
9828,1896.353,116.9517,24
567,1896.227,135.5715,24
763,1895.826,110.06479999999999,24
5893,1895.765,127.6913,24
668,1894.5072,130.40609999999998,24
5827,1893.8899000000001,113.2754,24
5828,1892.8178,113.19909999999999,24
4616,1892.1209000000001,110.3965,24
6607,1891.2359,114.9755,24
6105,1890.9076,116.99799999999999,24
4515,1890.3637,110.5091,24
2163,1889.2939000000001,114.2068,24
5823,1887.6970999999999,225.41769999999997,24
4211,1886.965,101.58760000000001,24
9411,1886.5657999999999,138.9091,24
4717,1886.3577,110.0509,24
5890,1886.2759,113.03000000000002,24
2168,1885.9868999999999,108.98509999999999,24
5891,1882.4895999999999,112.8063,24
2012,1881.3062,115.01689999999999,24
2010,1881.3062,115.01689999999999,24
2110,1881.3062,115.01689999999999,24
1912,1881.3062,115.01689999999999,24
2212,1881.3062,115.01689999999999,24
7628,1881.2347,219.63210000000004,24
6499,1881.0676,140.9282,24
7428,1879.1332,242.41830000000002,24
2013,1878.7122,114.8532,24
9830,1877.9725,119.95080000000002,24
4493,1877.83,112.71669999999999,24
1360,1877.7624,134.2735,24
9931,1876.6871999999998,119.8865,24
5116,1876.563,126.407,24
6803,1876.338,139.8847,24
6804,1876.338,139.8847,24
6903,1876.338,139.8847,24
6703,1875.9197000000001,139.83780000000002,24
6902,1875.7404,139.7972,24
3521,1874.4672,117.14710000000001,24
5722,1873.5625,175.5615,24
1537,1872.3351,138.4201,24
6035,1871.8519,119.587,24
2112,1871.515,114.468,24
2398,1870.4671,102.12870000000001,24
9829,1868.2662,118.9701,24
5727,1868.2579,111.2105,24
2111,1868.2312,114.28370000000001,24
3712,1867.3291,112.97279999999999,24
4116,1866.7634,105.0814,24
4087,1865.7767,131.468,24
6599,1864.8944,140.2199,24
5928,1864.3533,111.2923,24
6333,1864.1000000000001,141.6952,24
2211,1863.7045,114.0299,24
3621,1858.9004,116.4349,24
361,1858.4047,106.4847,24
3720,1858.1591,116.41460000000001,24
2271,1857.971,110.04310000000001,24
3719,1857.8426,116.4058,24
3520,1857.8426,116.4058,24
3620,1857.8426,116.4058,24
3819,1857.8426,116.4058,24
2009,1857.8425,113.637,24
70,1857.7649000000001,103.8123,24
6802,1856.8478,138.2285,24
2162,1856.6371,118.533,24
6704,1856.4225000000001,136.4344,24
6211,1852.042,105.4178,24
3892,1851.5426,106.03370000000001,24
2011,1851.4495,113.3426,24
1781,1850.9478,128.691,24
1645,1850.5045,131.6919,24
58,1846.0509,106.2583,24
6590,1844.837,196.85460000000003,24
80,1837.9863,123.84370000000001,24
2109,1837.9486,112.5855,24
584,1837.4434,90.25019999999999,24
2312,1837.2146,112.21320000000001,24
1096,1836.0588,198.81189999999998,24
6930,1835.1028000000001,116.7404,24
2772,1833.7693,106.72,24
683,1830.0208,89.1112,24
2410,1826.8044,113.10979999999999,24
859,1826.3359,119.3418,24
4709,1826.0832,112.2347,24
4215,1825.0299,101.806,24
6931,1824.4729,116.11330000000001,24
6830,1824.4196,116.1104,24
4694,1824.0993,123.0754,24
479,1822.8381,122.5712,24
2409,1821.4234000000001,111.6988,24
1959,1818.1832,132.3682,24
6500,1818.0974,134.4444,24
6831,1817.7665,117.83959999999999,24
1273,1817.1644999999999,170.33389999999997,24
2617,1817.0515,105.9257,24
1072,1816.8733,150.76409999999998,24
1911,1816.3617,110.9496,24
1375,1813.186,169.82729999999998,24
6104,1812.5638999999999,101.80019999999999,24
5101,1811.2404,111.4221,24
2422,1809.2667999999999,132.5179,24
7012,1808.9654,168.828,24
473,1808.954,121.148,24
4886,1808.5075,109.8347,24
2961,1807.088,107.7153,24
569,1806.5727,122.84509999999999,24
57,1806.3184999999999,107.12100000000001,24
5712,1805.076,99.3982,24
2106,1803.9706999999999,106.9674,24
476,1803.6468,120.9594,24
2414,1803.3475,105.55270000000002,24
2218,1803.1118999999999,105.3469,24
2113,1802.9672999999998,109.93669999999999,24
1173,1802.1236,167.20510000000002,24
2115,1801.7392,105.29790000000001,24
2017,1801.7392,105.29790000000001,24
2216,1801.7392,105.29790000000001,24
2116,1801.7392,105.29790000000001,24
2215,1801.7392,105.29790000000001,24
2214,1801.7392,105.29790000000001,24
2317,1801.7392,105.29790000000001,24
2315,1801.7392,105.29790000000001,24
2318,1801.7392,105.29790000000001,24
2314,1801.7392,105.29790000000001,24
2316,1801.7392,105.29790000000001,24
2416,1801.7392,105.29790000000001,24
2516,1801.4386,105.2816,24
2210,1801.1107,110.5199,24
6800,1800.3089,122.70309999999999,24
2133,1799.9974,159.2124,24
2417,1799.2954,105.1643,24
2517,1798.9086,105.14309999999999,24
2513,1798.3938,106.1238,24
568,1796.9282,124.55909999999999,24
5989,1796.5971,106.78130000000002,24
900,1794.7152999999998,166.828,24
5818,1794.6634,112.46410000000002,24
158,1793.991,103.0219,24
2313,1793.9906,105.5738,24
1033,1793.2003,156.578,24
2217,1792.9914,104.80100000000002,24
2233,1792.8484,176.9025,24
5834,1791.6397,106.2081,24
1174,1791.4844,166.74970000000002,24
1172,1788.9504,167.7449,24
5584,1786.1187,137.45100000000002,24
2616,1782.972,104.3324,24
3919,1782.8568,110.9214,24
2310,1780.8272,109.3964,24
2912,1780.4714,105.88929999999999,24
484,1779.3339,86.0994,24
4018,1778.4545,105.9582,24
1389,1776.9297000000001,159.6207,24
59,1776.2767999999999,104.1021,24
2433,1775.6742,210.88469999999998,24
2909,1775.0384000000001,105.7185,24
5601,1774.2955,105.4956,24
5501,1774.2955,105.4956,24
5502,1774.2955,105.4956,24
5602,1774.2955,105.4956,24
5402,1774.2955,105.4956,24
71,1773.8093,98.93799999999999,24
2515,1772.9644,103.72670000000001,24
5803,1772.7617,103.4998,24
2311,1772.4952,108.95649999999999,24
2213,1772.0734,106.48259999999999,24
2209,1770.6957,108.8142,24
2119,1770.5873,104.01400000000001,24
2018,1767.9077,103.56020000000001,24
8326,1767.1735999999999,101.4334,24
2415,1765.9361,103.34049999999999,24
2118,1765.7993999999999,102.9648,24
462,1765.1833,101.0735,24
2309,1764.8445,108.48610000000001,24
2615,1764.3836000000001,102.6978,24
305,1763.9724,105.8682,24
6989,1762.7768,109.9296,24
2613,1762.6846,104.2892,24
6107,1762.0323,117.04939999999999,24
7016,1758.8186,138.6079,24
385,1757.3215,86.7017,24
9932,1756.9308,112.3106,24
1391,1756.2658999999999,116.1138,24
7726,1755.9370000000001,152.7678,24
6913,1755.5943,151.1707,24
304,1754.495,105.4357,24
306,1752.2797,105.3395,24
9601,1751.992,104.84709999999998,24
6900,1751.5203,119.1424,24
366,1750.8853000000001,140.8596,24
6111,1748.1143,101.08940000000001,24
5728,1745.0163,102.6754,24
5397,1744.6958,125.4691,24
359,1743.8366,101.3387,24
307,1743.3971999999999,104.9687,24
7122,1741.5785,114.737,24
6705,1740.7286,121.7213,24
1275,1740.6521,164.80190000000002,24
308,1740.4803,104.8647,24
205,1739.8147000000001,104.77879999999999,24
203,1739.7341999999999,104.77519999999998,24
9,1739.7185,104.77449999999999,24
7,1739.7185,104.77449999999999,24
109,1739.7185,104.77449999999999,24
6,1739.7185,104.77449999999999,24
8,1739.7185,104.77449999999999,24
309,1739.7185,104.77449999999999,24
108,1739.7185,104.77449999999999,24
105,1739.7185,104.77449999999999,24
209,1739.7185,104.77449999999999,24
208,1739.7185,104.77449999999999,24
204,1739.7185,104.77449999999999,24
206,1739.7185,104.77449999999999,24
207,1739.7185,104.77449999999999,24
103,1739.7185,104.77449999999999,24
107,1739.7185,104.77449999999999,24
106,1739.7185,104.77449999999999,24
3,1739.7185,104.77449999999999,24
104,1739.7185,104.77449999999999,24
6305,1738.2242,101.1372,24
9736,1736.9053999999999,105.0325,24
358,1736.5249,98.0805,24
1274,1736.3033,164.48830000000004,24
6988,1735.5006,105.35159999999999,24
1175,1735.1345000000001,164.33810000000003,24
201,1734.0526,104.43260000000001,24
2375,1733.6191,106.1539,24
959,1732.7418,114.3982,24
1913,1731.5773,105.7594,24
1196,1731.4274,187.0845,24
2,1730.0673000000002,104.2243,24
1390,1729.0243,114.8228,24
2114,1727.5934,102.11840000000001,24
4485,1727.2413999999999,101.9532,24
245,1726.8504,193.1366,24
101,1726.2437,103.95160000000001,24
5201,1725.9482,102.627,24
6923,1725.9269,161.2302,24
1392,1724.8597,114.23819999999999,24
5826,1724.517,103.4893,24
166,1723.2899,142.63649999999998,24
1291,1723.1269,114.1349,24
6600,1721.4973,117.24969999999999,24
1,1720.997,103.7075,24
365,1720.825,142.4544,24
266,1720.825,142.4544,24
265,1720.825,142.4544,24
2727,1720.7193,178.44379999999998,24
583,1719.2435,84.7293,24
2904,1717.8525,94.4859,24
2861,1716.3158,103.26930000000002,24
7100,1714.848,99.02709999999999,24
1714,1714.0876,103.9785,24
2219,1711.7729,101.5899,24
4400,1711.613,94.7475,24
8029,1711.5477,97.07519999999998,24
2514,1708.0002,100.22190000000002,24
2626,1707.3671,178.5066,24
5211,1706.1001,286.9134,24
4508,1705.5967,99.2372,24
2726,1705.1494,177.03099999999998,24
9637,1705.1480999999999,110.3198,24
4589,1703.4288,104.7423,24
1377,1701.691,153.30719999999997,24
165,1701.5205999999998,137.4637,24
2413,1700.433,99.5656,24
1292,1697.8216,112.6233,24
2424,1697.1041,177.0485,24
303,1694.9287,102.1575,24
4,1694.7354,102.2106,24
5401,1691.4384,100.692,24
2614,1691.3542,99.5188,24
5927,1690.2544,100.02279999999999,24
3145,1688.8537,105.4367,24
6134,1688.6644,106.8452,24
258,1688.3076999999998,98.97829999999999,24
2525,1687.8932,173.07529999999997,24
8779,1685.3441,155.6975,24
1482,1684.7323,150.53609999999998,24
7721,1683.3943,131.842,24
684,1683.3165000000001,86.36440000000002,24
9933,1683.1996,106.31249999999999,24
5824,1681.5298,183.69459999999998,24
280,1680.9524000000001,110.6534,24
4706,1680.6933,90.5619,24
6091,1678.48,107.01650000000001,24
1580,1676.9559,152.66899999999998,24
7112,1675.9875,151.3039,24
682,1673.9177,84.29899999999999,24
6210,1673.7412,98.856,24
1074,1673.1841,151.95770000000002,24
202,1672.5071,100.62979999999999,24
7629,1671.0865,222.3777,24
681,1670.5394999999999,103.9124,24
362,1670.1809,95.2434,24
7627,1667.7021,174.80339999999998,24
4593,1666.4171999999999,148.3074,24
157,1665.7818,99.1471,24
975,1665.2606999999998,165.88359999999997,24
2304,1664.583,101.2394,24
6721,1663.4216999999999,122.3561,24
1813,1660.0798,101.15729999999999,24
9537,1659.8676,103.0221,24
4489,1658.2064,98.98400000000001,24
4212,1656.7411,91.2612,24
260,1656.3866,99.7962,24
159,1656.1468,99.7629,24
4775,1654.6599,94.61080000000001,24
160,1653.4515000000001,99.5276,24
5990,1653.248,97.52199999999999,24
1393,1650.3096,109.9354,24
7001,1648.7046,128.6726,24
4305,1647.5226,94.74780000000001,24
5302,1647.4315000000001,95.5961,24
669,1646.8192999999999,110.4868,24
478,1646.6312,107.7706,24
477,1646.4043000000001,109.24360000000001,24
2771,1646.2092,98.99489999999999,24
2826,1646.0385,163.48049999999998,24
472,1645.6019,107.2588,24
259,1644.7042,98.1947,24
4488,1644.3306,98.0822,24
4187,1644.2022,120.7935,24
4787,1642.8065,98.6289,24
2333,1642.1623,196.8417,24
4309,1641.9883,93.05440000000002,24
4205,1640.4303,93.0163,24
3991,1639.7939,90.3223,24
2423,1639.2202,169.79119999999998,24
5935,1638.3108,101.67509999999999,24
563,1638.1490000000001,100.9338,24
142,1638.1317999999999,188.79340000000002,24
244,1638.1317999999999,188.79340000000002,24
6731,1638.0485,110.3066,24
310,1637.2748000000001,98.6273,24
257,1636.7634,96.7184,24
1945,1635.9935,142.73870000000002,24
143,1634.6665,188.0951,24
9629,1631.7628,114.5069,24
5993,1631.167,100.6659,24
302,1629.8689,98.3587,24
4487,1629.7382,97.2222,24
2908,1629.0421000000001,99.4333,24
8401,1628.9054,105.10360000000001,24
5301,1628.3172,96.72319999999999,24
3043,1627.8532,82.56479999999999,24
1073,1627.8304,142.8945,24
2117,1626.6384,95.3531,24
8426,1626.1249,90.0784,24
9529,1625.0868,110.4474,24
795,1623.9551,108.7106,24
4188,1623.4105,119.0152,24
2571,1623.2224,107.41680000000001,24
3708,1622.9156,83.2533,24
4389,1621.9654,96.166,24
7113,1620.9051,142.5172,24
7213,1619.8431,142.17430000000002,24
895,1618.8506,108.15379999999999,24
7013,1617.8957,143.6482,24
4105,1617.5212999999999,91.54059999999998,24
834,1617.1715,133.9273,24
261,1614.9048,95.94019999999999,24
9729,1613.9051,101.7553,24
571,1611.8062,108.1576,24
5017,1610.9532,124.3707,24
5432,1610.3832,91.2888,24
663,1608.4167,99.42099999999999,24
5829,1607.9576,92.9165,24
4306,1607.7686999999999,91.2133,24
6723,1606.8156999999999,126.7733,24
4206,1606.2556,91.00019999999999,24
6901,1606.14,119.48490000000001,24
6432,1604.7038,107.8982,24
9831,1604.651,100.7065,24
776,1604.2496,161.79760000000002,24
4407,1602.7233999999999,90.89399999999998,24
4186,1602.0135,118.58260000000001,24
4204,1601.9271999999999,90.9096,24
60,1601.6417,94.7059,24
9287,1598.0291,110.85119999999999,24
6506,1597.8691999999999,93.38389999999998,24
4106,1594.9585,90.27169999999998,24
6724,1594.1538,127.21300000000001,24
4486,1591.5809,95.1184,24
5529,1590.9551000000001,90.8966,24
6011,1590.7028,96.61410000000001,24
9934,1590.4024000000002,100.31780000000002,24
141,1589.2425,164.127,24
3114,1587.8236000000002,88.6085,24
42,1586.8587,177.6002,24
6529,1583.9265,103.9723,24
931,1583.3562,105.6422,24
6108,1582.6615,105.9486,24
1711,1581.5884,90.53630000000001,24
4108,1581.3618,90.11710000000001,24
9913,1578.4206000000001,124.20530000000001,24
4005,1578.3413,90.68270000000001,24
4210,1577.599,89.2652,24
1363,1574.8082,101.6969,24
4107,1573.8785,89.0055,24
4104,1573.8033,89.0486,24
2748,1573.5623,112.1233,24
4386,1572.4950999999999,93.4854,24
2008,1572.1336,95.52769999999998,24
3808,1571.2203,88.38510000000001,24
4408,1570.3315,88.7122,24
3909,1569.612,85.89959999999999,24
5892,1568.1842,95.07339999999999,24
4605,1567.7268,88.98620000000001,24
5830,1567.1139,90.2784,24
4404,1566.8342,88.9879,24
4304,1566.8342,88.9879,24
3807,1566.8342,88.9879,24
3707,1566.8342,88.9879,24
3806,1566.8342,88.9879,24
4505,1566.8342,88.9879,24
4405,1566.8342,88.9879,24
4504,1566.8342,88.9879,24
3908,1566.5505,88.8574,24
4008,1566.0007,88.5072,24
4109,1565.9224,88.84849999999999,24
3026,1565.433,104.799,24
93,1565.3943,139.0723,24
3906,1565.2209,88.8889,24
4209,1564.8236,88.7219,24
6715,1564.642,108.56379999999999,24
3905,1563.8359,88.81769999999999,24
3907,1563.1684,88.6986,24
4007,1562.2435,88.2545,24
5711,1562.2151999999999,95.53829999999999,24
4387,1559.3048,93.2169,24
2480,1558.5853,133.5206,24
798,1558.5319,140.7409,24
670,1557.4063,104.8171,24
4006,1557.2703,87.7287,24
102,1556.7344,93.1198,24
6617,1555.6664,105.4967,24
3557,1555.437,96.6887,24
4388,1555.0589,95.7567,24
3542,1554.3169,82.33340000000001,24
4203,1552.6142,87.9701,24
2749,1552.3916,113.67150000000001,24
243,1552.389,182.30519999999999,24
2603,1549.4054,94.72,24
2562,1549.2872,92.73559999999999,24
5588,1548.8957,113.77159999999998,24
4688,1547.9895,92.7168,24
5,1547.6672999999998,92.78889999999998,24
6423,1547.4071999999999,97.17890000000001,24
4208,1547.1394,87.7127,24
4308,1546.7926,87.6984,24
3809,1546.4987,91.3121,24
4307,1545.8137,87.6356,24
3008,1545.3255,91.7021,24
8879,1544.5545,139.45600000000002,24
3608,1544.1039,98.01679999999999,24
5929,1543.9821,91.4643,24
4588,1543.7211,92.6411,24
4606,1541.8378,87.90520000000001,24
1812,1540.6838,94.632,24
6204,1538.4271,89.7679,24
4685,1537.7398,92.32260000000001,24
4786,1537.7398,92.32260000000001,24
4785,1537.7398,92.32260000000001,24
4684,1537.7398,92.32260000000001,24
4587,1537.7398,92.32260000000001,24
4687,1537.7398,92.32260000000001,24
4586,1537.7398,92.32260000000001,24
4584,1537.7398,92.32260000000001,24
4686,1537.7398,92.32260000000001,24
4585,1537.7398,92.32260000000001,24
662,1536.3226,95.71969999999999,24
2723,1536.193,121.1636,24
9839,1535.8944,101.79020000000001,24
4110,1535.3258,87.8426,24
4303,1534.5117,86.4618,24
4009,1533.4974,86.9729,24
463,1530.7591,93.86259999999999,24
5926,1529.7474,90.56410000000001,24
5494,1527.5892000000001,119.35060000000001,24
2926,1526.057,133.8294,24
9288,1525.0044,103.9491,24
4406,1524.1589,87.3287,24
6604,1522.8207,90.4547,24
7119,1522.776,125.2718,24
6716,1519.8363,108.5111,24
562,1519.1847,93.8954,24
33,1517.6293,96.738,24
286,1517.416,81.3531,24
1581,1517.2154,163.71359999999999,24
933,1516.0704,100.4202,24
5594,1515.6386,119.8837,24
5991,1514.2819,89.57480000000001,24
380,1513.8437,97.5804,24
2770,1513.3719,94.8468,24
4207,1512.315,85.9059,24
5532,1512.0722,86.0892,24
5730,1512.0722,86.0892,24
5729,1512.0722,86.0892,24
5631,1512.0722,86.0892,24
5632,1512.0722,86.0892,24
5530,1512.0722,86.0892,24
5630,1512.0722,86.0892,24
5629,1512.0722,86.0892,24
5531,1512.0722,86.0892,24
5731,1512.0722,86.0892,24
4608,1509.9126,99.79109999999999,24
9737,1507.9605,99.6196,24
4289,1507.9257,110.2646,24
6606,1507.89,88.485,24
6304,1507.3383000000001,88.4965,24
6605,1506.9252000000001,88.5051,24
6404,1506.9252000000001,88.5051,24
6503,1506.9252000000001,88.5051,24
6505,1506.9252000000001,88.5051,24
6504,1506.9252000000001,88.5051,24
6109,1506.2497,94.2627,24
5187,1506.0368,107.0864,24
5619,1505.9282,92.8906,24
9914,1505.3410999999999,113.95899999999999,24
6303,1504.5751,88.2201,24
6425,1502.9398,94.3117,24
4506,1502.7667,86.30850000000001,24
6403,1502.4454,87.981,24
497,1502.3412,122.6336,24
4288,1502.0816,113.68690000000001,24
5431,1502.0232,85.5976,24
6110,1501.4234,93.7065,24
3706,1500.6367,84.2553,24
677,1498.3858,101.1955,24
2431,1497.9705000000001,209.9916,24
2232,1497.9705000000001,209.9916,24
2331,1497.9705000000001,209.9916,24
2332,1497.9705000000001,209.9916,24
2432,1497.9705000000001,209.9916,24
9636,1497.9324000000001,97.3187,24
1681,1497.8962000000001,162.6792,24
6405,1497.8100000000002,87.6897,24
6010,1497.5707,93.9662,24
301,1496.8349,89.6311,24
5910,1496.4116,94.0037,24
5911,1496.4116,94.0037,24
1627,1496.08,87.8544,24
2161,1493.2662,93.97,24
6005,1492.8273,86.6765,24
6603,1492.2308,90.92020000000001,24
6522,1491.8611,92.9644,24
983,1491.8541,119.6283,24
3805,1489.644,83.4628,24
5811,1489.1898,94.23729999999999,24
9940,1489.0210000000002,98.5918,24
9939,1489.0210000000002,98.5918,24
9738,1489.0210000000002,98.5918,24
9838,1489.0210000000002,98.5918,24
6490,1487.8214,201.996,24
5618,1487.6661,92.3184,24
2523,1487.1892,123.78460000000001,24
1076,1486.2314999999999,120.6625,24
2625,1486.1066,126.8186,24
1192,1486.06,100.65090000000001,24
9837,1484.8102,98.2038,24
5439,1481.19,92.44999999999999,24
6725,1480.7192,90.4673,24
2548,1480.4429,112.735,24
2549,1480.4373,112.7329,24
2649,1480.4373,112.7329,24
2648,1480.4373,112.7329,24
2675,1479.5785999999998,112.5302,24
496,1479.5331,124.1219,24
7000,1479.1342,95.98360000000001,24
576,1478.0697,99.14110000000001,24
572,1477.426,101.76419999999999,24
578,1476.7098,98.6243,24
4908,1476.3281,84.8774,24
671,1476.2894,101.79499999999999,24
4004,1475.0793,82.2925,24
577,1472.9397000000001,98.66260000000001,24
4604,1472.8188,81.80499999999999,24
1582,1472.4815,161.22750000000002,24
1284,1469.5132,148.1013,24
5585,1469.2421,107.3527,24
4674,1468.96,79.59819999999999,24
6391,1466.8391000000001,202.5047,24
6491,1466.7378,202.46950000000004,24
1910,1466.2974,90.37539999999998,24
364,1466.2499,112.82809999999999,24
1682,1466.0549,160.9714,24
881,1465.7893,118.83529999999998,24
64,1465.7727,88.8724,24
1539,1465.5215,122.0695,24
6424,1465.3292999999999,92.14780000000002,24
406,1464.6127000000001,87.36950000000002,24
144,1463.4054,153.58689999999999,24
6426,1462.9605,90.0221,24
4812,1461.9756,102.3476,24
1479,1461.897,134.6626,24
6700,1461.7672,85.3257,24
579,1460.3013,96.8279,24
9817,1460.1737,85.4834,24
678,1460.0439999999999,98.1111,24
6390,1457.8334,200.1227,24
7101,1453.1174,114.1966,24
5285,1451.0339,138.0251,24
676,1450.731,129.1052,24
9333,1449.5221000000001,106.7848,24
1434,1449.3688,100.9612,24
6717,1447.254,112.13870000000001,24
5587,1442.8564000000001,108.23060000000001,24
3007,1442.5809,84.99489999999999,24
4287,1440.4448,110.68969999999999,24
4286,1440.4448,110.68969999999999,24
575,1440.3993,129.4761,24
5288,1439.7177,101.4795,24
573,1436.1607,144.084,24
6523,1435.5783,90.3534,24
6914,1433.7930000000001,133.8342,24
4893,1430.4917,116.1334,24
6524,1429.9873,89.99350000000001,24
5384,1429.015,92.5025,24
2220,1428.6425000000002,89.36000000000001,24
873,1428.6341,159.1147,24
875,1428.6341,159.1147,24
674,1428.6341,159.1147,24
675,1428.6341,159.1147,24
672,1428.6341,159.1147,24
772,1428.6341,159.1147,24
773,1428.6341,159.1147,24
774,1428.6341,159.1147,24
775,1428.6341,159.1147,24
673,1428.6341,159.1147,24
973,1428.6341,159.1147,24
974,1428.6341,159.1147,24
874,1428.6341,159.1147,24
872,1428.6341,159.1147,24
972,1428.209,159.078,24
6526,1427.3911,90.2849,24
784,1425.6961000000001,79.85539999999999,24
9430,1425.2591,103.5755,24
6006,1424.952,82.2131,24
2169,1424.5194,89.9245,24
574,1419.9643,158.33509999999998,24
6622,1418.8247999999999,88.2859,24
635,1418.2707,113.77659999999999,24
1276,1418.1995,116.85739999999998,24
5920,1418.1462999999999,99.11409999999998,24
5720,1416.7759,89.7124,24
6525,1415.9956,89.51509999999999,24
5515,1415.5941,81.69819999999999,24
7701,1414.573,80.3093,24
485,1413.5482000000002,79.54860000000002,24
5484,1412.3414,105.74960000000002,24
407,1411.9692,83.8271,24
2524,1411.4132,110.36350000000002,24
3541,1410.8853000000001,73.421,24
7120,1408.9805000000001,119.6271,24
2910,1408.9283,83.31660000000001,24
5713,1408.3249,81.23249999999999,24
6625,1407.7238,89.3372,24
6624,1407.7238,89.3372,24
6626,1407.7238,89.3372,24
6623,1406.9735,89.29390000000001,24
9638,1406.9544,92.2396,24
5732,1405.7929,80.1821,24
1283,1405.0285,119.53750000000001,24
4573,1404.8746,79.7096,24
5617,1403.36,89.7475,24
41,1403.35,101.9587,24
6402,1403.0235,82.0702,24
8327,1402.6045,83.985,24
3006,1400.8623,81.70179999999999,24
2019,1400.0428,84.72619999999999,24
5202,1399.1284,83.5923,24
6631,1397.0846999999999,92.1487,24
2170,1396.5041,92.8574,24
2526,1395.5885,141.517,24
2627,1394.7667000000001,142.7286,24
6034,1394.7254,91.1486,24
8764,1394.6543,97.8052,24
2430,1394.6390000000001,163.161,24
7828,1393.0989,115.4689,24
4599,1390.6248,77.5485,24
6815,1389.5404,113.4965,24
1917,1386.5061,84.1819,24
9730,1386.324,96.5726,24
5611,1382.2962,81.35589999999999,24
4615,1381.7413999999999,92.64880000000001,24
4716,1380.8775,92.49470000000001,24
1334,1379.1245999999999,91.6018,24
3314,1379.0735,83.5446,24
1743,1378.7834,128.8746,24
5719,1376.9581,88.6712,24
3410,1375.9265,89.8708,24
5820,1374.1124,88.29159999999999,24
4817,1374.0835,92.1992,24
5919,1368.7372,94.11449999999999,24
5616,1365.7138,78.0465,24
1481,1364.3221,132.0259,24
5396,1364.27,109.6302,24
2065,1363.7374,74.4965,24
498,1359.3854,113.4527,24
408,1359.1632,82.241,24
5113,1358.4624000000001,101.0747,24
4403,1357.5264,75.12870000000001,24
5925,1357.4363,82.5355,24
2669,1355.0159,88.596,24
1362,1354.813,80.88,24
5939,1354.4412,99.7634,24
4910,1352.847,86.16499999999999,24
6915,1352.5328,116.1759,24
5485,1350.6805,101.9305,24
6009,1348.6426999999999,86.5153,24
2578,1348.103,122.2813,24
2180,1346.5429,116.7447,24
6429,1344.3709,85.08680000000001,24
32,1344.2902,87.03439999999999,24
3512,1342.9077,96.7354,24
4103,1342.5824,74.3722,24
9504,1341.2836,83.1869,24
6816,1341.1663,115.3473,24
5497,1340.6482,110.31360000000001,24
6819,1340.0087,111.5274,24
7331,1339.8708000000001,250.8479,24
794,1339.514,95.5787,24
6730,1339.2488,85.88210000000001,24
6028,1338.7172,78.4701,24
6918,1337.2901,115.4956,24
6917,1337.2901,115.4956,24
6916,1337.2901,115.4956,24
6817,1337.2901,115.4956,24
6818,1336.3676,115.3901,24
238,1335.9291,135.38649999999998,24
5716,1335.6416,87.5458,24
5718,1334.865,87.5532,24
9832,1330.8771,95.59540000000001,24
2060,1330.7242,81.92049999999999,24
145,1330.474,126.802,24
2925,1329.8333,106.3261,24
5821,1329.6425,91.4394,24
2277,1328.5202,77.5574,24
2623,1328.4041,107.43379999999999,24
2261,1327.9492,84.3295,24
210,1327.3218,81.2315,24
140,1326.9021,133.2862,24
9431,1326.7482,96.10740000000001,24
9602,1324.4675,81.98479999999999,24
7018,1324.4052,114.424,24
9935,1323.9103,79.0058,24
5488,1323.7866000000001,100.58070000000001,24
3211,1323.3619,77.2532,24
7017,1322.4382,114.08340000000001,24
43,1322.3511,125.16539999999999,24
3607,1321.7681,70.6492,24
2371,1321.417,90.3065,24
6919,1320.7371,109.7628,24
6722,1320.586,80.80239999999999,24
5394,1319.8288,107.8202,24
2911,1319.5525,78.2353,24
264,1319.3667,94.9739,24
9536,1319.3292000000001,85.75900000000001,24
9814,1319.1468,97.3192,24
2725,1319.1243,104.947,24
4676,1316.0003,117.1544,24
436,1313.1571,98.4894,24
634,1312.9002,92.16890000000001,24
699,1312.8045,113.21759999999999,24
598,1312.8045,113.21759999999999,24
799,1312.8045,113.21759999999999,24
698,1312.8045,113.21759999999999,24
599,1312.3165999999999,113.2178,24
5114,1311.6985,98.2261,24
7728,1310.4562,120.1679,24
5597,1309.7348,108.96869999999998,24
5717,1309.696,86.77199999999999,24
700,1309.5351,112.99589999999999,24
600,1309.2396,113.19839999999999,24
4713,1308.8832,95.9893,24
6090,1307.7274,75.6632,24
499,1306.9165,113.2202,24
5612,1305.9179,76.4285,24
500,1305.9123,113.22049999999999,24
800,1305.8569,112.7465,24
5620,1305.6925,80.2294,24
894,1303.7425,90.4075,24
2177,1302.2693,76.6779,24
534,1302.1416,91.45750000000001,24
2629,1301.8318,77.5652,24
5819,1300.1397,86.06099999999999,24
5938,1299.3571,100.86540000000001,24
5296,1298.1484,108.37620000000001,24
6822,1297.5811999999999,109.5311,24
5595,1297.4886999999999,108.5613,24
5496,1296.3039,108.48530000000001,24
5596,1296.3039,108.48530000000001,24
5395,1296.3039,108.48530000000001,24
5495,1296.3039,108.48530000000001,24
5112,1296.1424,97.6181,24
5487,1295.7165,99.10230000000001,24
4609,1292.9173,95.4879,24
5014,1292.9173,95.4879,24
3310,1292.3758,75.0432,24
5839,1291.2952,97.05319999999999,24
9410,1291.0892,87.25919999999999,24
1846,1290.1908,101.3558,24
3215,1290.1200999999999,76.2447,24
2176,1289.4676,75.1608,24
6702,1288.6341,90.3294,24
8125,1286.4928,80.1288,24
232,1286.3247,89.82520000000001,24
7529,1286.1652,245.99720000000002,24
4607,1285.0877,86.42479999999999,24
2624,1285.0720000000001,102.94850000000001,24
131,1283.3961,85.694,24
5822,1283.2552,125.40759999999999,24
4813,1283.1692,94.58829999999999,24
2803,1280.4258,74.14249999999998,24
3309,1279.2876,75.2702,24
3109,1279.212,75.2714,24
3210,1279.212,75.2714,24
3208,1279.212,75.2714,24
3108,1279.212,75.2714,24
3107,1279.212,75.2714,24
3308,1279.212,75.2714,24
3110,1279.212,75.2714,24
3009,1279.212,75.2714,24
3010,1279.212,75.2714,24
3011,1279.212,75.2714,24
3209,1279.212,75.2714,24
3111,1279.1323,75.2676,24
377,1276.9881,88.65090000000001,24
5016,1275.8644,104.6987,24
3012,1274.8448,75.1378,24
777,1274.7373,95.79719999999999,24
7151,1274.3879,96.11080000000001,24
9435,1274.1317,94.9187,24
3112,1273.7186,75.0949,24
3214,1273.6564,75.0038,24
9937,1273.4096,82.3753,24
1282,1272.8798,116.5194,24
6428,1270.8853000000001,80.05799999999999,24
2825,1269.0167000000001,101.9292,24
3213,1268.8046,74.8939,24
4705,1268.6809,70.0615,24
5586,1268.2622999999999,96.2138,24
2724,1267.8977,102.0307,24
4917,1267.3805,100.90359999999998,24
6431,1267.0552,82.59909999999999,24
4213,1266.9454,89.8487,24
1535,1266.619,78.3335,24
9731,1264.7854,94.3579,24
9630,1264.7854,94.3579,24
9530,1264.7854,94.3579,24
9533,1264.7854,94.3579,24
9633,1264.7854,94.3579,24
9732,1264.7854,94.3579,24
9834,1264.7854,94.3579,24
9734,1264.7854,94.3579,24
9733,1264.7854,94.3579,24
9833,1264.7854,94.3579,24
9632,1264.7854,94.3579,24
3408,1264.6866,70.471,24
9531,1264.5711,94.3386,24
2659,1264.5701,81.4453,24
5013,1264.225,94.0467,24
9334,1264.1965,94.3044,24
9631,1264.1965,94.3044,24
9432,1262.9154,94.18180000000001,24
9532,1262.6856,94.16470000000001,24
9433,1262.3781999999999,94.1391,24
3212,1262.0509,74.5841,24
9634,1261.8646999999999,94.0924,24
9434,1261.5391,94.065,24
3113,1261.4375,74.72749999999999,24
5934,1260.6267,82.9822,24
5738,1260.5032,77.256,24
34,1260.1156,107.2524,24
9735,1259.3805,93.8666,24
3013,1258.842,74.6481,24
3345,1258.2398,68.8613,24
1909,1257.0196,78.3072,24
9534,1256.6855,93.6252,24
9635,1255.3886,93.4994,24
5721,1254.5888,82.6889,24
780,1253.5465,108.7328,24
533,1249.8844,87.923,24
3207,1249.2729,73.38669999999999,24
6820,1249.0557000000001,95.2429,24
831,1247.0754,78.0169,24
39,1247.0045,127.7697,24
5186,1246.6115,92.9024,24
6089,1245.8421,73.7114,24
132,1245.4522,82.7674,24
3916,1244.6737,89.2491,24
404,1244.2608,72.74189999999999,24
3044,1244.0595,66.16669999999999,24
1811,1243.1213,77.60499999999999,24
4913,1242.6347,92.3247,24
7121,1241.8669,92.00590000000001,24
5414,1241.282,73.63589999999999,24
6328,1240.9876,80.4266,24
2076,1239.8475,72.7154,24
480,1238.8195,82.20410000000001,24
9510,1238.6095,73.9778,24
1636,1238.4288,97.5313,24
5295,1238.0762,102.6251,24
5905,1236.8355999999999,71.49059999999999,24
3709,1235.0104999999999,96.9272,24
2059,1233.1285,76.02879999999999,24
7019,1232.4088,102.36789999999999,24
40,1230.463,125.30870000000002,24
2824,1230.3547,99.07159999999999,24
403,1229.9848,71.8858,24
4214,1228.8397,93.56110000000001,24
9535,1227.959,91.2563,24
5714,1227.0228,71.93260000000001,24
4010,1226.4655,76.86059999999999,24
2377,1225.5564,72.229,24
1333,1222.7229,81.0092,24
4698,1222.5013000000001,108.63730000000001,24
1716,1221.0138,77.2447,24
9917,1220.1498000000001,75.375,24
9910,1219.2983,83.266,24
3142,1219.1235,68.7267,24
1176,1217.1921,104.0734,24
9835,1216.8738,87.5182,24
4016,1215.716,94.6742,24
1212,1215.6342,94.3249,24
6630,1212.1193,77.8373,24
6920,1210.7499,87.9979,24
2479,1209.8094,116.1633,24
5286,1205.4667,91.8005,24
5387,1205.4667,91.8005,24
6821,1203.1288,85.8962,24
1191,1201.932,89.0704,24
6427,1201.326,79.9891,24
5115,1200.9021,94.94380000000001,24
5102,1199.5653,70.6962,24
5386,1199.317,91.4828,24
5831,1198.6649,70.2636,24
5111,1195.9525,113.3537,24
5486,1194.8268,91.67980000000001,24
6020,1194.6254999999999,97.4139,24
433,1194.1705,83.86849999999998,24
6531,1192.8812,77.739,24
1713,1192.5464,74.5943,24
2471,1192.4167,85.7998,24
2470,1192.4167,85.7998,24
2370,1192.4167,85.7998,24
2270,1192.4167,85.7998,24
4811,1190.422,75.749,24
5838,1190.3303,92.34900000000002,24
7251,1189.4712,93.9812,24
6128,1188.8376,78.41890000000001,24
5287,1188.4079,90.3856,24
5810,1186.7921000000001,78.9257,24
6430,1186.6842,76.8846,24
5385,1185.0936,91.1284,24
5196,1184.3063,107.85270000000001,24
734,1183.6582,83.7554,24
9705,1180.9944,72.46199999999999,24
2570,1180.8220000000001,84.60979999999999,24
830,1179.0009,83.12740000000001,24
9407,1177.1415,76.0319,24
6330,1177.0037,77.33539999999999,24
928,1177.0025,82.9761,24
623,1176.4497000000001,83.08500000000001,24
922,1176.4497000000001,83.08500000000001,24
622,1176.4497000000001,83.08500000000001,24
624,1176.4497000000001,83.08500000000001,24
625,1176.4497000000001,83.08500000000001,24
626,1176.4497000000001,83.08500000000001,24
921,1176.4497000000001,83.08500000000001,24
722,1176.4497000000001,83.08500000000001,24
724,1176.4497000000001,83.08500000000001,24
723,1176.4497000000001,83.08500000000001,24
721,1176.4497000000001,83.08500000000001,24
727,1176.4497000000001,83.08500000000001,24
821,1176.4497000000001,83.08500000000001,24
822,1176.4497000000001,83.08500000000001,24
829,1176.4497000000001,83.08500000000001,24
823,1176.4497000000001,83.08500000000001,24
824,1176.4243,83.0827,24
930,1176.4229,83.0819,24
1935,1176.4022,89.6617,24
932,1176.3883,83.06810000000002,24
730,1176.3733,83.07790000000001,24
524,1176.3669,83.0774,24
728,1176.3215,83.07300000000001,24
828,1176.2932,83.0545,24
725,1176.2717,83.05930000000001,24
726,1176.2666,83.05380000000001,24
731,1176.259,83.04660000000001,24
2276,1176.1208,69.5748,24
825,1176.0855,82.992,24
627,1175.9554,83.0389,24
729,1175.9239,83.03590000000001,24
832,1175.8662,82.92420000000001,24
827,1175.8402,82.9976,24
525,1175.8372,83.02790000000002,24
231,1175.7795,82.99130000000001,24
923,1175.7433,83.0292,24
820,1175.6267,83.02919999999999,24
526,1175.5733,83.0031,24
732,1175.4773,82.83670000000001,24
633,1175.4704,82.84660000000001,24
630,1175.4539,82.99210000000001,24
833,1175.4515000000001,82.80980000000001,24
733,1175.4515000000001,82.80980000000001,24
532,1175.4253,82.85770000000001,24
632,1175.4245,82.8452,24
631,1175.4017000000001,82.93570000000001,24
826,1175.3961,82.93700000000001,24
628,1175.3941,82.9865,24
331,1175.3514,82.96780000000001,24
531,1175.326,82.9732,24
527,1175.3248,82.98,24
431,1175.323,82.97660000000002,24
528,1175.321,82.97970000000001,24
529,1175.321,82.97970000000001,24
31,1175.321,82.97970000000001,24
129,1175.321,82.97970000000001,24
429,1175.321,82.97970000000001,24
228,1175.321,82.97970000000001,24
327,1175.321,82.97970000000001,24
329,1175.321,82.97970000000001,24
427,1175.321,82.97970000000001,24
130,1175.321,82.97970000000001,24
229,1175.321,82.97970000000001,24
230,1175.321,82.97970000000001,24
629,1175.321,82.97970000000001,24
330,1175.321,82.97970000000001,24
428,1175.321,82.97970000000001,24
430,1175.321,82.97970000000001,24
426,1175.321,82.97970000000001,24
530,1175.321,82.97970000000001,24
328,1175.321,82.97970000000001,24
425,1175.321,82.97970000000001,24
435,1175.2494,82.9698,24
332,1175.1722,82.91800000000002,24
235,1175.0993,82.9631,24
335,1174.9346,82.9265,24
336,1174.7152,82.89630000000001,24
234,1174.4587,82.8469,24
334,1174.3611,82.83970000000001,24
434,1174.2688,82.8349,24
233,1174.166,82.82080000000002,24
333,1174.086,82.80980000000001,24
7429,1173.7666,243.7763,24
326,1173.3347,82.8448,24
128,1172.5021000000002,82.7882,24
927,1172.2289,82.66449999999999,24
925,1171.79,82.39170000000001,24
4115,1170.7407,94.56420000000001,24
405,1170.7345,68.53190000000001,24
926,1170.5853,82.38440000000001,24
1463,1170.2681,69.47,24
924,1169.7322,82.4505,24
1133,1168.7909,107.51480000000002,24
4914,1167.6102,87.6052,24
929,1167.4215,82.40299999999999,24
30,1167.0371,82.417,24
2568,1165.6598,79.443,24
920,1165.6143,82.2621,24
7531,1165.5612,242.9374,24
236,1165.0277,95.27040000000001,24
7431,1165.0034,242.92450000000002,24
7430,1165.0034,242.92450000000002,24
7530,1165.0034,242.92450000000002,24
797,1164.933,103.93279999999999,24
227,1164.2005,82.2241,24
1183,1163.4742,115.66550000000001,24
4695,1162.256,128.1729,24
6228,1162.1486,76.68950000000001,24
7021,1162.0064,82.6314,24
2860,1161.6615000000002,75.3259,24
6530,1157.9379999999999,75.9791,24
6921,1157.731,81.41029999999999,24
7022,1157.6385,82.56179999999999,24
4500,1157.5811999999999,64.35,24
523,1157.2777,81.7822,24
1280,1156.2337,115.89059999999999,24
4507,1155.3346,78.8315,24
3411,1155.1325,77.87379999999999,24
135,1155.1152,102.4273,24
2425,1155.0126,113.16670000000002,24
4614,1154.9296,86.16159999999999,24
597,1154.6253,98.76899999999999,24
1184,1154.1533,115.1037,24
3711,1153.8527,94.48599999999999,24
5837,1152.7965,90.8871,24
3904,1152.2148,64.07079999999999,24
5413,1151.6135,69.4291,24
5514,1151.6133,69.4289,24
6922,1150.8482,81.87,24
1435,1150.468,73.6307,24
3313,1150.3601,68.1555,24
5512,1150.0961,69.3408,24
237,1149.9558,118.1243,24
5513,1149.5316,69.3079,24
136,1147.8655,121.4928,24
139,1147.8509999999999,121.63149999999999,24
38,1147.8509999999999,121.63149999999999,24
35,1147.8509999999999,121.63149999999999,24
36,1147.8509999999999,121.63149999999999,24
37,1147.8509999999999,121.63149999999999,24
138,1147.7776,121.62119999999999,24
137,1147.3094,121.5569,24
1185,1147.0299,118.16080000000001,24
3714,1146.4363,100.6942,24
3245,1145.8514,65.4464,24
7727,1145.4349,116.1898,24
3910,1143.9941,94.58789999999999,24
2500,1143.2727,64.4877,24
5388,1142.9959,85.7682,24
1182,1141.078,114.50319999999999,24
5613,1140.939,68.8073,24
7928,1140.8877,69.6291,24
8228,1140.8874,69.99980000000001,24
1480,1140.6484,106.5055,24
2231,1138.7377,149.20819999999998,24
1810,1137.7581,71.576,24
1712,1137.7581,71.576,24
1710,1137.4983,71.554,24
2269,1137.1857,82.04929999999999,24
2221,1136.9645,75.72460000000001,24
5615,1136.9234999999999,68.4005,24
5614,1135.5735,68.4777,24
2478,1135.0487,111.0558,24
424,1134.9948,80.24959999999999,24
720,1134.0684,79.9044,24
3444,1133.5531,66.0628,24
679,1131.3919,99.028,24
133,1130.9388,77.9936,24
2674,1130.0472,95.93119999999999,24
7827,1129.6437,105.1523,24
2367,1129.0133,76.7412,24
982,1128.4106,112.51010000000001,24
29,1126.8719,79.6875,24
1378,1126.239,111.1069,24
6331,1126.1124,75.19,24
9905,1124.8991,70.227,24
5412,1124.4096,67.8663,24
4912,1124.1593,85.6586,24
2278,1124.0671,111.0413,24
2380,1123.4750999999999,111.33699999999999,24
2379,1122.9983,111.2945,24
2280,1122.9983,111.2945,24
4600,1121.7131,62.6148,24
4800,1121.6975,62.6137,24
4900,1121.4878,62.6175,24
4700,1121.3856,62.5919,24
4794,1121.374,120.14479999999999,24
4699,1120.987,62.5768,24
3143,1120.4061,65.9819,24
3243,1120.4061,65.9819,24
3242,1120.4061,65.9819,24
3344,1120.4061,65.9819,24
3342,1120.4061,65.9819,24
3443,1120.4061,65.9819,24
3442,1120.4061,65.9819,24
3343,1120.4061,65.9819,24
3144,1120.4061,65.9819,24
3244,1120.4061,65.9819,24
2178,1120.2518,111.1486,24
2179,1120.1391,110.6875,24
2279,1120.1249,111.1418,24
9904,1120.0124,70.5616,24
9805,1119.8751,70.2877,24
294,1119.6083,95.949,24
2378,1119.4154,107.7225,24
9804,1118.6548,70.6545,24
9803,1118.4628,70.6676,24
9702,1118.4628,70.6676,24
9903,1118.4396,70.662,24
9802,1118.2988,70.64249999999998,24
1083,1118.2019,113.3159,24
1281,1115.3499,113.14229999999999,24
884,1115.2219,73.27199999999999,24
7020,1114.8016,78.3931,24
4111,1114.4771,88.916,24
9902,1113.7424,69.9873,24
9836,1113.1126,67.1138,24
6229,1110.4571,74.1855,24
713,1110.0018,66.6594,24
1032,1109.517,77.79270000000001,24
4916,1109.2379,85.62419999999999,24
2670,1108.0766,77.8157,24
4714,1107.8207,83.844,24
4814,1107.8207,83.844,24
4697,1107.4652,129.85989999999998,24
4696,1107.4652,129.85989999999998,24
4799,1104.1386,61.363600000000005,24
2298,1103.7556,63.1693,24
409,1103.5387,67.3155,24
621,1103.2665,77.13969999999999,24
8127,1102.6132,67.3148,24
2499,1102.5099,65.4979,24
8128,1102.1618,67.4596,24
3509,1102.0935,93.2164,24
8028,1101.9662,67.3865,24
6233,1100.6905,74.4596,24
8126,1100.08,66.7441,24
8027,1099.5582,67.3021,24
2672,1099.5471,81.8933,24
3815,1098.5611,91.9939,24
1809,1097.3721,68.1613,24
2572,1097.2072,84.3099,24
9603,1096.5906,68.4632,24
432,1095.6304,76.7269,24
3814,1095.4602,96.2064,24
9409,1095.2587,71.3715,24
8227,1095.1239,66.57780000000001,24
134,1094.9234999999999,77.0449,24
9604,1094.5398,68.491,24
5715,1094.0782,65.4613,24
6129,1094.0741,73.5127,24
6323,1093.7063,66.2048,24
9901,1093.6827,68.5154,24
2369,1093.4093,79.09609999999999,24
1082,1093.2814,112.02260000000001,24
3511,1092.2884,93.1202,24
1181,1092.0951,111.96090000000001,24
1277,1091.4587,111.928,24
1278,1091.4587,111.928,24
1180,1091.4587,111.928,24
1279,1091.4587,111.928,24
981,1091.4587,111.928,24
1081,1091.4587,111.928,24
1179,1091.4587,111.928,24
1080,1091.4497000000001,111.9274,24
5212,1091.2586999999999,73.066,24
1178,1090.8987,111.8894,24
695,1090.6892,79.9667,24
8226,1090.6779000000001,66.1754,24
1079,1090.3253,111.85,24
395,1090.2839000000001,93.3193,24
8025,1090.1131,107.6903,24
3412,1089.9656,71.3967,24
325,1089.7154,77.16259999999998,24
127,1087.4707,77.0137,24
1379,1087.4609,108.60349999999998,24
161,1086.7551,65.0189,24
6230,1085.6746,72.96770000000001,24
1380,1085.6723,108.44389999999999,24
6329,1084.7314,69.9335,24
9704,1084.375,67.96780000000001,24
9408,1083.8177,68.8192,24
4899,1082.9618,86.26150000000001,24
1381,1081.8799,108.7254,24
880,1080.515,110.3724,24
10,1079.6304,67.2871,24
980,1079.2666,111.0884,24
2120,1078.4821,70.42869999999999,24
5511,1078.4048,64.7048,24
2160,1078.3945,66.3952,24
697,1075.9342,91.8837,24
110,1074.8691,67.019,24
3710,1073.5213,96.3735,24
522,1071.3946,75.9462,24
164,1070.496,71.0719,24
1078,1070.078,109.4196,24
979,1069.0356,110.32130000000001,24
1177,1068.9787000000001,108.1534,24
9703,1068.4289,67.5316,24
3510,1068.3593,93.60919999999999,24
5012,1066.1195,82.1689,24
4704,1065.9929,61.097500000000004,24
4816,1065.7942,81.2002,24
4715,1065.7942,81.2002,24
4815,1065.7942,81.2002,24
4915,1063.8294,81.17569999999999,24
1031,1061.7466,73.98979999999999,24
6121,1060.2259,63.801899999999996,24
226,1058.3896,75.034,24
7927,1056.5993,64.8536,24
778,1055.7544,101.7189,24
2569,1055.0912,75.1827,24
2204,1053.9436,64.6663,24
1899,1052.6416,62.2758,24
879,1050.8386,105.49270000000001,24
5930,1049.8445,66.5299,24
81,1049.4747,70.1357,24
1230,1049.431,63.0988,24
3915,1049.1038,92.9713,24
3609,1048.4137,94.62970000000001,24
9801,1046.5792,65.7927,24
1411,1046.2246,61.248099999999994,24
2469,1045.3628,75.8429,24
978,1044.593,104.0972,24
1084,1043.5018,105.631,24
1633,1043.4954,73.81899999999999,24
423,1043.4243,74.0453,24
7925,1040.7002,85.8036,24
483,1039.8092,58.8802,24
877,1039.7129,102.1615,24
2022,1039.6363000000001,70.10480000000001,24
5097,1039.4388,131.8091,24
1077,1039.4238,102.94279999999999,24
582,1039.3187,55.33359999999999,24
6326,1037.7241,64.06110000000001,24
779,1036.8033,102.35810000000001,24
977,1036.8033,102.35810000000001,24
878,1036.8033,102.35810000000001,24
3311,1036.5371,57.713,24
535,1036.3246,72.1899,24
2322,1035.4187,67.3994,24
1612,1035.3298,62.915499999999994,24
323,1035.2853,73.4829,24
324,1035.249,73.4615,24
225,1034.5374,73.413,24
819,1034.4804,69.31920000000001,24
3106,1033.8408,59.856899999999996,24
422,1033.708,73.2725,24
1934,1033.3588,64.0604,24
1918,1031.9935,66.62780000000001,24
2671,1030.319,78.2065,24
28,1029.4886,73.2636,24
1908,1028.9854,60.9674,24
9405,1027.8455000000001,62.621900000000004,24
6027,1027.4695,60.4294,24
4998,1026.328,131.1246,24
4795,1026.2686,131.1131,24
4895,1026.2686,131.1131,24
4996,1026.2686,131.1131,24
4997,1026.2686,131.1131,24
5096,1026.2686,131.1131,24
4796,1026.2686,131.1131,24
4896,1026.2686,131.1131,24
4897,1026.2297,131.1116,24
4898,1026.1946,131.1102,24
4797,1026.1304,131.1075,24
4798,1025.3937,130.9826,24
2376,1023.673,66.94839999999999,24
6133,1023.1326,68.5194,24
1311,1022.5015,61.128,24
680,1020.2338,101.1305,24
3610,1018.1137,94.24059999999999,24
3611,1018.0015,94.2238,24
1718,1014.3148,64.858,24
6033,1012.3395,67.8622,24
224,1010.8637,71.98780000000001,24
919,1010.8002,67.316,24
5313,1010.0388,61.2953,24
1506,1009.4189,64.8583,24
4114,1008.7108999999999,92.8193,24
4015,1008.7108999999999,92.8193,24
4014,1008.6919,92.81899999999999,24
2061,1007.9905,63.671899999999994,24
5411,1007.2974,60.8787,24
126,1007.2668,71.7713,24
4113,1007.2244,92.9452,24
3914,1006.0415,92.732,24
3713,1002.6379,92.96,24
6189,1002.2953,60.6102,24
3911,1002.2149,93.23339999999999,24
384,1001.0322,57.64410000000001,24
262,999.1904,62.988200000000006,24
9605,998.8381,60.475300000000004,24
6291,998.1365999999999,79.4175,24
1394,996.2338,72.5215,24
3810,995.5305,92.2621,24
4112,994.3235,92.93509999999999,24
1511,994.0263,58.399,24
4011,993.5967,92.9007,24
2020,992.9233,64.0415,24
4013,992.8796,92.58759999999998,24
1293,991.1804,72.6288,24
2268,990.0693,70.93520000000001,24
4012,989.7823999999999,92.54229999999998,24
1560,989.303,71.7009,24
6502,988.1068,61.2191,24
3612,987.9844,91.4844,24
4995,987.4601,124.15220000000001,24
2257,987.2969,61.61,24
2467,986.5703,71.09119999999999,24
9701,985.7388000000001,62.1122,24
612,984.2672,55.879000000000005,24
402,984.0360000000001,57.2351,24
9716,983.6702,57.3789,24
6029,982.8143,67.4999,24
2577,977.0143,84.7266,24
3912,975.5932,91.0144,24
5909,975.2522,67.8572,24
1462,973.4261,62.134100000000004,24
8026,971.2043,65.9042,24
181,970.279,60.128600000000006,24
2761,968.7783000000001,62.5249,24
1233,967.6301,62.3964,24
1361,964.4358,64.08749999999999,24
193,960.9154,81.7186,24
2007,959.3804,55.634100000000004,24
1008,957.905,59.401700000000005,24
6290,957.8042,68.7976,24
223,957.7134,66.58109999999999,24
1919,957.1726,64.0123,24
1819,957.1726,64.0123,24
1818,957.1726,64.0123,24
1817,957.1726,64.0123,24
1719,957.1726,64.0123,24
1616,957.1726,64.0123,24
1619,957.1726,64.0123,24
1518,957.1726,64.0123,24
6127,956.9403,59.287699999999994,24
1844,956.4507,96.9965,24
1617,956.356,64.0264,24
984,956.0158,83.57329999999999,24
1618,954.9554,64.05170000000001,24
2468,954.6198,69.6987,24
2368,954.6198,69.6987,24
9715,954.3091,54.1271,24
363,954.27,62.468799999999995,24
1517,953.9902,63.8106,24
1536,952.2536,72.7852,24
6327,952.0179,59.6576,24
192,951.2863,80.855,24
293,951.2863,80.855,24
92,951.2863,80.855,24
1542,951.1708,95.8281,24
620,951.1507,61.9619,24
1799,950.6596,65.1083,24
191,949.8368,80.72,24
292,949.7151,80.771,24
4894,949.3914,116.15780000000001,24
3613,946.9827,87.6514,24
521,946.7148,62.3263,24
125,945.833,68.0726,24
2474,944.7489,85.8544,24
2105,944.3805,54.5624,24
1611,943.4937,56.794700000000006,24
1709,942.2042,55.0415,24
5312,941.0028,57.3292,24
1418,940.9609,62.9854,24
393,940.568,80.28309999999999,24
9505,940.4047,56.9284,24
2132,939.1695000000001,115.44050000000001,24
1613,938.9001,54.7622,24
6325,938.0448,56.264,24
6332,937.788,64.8806,24
1907,937.5586,56.5891,24
3812,937.2955,87.49119999999999,24
2122,936.8515,62.9328,24
1610,935.7328,54.4944,24
3913,934.7977,86.9186,24
1507,933.7089000000001,55.961400000000005,24
4911,932.7473,74.3952,24
3705,932.1785,53.8274,24
27,932.109,67.2463,24
394,931.374,79.7311,24
6227,929.3082,58.6414,24
4503,929.0094,50.407199999999996,24
44,928.3506,68.4055,24
45,928.3506,68.4055,24
46,928.3506,68.4055,24
4302,927.3329,50.476299999999995,24
6231,924.5147,64.1624,24
5015,923.1828,76.7292,24
6026,922.5748,54.907300000000006,24
5832,918.7587,63.769400000000005,24
6801,918.3072,58.014599999999994,24
6226,918.0176,57.882999999999996,24
389,917.6043999999999,79.9098,24
2361,916.7338,57.0285,24
1717,915.7455,62.3628,24
596,915.6356,72.68769999999999,24
1543,915.4938,92.4636,24
63,914.324,61.866,24
4675,910.0009,62.40260000000001,24
1564,906.9507,58.6246,24
2477,906.7859,71.2582,24
5933,905.9965,62.8941,24
1825,904.8853,57.5561,24
1519,904.6872000000001,61.098000000000006,24
3307,904.5075,52.279599999999995,24
3813,900.6928,83.8364,24
322,897.4659,56.4701,24
1516,896.0488,60.100899999999996,24
1614,895.7909,53.304500000000004,24
6130,895.1235,62.6655,24
3508,894.3594,66.30250000000001,24
6031,894.1414,62.5018,24
6131,894.1414,62.5018,24
5931,894.1414,62.5018,24
6030,894.1414,62.5018,24
5833,894.1414,62.5018,24
6132,894.1414,62.5018,24
5932,894.1414,62.5018,24
6032,894.1414,62.5018,24
6232,894.1414,62.5018,24
1643,883.6046,91.5048,24
2198,882.7846,52.3432,24
2330,882.133,105.8001,24
1290,881.1709,74.5419,24
263,880.3722,60.2329,24
62,880.3722,60.2329,24
163,880.3722,60.2329,24
162,880.3722,60.2329,24
61,880.3722,60.2329,24
25,879.265,64.0649,24
26,879.265,64.0649,24
2323,878.4732,75.4296,24
188,877.5098,65.984,24
4202,875.4677,50.9524,24
3312,875.2368,51.5293,24
124,875.1848,63.3179,24
24,871.9897,63.1507,24
1211,870.6323,52.461800000000004,24
1644,870.5813,90.652,24
1515,870.5206000000001,51.1827,24
1745,870.4127,90.64590000000001,24
1744,869.8836,90.6267,24
1845,869.8836,90.6267,24
1419,869.3867,58.7635,24
1835,867.1536,65.3804,24
9916,855.4148,51.4266,24
7826,854.1745,70.39320000000001,24
9909,853.8512000000001,53.9246,24
1808,849.9147,50.2281,24
6126,849.638,51.5633,24
6191,849.2189,57.4338,24
311,848.5182,54.0241,24
6190,844.7917,57.4317,24
5906,841.0391999999999,58.008799999999994,24
1205,839.9442,50.828,24
9406,838.1703,50.5347,24
5195,837.6901,61.5102,24
1415,837.013,50.5591,24
421,835.7272,50.9869,24
2503,834.6858,51.4383,24
5921,832.5845,58.26559999999999,24
2324,830.0556,72.9731,24
5095,829.4243,96.2724,24
719,827.1301,50.2244,24
2673,826.2685,82.8293,24
1708,825.9462,50.436099999999996,24
1410,825.9462,50.436099999999996,24
1409,825.9462,50.436099999999996,24
1412,825.9462,50.436099999999996,24
1413,825.9462,50.436099999999996,24
1602,825.9462,50.436099999999996,24
1408,825.9462,50.436099999999996,24
1314,825.9462,50.436099999999996,24
1312,825.9462,50.436099999999996,24
1603,825.9462,50.436099999999996,24
1608,825.9462,50.436099999999996,24
1609,825.9462,50.436099999999996,24
1604,825.9462,50.436099999999996,24
1113,825.9462,50.436099999999996,24
1214,825.9462,50.436099999999996,24
1213,825.9462,50.436099999999996,24
1209,825.9462,50.436099999999996,24
1505,825.9462,50.436099999999996,24
1509,825.9462,50.436099999999996,24
1508,825.9462,50.436099999999996,24
1512,825.9462,50.436099999999996,24
1502,825.9462,50.436099999999996,24
1305,825.9462,50.436099999999996,24
1513,825.9462,50.436099999999996,24
1510,825.9462,50.436099999999996,24
1313,825.9462,50.436099999999996,24
1405,825.9462,50.436099999999996,24
1315,825.9462,50.436099999999996,24
1309,825.9462,50.436099999999996,24
1707,824.9676000000001,50.3905,24
1112,824.5301,50.3672,24
1304,824.3411,50.35940000000001,24
1706,823.6962,50.331100000000006,24
3005,822.5917999999999,47.2512,24
4806,821.7827,47.1083,24
1288,819.7376,84.3635,24
1660,819.5027,58.37960000000001,24
1296,819.4704,82.1178,24
1806,819.1196,50.1176,24
410,818.8602999999999,50.5462,24
1704,818.4599999999999,50.0999,24
1210,817.4846,49.4901,24
2573,817.4347,82.3198,24
7926,816.8031,72.64869999999999,24
187,816.1897,61.1121,24
9908,816.0453,52.1362,24
6025,814.5837,48.9747,24
2576,814.5202999999999,83.0325,24
1514,813.86,46.3471,24
1114,813.8064,48.6167,24
2476,813.564,82.3123,24
1111,813.3466999999999,49.823699999999995,24
1605,811.8309,49.777100000000004,24
1727,811.1674,50.1218,24
1702,810.9851,49.7104,24
1110,810.8643000000001,49.703100000000006,24
1215,810.5503,48.4163,24
2475,809.5983,82.843,24
2574,809.5983,82.843,24
2575,809.5983,82.843,24
1601,808.9696,49.6248,24
1021,807.7719000000001,54.871,24
5804,806.9995,47.104699999999994,24
9608,806.8705,50.8289,24
1404,805.6446,49.2013,24
2033,804.4225,65.5155,24
495,801.511,72.53099999999999,24
5924,801.1681,59.7869,24
5923,801.1681,59.7869,24
1735,799.2872,59.1558,24
1402,798.5919,48.69559999999999,24
1414,798.162,45.3743,24
1013,797.8288,47.6388,24
1109,797.7714000000001,49.066500000000005,24
818,796.4601,45.21,24
1029,795.367,50.317499999999995,24
5922,795.0377,58.9889,24
1204,793.9628,47.4112,24
1504,793.5312,48.6149,24
1998,793.4422,49.11059999999999,24
1705,793.2083,48.908,24
1607,793.1695,48.6708,24
2062,792.6676,56.3621,24
1329,790.2922,45.3157,24
1012,789.7583,47.405,24
1620,789.604,54.3815,24
918,789.5155,45.7636,24
3606,789.3743,47.7977,24
1115,782.5966999999999,46.6956,24
1303,782.048,46.72,24
386,780.9109,64.6003,24
7821,780.3596,117.4614,24
1802,780.0053,48.1467,24
1030,779.4893,54.4997,24
1014,778.7616,46.459500000000006,24
1703,778.3539000000001,48.1841,24
6007,775.5477999999999,55.88459999999999,24
1116,774.8867,46.237899999999996,24
1015,774.4672,46.219100000000005,24
494,773.9493,70.8873,24
5710,773.7637,58.0018,24
3811,772.9567,71.6468,24
1805,770.8463,47.864200000000004,24
1216,769.4819,46.092099999999995,24
1606,765.3141,47.339400000000005,24
914,764.2448,45.691900000000004,24
1417,763.8042,51.7658,24
907,763.6985999999999,45.006,24
1803,763.4518,47.625099999999996,24
1501,761.9041,46.9623,24
595,761.1682999999999,68.5231,24
9816,760.7581,45.2903,24
1104,760.3965,44.6712,24
915,759.4698,45.447399999999995,24
1807,756.7677,46.2809,24
585,756.3787,64.2201,24
1520,755.8485,51.8682,24
893,754.6404,63.78159999999999,24
6324,753.9182,45.057199999999995,24
1920,752.2448,53.4705,24
1406,751.7035,48.8368,24
2064,750.9782,54.7614,24
1011,750.4408999999999,45.7497,24
520,749.3832,47.2299,24
285,748.0704000000001,51.9023,24
9506,747.9901,48.3923,24
1503,746.58,45.735,24
908,746.2037,44.7368,24
1308,745.6131,45.505199999999995,24
1820,744.5908000000001,53.0733,24
1004,744.1998,43.5703,24
186,741.3399,53.894299999999994,24
718,740.0934,46.8658,24
419,738.187,47.0047,24
618,738.187,47.0047,24
518,738.187,47.0047,24
420,738.187,47.0047,24
619,738.187,47.0047,24
519,738.187,47.0047,24
1203,737.8494000000001,43.398700000000005,24
5294,737.5891,55.06219999999999,24
1903,736.6554,46.1947,24
1804,736.5275,46.383799999999994,24
1904,736.2189000000001,46.381,24
906,735.26,43.055800000000005,24
9906,734.378,48.8113,24
1020,734.2651000000001,49.5005,24
1010,734.063,45.2282,24
2004,733.1875,46.0202,24
808,732.2556,43.39809999999999,24
91,730.5109,60.257000000000005,24
517,730.3095,46.6391,24
321,728.6731,46.627399999999994,24
1563,726.2327,54.069700000000005,24
1665,726.0027,54.0634,24
1960,725.7021,54.1701,24
2005,724.7279,45.7868,24
411,724.4905,43.821200000000005,24
1202,723.9087,42.4152,24
1720,723.0159,51.817099999999996,24
401,722.841,42.3641,24
1701,722.4518,44.3592,24
1461,721.7364,54.1606,24
801,721.5182,42.3697,24
1022,721.4851,47.111200000000004,24
1561,720.9854,54.1294,24
1760,720.9402,54.1055,24
1860,720.8275,54.046200000000006,24
1661,720.7377,53.9983,24
1562,720.6153,53.9336,24
1761,720.592,53.9213,24
1764,720.5791,53.9149,24
1763,720.5791,53.9149,24
1963,720.5791,53.9149,24
1965,720.5791,53.9149,24
1962,720.5791,53.9149,24
1961,720.5791,53.9149,24
1964,720.5791,53.9149,24
1863,720.5791,53.9149,24
1862,720.5791,53.9149,24
1864,720.5791,53.9149,24
1762,720.5791,53.9149,24
1664,720.5791,53.9149,24
1662,720.5791,53.9149,24
1663,720.5791,53.9149,24
2063,720.5791,53.9149,24
1861,720.5791,53.9149,24
1865,720.4221,53.9132,24
1765,720.3765,53.9127,24
807,720.2158000000001,42.2068,24
904,718.717,42.12220000000001,24
1622,718.6429,51.7889,24
1102,718.3162,41.43899999999999,24
702,718.0674,42.0856,24
9809,717.8694,47.4922,24
617,717.4561,45.194,24
905,717.2529,42.0396,24
418,716.8836,46.1601,24
1521,716.3172000000001,49.198100000000004,24
1117,716.2173,43.882999999999996,24
4994,716.1452,76.3927,24
1009,715.8194,43.586999999999996,24
1905,715.7639,45.3301,24
1103,714.5897,41.889300000000006,24
806,714.4843,41.88340000000001,24
607,714.4487,41.881299999999996,24
392,714.3987,68.21029999999999,24
1101,713.6326,41.838699999999996,24
3206,713.6155,41.5035,24
1401,712.0656,42.236900000000006,24
4003,711.9195,42.41010000000001,24
903,711.6034,41.720600000000005,24
694,711.3673,65.6979,24
289,711.2556,68.2629,24
707,710.7935,41.675000000000004,24
6024,710.7301,49.10080000000001,24
803,710.6422,41.6664,24
804,710.556,41.661500000000004,24
5603,710.547,41.02000000000001,24
1316,710.4924,44.2017,24
901,710.1066,41.6362,24
504,710.1066,41.6362,24
703,710.1066,41.6362,24
606,710.1066,41.6362,24
601,710.1066,41.6362,24
705,710.1066,41.6362,24
805,710.1066,41.6362,24
502,710.1066,41.6362,24
603,710.1066,41.6362,24
706,710.1066,41.6362,24
602,710.1066,41.6362,24
605,710.1066,41.6362,24
503,710.1066,41.6362,24
506,710.1066,41.6362,24
701,710.1066,41.6362,24
1201,710.1066,41.6362,24
704,710.1066,41.6362,24
1301,710.1066,41.6362,24
604,710.1066,41.6362,24
501,710.1066,41.6362,24
505,710.1066,41.6362,24
902,710.1066,41.6362,24
1001,710.1066,41.6362,24
5703,710.0269,40.60679999999999,24
1906,709.4839,45.0001,24
512,707.5607,41.9981,24
123,706.5688,45.832600000000006,24
1302,706.5033,41.846000000000004,24
2104,706.398,43.0246,24
1092,706.3674,61.722300000000004,24
802,706.3342,41.5416,24
507,706.1806,41.5003,24
717,704.9341,41.766200000000005,24
1002,704.3687,41.2086,24
1421,704.3100000000001,48.1116,24
312,703.5725,44.8252,24
291,703.3595,67.6212,24
1108,703.3283,42.93549999999999,24
817,702.7106,42.1513,24
912,701.3643,42.4657,24
913,701.2931,42.4621,24
1018,701.0337999999999,42.4541,24
1319,699.0891,47.403000000000006,24
281,697.9591,54.5891,24
708,696.5662,41.2212,24
9808,695.1576,46.5292,24
1403,692.7912,43.1122,24
6602,691.5351,47.1272,24
1003,691.3448,40.650099999999995,24
608,690.3374,40.998599999999996,24
1320,688.0854,46.6447,24
1220,687.9729,46.628,24
1321,687.1514000000001,46.563,24
508,686.0946,40.8004,24
1028,685.7269,43.029799999999994,24
513,685.2356,40.7391,24
1120,685.1639,46.20980000000001,24
1119,684.9886,46.183800000000005,24
1019,684.9886,46.183800000000005,24
509,684.6595,40.755700000000004,24
510,684.6595,40.755700000000004,24
609,684.6595,40.755700000000004,24
610,684.6595,40.755700000000004,24
6122,684.1671,40.8825,24
709,683.6188000000001,40.7569,24
611,683.1560999999999,40.7573,24
511,682.5103,40.6286,24
1407,682.1631,41.3797,24
1219,681.1958999999999,46.2313,24
313,681.0934,40.7086,24
6008,681.078,53.0788,24
211,680.9518,44.61110000000001,24
613,679.0641,40.2154,24
1186,678.3886,67.4739,24
710,676.8578,40.7641,24
412,676.3639000000001,40.2651,24
413,676.3639000000001,40.2651,24
414,676.288,40.260400000000004,24
1105,674.976,39.9812,24
514,674.4776,40.279199999999996,24
1221,673.7839,45.3089,24
6023,673.6342,44.717600000000004,24
813,673.2678,41.0243,24
222,673.186,44.101800000000004,24
5806,673.1168,52.3467,24
715,672.7417,40.965599999999995,24
809,671.5919,40.769299999999994,24
9806,671.3317,45.9014,24
320,670.9244,44.337900000000005,24
5311,669.8496,41.558,24
711,669.6586,40.7715,24
9712,668.8007,45.6181,24
714,668.6933,40.7868,24
910,668.5943,40.7869,24
911,668.4826,40.780100000000004,24
1725,668.442,42.3592,24
909,668.3707999999999,40.7731,24
812,668.3707999999999,40.7731,24
811,668.3707999999999,40.7731,24
810,668.3707999999999,40.7731,24
1621,667.8675,47.6673,24
1017,667.0858,40.7149,24
917,665.7209,40.6131,24
916,663.8264,40.547200000000004,24
5002,663.5737,40.94160000000001,24
816,663.3352,40.522600000000004,24
5809,662.7858,52.3501,24
614,662.7662,40.3928,24
716,662.7302999999999,40.4916,24
111,662.7129,43.2337,24
4575,662.4322999999999,45.6327,24
1016,661.4694,40.083,24
515,661.1048,40.091100000000004,24
615,660.2774,40.299099999999996,24
1217,659.5766,43.77629999999999,24
796,659.0731,56.852000000000004,24
6223,658.7641,39.6496,24
9815,658.4465,37.2982,24
5338,657.6445,55.366699999999994,24
5709,655.5754,52.028099999999995,24
5708,655.2776,51.9381,24
5908,654.6786999999999,51.757,24
5238,653.6678999999999,49.83149999999999,24
1420,653.3741,45.781200000000005,24
2006,651.8321,41.0068,24
5807,649.8941,51.4346,24
1208,649.4054,39.2449,24
1416,645.7754,44.422399999999996,24
5503,645.1154,38.370599999999996,24
1318,643.9079,44.675,24
5610,643.4118,51.01689999999999,24
2098,642.1685,40.5544,24
2400,642.1685,40.5544,24
2399,642.1685,40.5544,24
2299,642.1685,40.5544,24
5907,642.1423,50.91159999999999,24
417,640.1392,43.1175,24
6225,639.3883,39.2179,24
1317,639.0742,44.392900000000004,24
6401,638.7108,44.88000000000001,24
2199,638.2828,40.3352,24
9811,634.5734,43.5505,24
5808,633.4568,50.362,24
616,630.1458,38.4692,24
287,628.4967,61.784499999999994,24
1218,626.6928,43.6669,24
319,625.7225999999999,42.545899999999996,24
314,620.7113,37.0543,24
5609,620.5355,49.565,24
415,618.4745,37.4644,24
2661,617.89,43.8528,24
23,617.0398,41.3929,24
2223,612.6672,48.5326,24
6022,612.4279,37.4854,24
190,612.3139,56.7927,24
2222,611.6998,47.3826,24
6224,611.2118,37.3417,24
6123,611.2118,37.3417,24
6125,611.2118,37.3417,24
6124,611.2118,37.3417,24
6021,610.5109,37.3417,24
388,609.3129,62.806799999999996,24
1306,608.855,36.1872,24
5011,608.6251,56.964800000000004,24
1533,607.351,42.2465,24
5707,607.3474,48.2817,24
9512,606.7853,41.0045,24
2099,606.4374,38.538,24
1006,605.806,35.7671,24
9509,604.723,42.9508,24
1728,604.1965,37.9346,24
221,601.0783,41.568799999999996,24
5805,600.1351999999999,45.319799999999994,24
1118,599.7832,41.365899999999996,24
5010,598.9564,56.3094,24
3105,596.9966000000001,37.419,24
2300,596.5678,37.9808,24
1023,595.9821000000001,37.1877,24
9706,595.4811,42.0241,24
516,595.2223,39.6623,24
315,594.6621,40.4283,24
318,594.5227,41.3088,24
6701,594.2835,42.7832,24
6501,594.2835,42.7832,24
6601,594.2835,42.7832,24
9609,594.0501,41.630900000000004,24
2003,591.5074999999999,36.506699999999995,24
1729,591.4538,37.2008,24
1827,591.4538,37.2008,24
1828,591.4538,37.2008,24
1927,591.4538,37.2008,24
2027,591.4538,37.2008,24
2028,591.4538,37.2008,24
1926,591.4538,37.2008,24
1928,591.4538,37.2008,24
2128,591.4538,37.2008,24
1829,591.4538,37.2008,24
1121,590.7509,37.9272,24
11,590.7277,38.8392,24
416,590.3761,40.036100000000005,24
1721,590.0352,45.648700000000005,24
1929,588.722,37.4691,24
2123,588.0246999999999,44.6582,24
2025,586.9788,36.9166,24
1189,585.4441,61.7663,24
2023,584.526,41.9204,24
9713,583.8403,39.8497,24
316,583.0725,40.7088,24
117,582.9141999999999,40.8487,24
118,582.9141999999999,40.8487,24
120,582.9141999999999,40.8487,24
218,582.9141999999999,40.8487,24
119,582.9141999999999,40.8487,24
220,582.9141999999999,40.8487,24
217,582.9141999999999,40.8487,24
219,582.9141999999999,40.8487,24
317,582.9141999999999,40.8487,24
18,582.9051,40.8477,24
121,582.8871,40.844699999999996,24
17,582.6867,40.8268,24
19,582.5948999999999,40.8133,24
1522,582.5648,37.7239,24
216,582.5353,40.8123,24
20,582.4612999999999,40.798500000000004,24
21,582.2728999999999,40.758900000000004,24
122,581.933,40.7053,24
22,581.786,40.683800000000005,24
1289,579.9572,61.471900000000005,24
696,578.9169,50.6285,24
1730,578.6117,38.1706,24
2021,578.4704,45.65809999999999,24
5510,577.2362,44.150400000000005,24
1826,577.0899000000001,36.0852,24
2127,576.9952,36.829,24
1005,576.6168,33.053200000000004,24
1187,576.1655,61.1702,24
116,574.9751,40.0364,24
5009,574.1755,38.369800000000005,24
288,573.8348,59.9247,24
89,573.8022,47.4228,24
88,573.8022,47.4228,24
90,573.8022,47.4228,24
2029,573.5431,38.550799999999995,24
493,570.738,60.1961,24
9508,570.5625,39.547399999999996,24
685,570.4988,60.6799,24
1999,568.6295,36.4041,24
9610,568.6153,40.2024,24
5339,567.0752,45.9752,24
1830,566.6714000000001,39.539500000000004,24
215,566.2245,37.5684,24
1089,565.4154,60.6171,24
1130,564.7496,35.764399999999995,24
1087,564.5288,60.5662,24
688,564.5288,60.5662,24
987,564.5288,60.5662,24
988,564.5288,60.5662,24
986,564.5288,60.5662,24
1088,564.5288,60.5662,24
889,564.5288,60.5662,24
489,564.5288,60.5662,24
1188,564.5288,60.5662,24
886,564.5288,60.5662,24
687,564.5288,60.5662,24
686,564.5288,60.5662,24
885,564.5288,60.5662,24
989,564.5288,60.5662,24
785,564.5288,60.5662,24
587,564.5288,60.5662,24
586,564.5288,60.5662,24
589,564.5288,60.5662,24
588,564.5288,60.5662,24
590,564.5288,60.5662,24
690,564.5288,60.5662,24
490,564.5288,60.5662,24
486,564.5288,60.5662,24
789,564.5288,60.5662,24
786,564.5288,60.5662,24
488,564.5288,60.5662,24
689,564.5288,60.5662,24
487,564.5288,60.5662,24
1086,564.5231,60.563599999999994,24
1085,564.5225,60.328599999999994,24
491,564.492,60.563599999999994,24
790,564.3144,60.5524,24
387,563.787,60.5086,24
788,563.4836,60.492900000000006,24
2426,563.294,43.4368,24
9606,563.1876,39.9013,24
787,563.0504,60.4626,24
9511,562.5108,40.4305,24
985,562.3718,60.4152,24
3804,562.2917,37.813,24
9708,561.3681,40.2481,24
9709,561.1496,40.1466,24
189,560.0267,51.5733,24
9607,559.887,40.0295,24
9611,559.407,40.0025,24
9710,559.2493,39.9896,24
9907,559.224,39.987500000000004,24
9612,559.224,39.987500000000004,24
9810,559.224,39.987500000000004,24
9711,559.224,39.987500000000004,24
390,558.3552999999999,60.0158,24
1925,557.9274,34.5969,24
888,557.033,60.0411,24
887,556.6322,60.013099999999994,24
2461,555.994,38.6693,24
9707,554.6456000000001,40.0643,24
890,553.6659999999999,59.8925,24
9807,553.2729,39.92190000000001,24
1921,551.3344,44.25,24
5001,550.3557,34.5007,24
4907,549.3851999999999,31.479100000000003,24
391,548.0325,59.43600000000001,24
1422,546.6727999999999,34.294000000000004,24
2129,545.5716,37.6678,24
381,544.0432,46.8723,24
591,543.7829,59.391799999999996,24
290,542.2214,59.01219999999999,24
9507,542.0315,38.510099999999994,24
1629,540.3102,33.124700000000004,24
2557,536.648,38.2081,24
2702,536.5092999999999,33.5415,24
1310,536.0253,32.1873,24
87,535.0254,43.567699999999995,24
2224,531.9176,38.6884,24
1821,531.8533,43.2389,24
2802,531.3242,31.848300000000002,24
1722,529.8928,38.4666,24
1726,529.7455,32.4081,24
1027,527.0676,31.4429,24
2660,526.2625,37.4187,24
2628,524.9467,43.1356,24
990,523.9924,58.1767,24
5239,523.9725,43.6254,24
2456,520.5404,37.6383,24
1731,518.0966,38.0455,24
1930,517.65,37.787600000000005,24
2561,517.3246,37.6279,24
1902,517.0448,32.363,24
1922,515.7379,41.952600000000004,24
2760,514.6092,37.234700000000004,24
5094,514.2537,41.4929,24
2026,513.4215,32.1717,24
2260,509.173,36.2804,24
5403,507.6024,30.8325,24
1831,507.5171,37.232299999999995,24
1801,506.1187,31.778999999999996,24
5194,506.0028,38.326,24
2229,502.3867,35.6476,24
1228,501.0327,30.218400000000003,24
492,499.64,56.8036,24
16,497.9371,32.3528,24
1630,495.8104,29.5226,24
594,495.2989,56.121300000000005,24
212,492.8929,31.745700000000003,24
1626,491.8318,29.8149,24
213,490.4327,30.0628,24
2125,490.152,33.9852,24
2227,489.4294,34.5768,24
383,488.4388,43.5566,24
2225,487.73900000000003,34.5333,24
2326,487.73900000000003,34.5333,24
2325,487.73900000000003,34.5333,24
2226,487.73900000000003,34.5333,24
2126,487.6968,32.2762,24
2527,487.6702,37.072100000000006,24
2228,486.3435,33.5529,24
1524,486.1175,29.455900000000003,24
1526,486.1175,29.455900000000003,24
1523,486.1175,29.455900000000003,24
1624,486.1175,29.455900000000003,24
1723,486.1175,29.455900000000003,24
1525,486.1175,29.455900000000003,24
1623,486.1175,29.455900000000003,24
1625,486.1175,29.455900000000003,24
2403,486.1058,30.6013,24
1527,485.8288,29.464300000000005,24
1528,483.6157,29.527500000000003,24
1007,483.4545,28.4561,24
1530,483.02180000000004,29.544400000000003,24
1529,483.02180000000004,29.544400000000003,24
1328,483.0125,29.543400000000002,24
1427,482.5061,29.410099999999996,24
82,481.8033,42.991499999999995,24
1090,481.1117,55.773,24
1428,479.3298,29.0844,24
1724,478.5446,28.540999999999997,24
3504,477.1518,32.9296,24
1327,476.6243,28.7475,24
3407,476.18399999999997,32.7685,24
1322,476.0981,28.829300000000003,24
1425,474.1531,28.102800000000002,24
581,473.2182,42.6117,24
691,473.1954,55.334300000000006,24
5293,472.7585,35.3115,24
2558,472.3508,34.413,24
9613,472.0364,32.4381,24
1430,471.0557,28.053599999999996,24
1132,470.79580000000004,28.5329,24
1424,470.4761,28.0689,24
1634,470.4439,33.360499999999995,24
1423,470.1376,28.065600000000003,24
1822,470.1239,36.489900000000006,24
2103,469.3383,30.2902,24
1429,469.2984,27.856900000000003,24
1426,468.9456,28.0304,24
2230,468.23990000000003,35.7577,24
115,467.5458,30.1021,24
2030,464.9976,33.2008,24
1431,464.769,28.0934,24
1229,463.8474,28.234199999999998,24
1531,463.3753,30.489800000000002,24
1227,462.121,27.798499999999997,24
86,460.3993,41.7567,24
2327,459.921,32.5393,24
1127,459.3743,27.9428,24
2159,458.9343,33.8087,24
1190,458.2255,54.4831,24
1026,457.81370000000004,27.952,24
1323,457.81370000000004,27.952,24
1025,457.81370000000004,27.952,24
1324,457.4846,27.9276,24
83,457.0062,42.5554,24
282,457.0062,42.5554,24
482,457.0062,42.5554,24
284,457.0062,42.5554,24
283,457.0062,42.5554,24
84,457.0062,42.5554,24
85,457.0062,42.5554,24
382,457.0062,42.5554,24
184,457.0062,42.5554,24
185,457.0062,42.5554,24
183,457.0062,42.5554,24
481,456.976,42.5529,24
182,456.76959999999997,42.41799999999999,24
1933,456.4495,33.1386,24
1325,456.26480000000004,27.8372,24
1222,456.2466,27.7541,24
1128,456.2429,27.4197,24
1126,456.1981,27.8323,24
1125,455.351,27.7694,24
1326,455.0516,27.7473,24
1223,454.89840000000004,27.7359,24
1224,454.73830000000004,27.7241,24
1124,454.72790000000003,27.7232,24
1123,454.7166,27.7224,24
1232,454.7166,27.7224,24
1231,454.7166,27.7224,24
1122,454.7166,27.7224,24
1226,454.7166,27.7224,24
1225,454.7166,27.7224,24
1331,454.7166,27.7224,24
1330,454.6892,27.7213,24
1832,454.5898,33.0447,24
1332,454.09310000000005,27.6666,24
2203,453.98879999999997,29.352700000000002,24
1924,451.3169,27.8816,24
2131,450.8323,32.8122,24
2032,450.16020000000003,32.6987,24
2031,450.16020000000003,32.6987,24
1932,450.16020000000003,32.6987,24
1931,450.16020000000003,32.6987,24
2130,449.3899,32.6026,24
1628,448.476,28.2168,24
1631,447.3977,32.0598,24
1833,447.0836,32.408899999999996,24
5706,446.3216,31.438200000000002,24
1432,446.0745,31.822000000000003,24
1732,446.0521,32.3117,24
995,445.9652,41.7704,24
3104,445.5251,32.519600000000004,24
1733,445.4306,32.2532,24
1834,445.4306,32.2532,24
1734,445.4306,32.2532,24
1632,445.4306,32.2532,24
1635,445.4306,32.2532,24
1433,445.4306,32.2532,24
1532,445.4306,32.2532,24
5092,444.501,34.0288,24
4993,444.501,34.0288,24
5192,444.501,34.0288,24
5193,444.501,34.0288,24
5093,444.501,34.0288,24
2158,443.4027,33.024,24
2002,441.47339999999997,28.5745,24
2360,440.09979999999996,32.782399999999996,24
5103,439.9129,27.683300000000003,24
2457,439.5573,32.7443,24
2460,439.5573,32.7443,24
2459,439.5573,32.7443,24
2458,439.5573,32.7443,24
2560,439.5573,32.7443,24
2359,439.5573,32.7443,24
2358,439.5573,32.7443,24
2559,439.5573,32.7443,24
2357,439.5573,32.7443,24
2258,439.5573,32.7443,24
2259,439.5573,32.7443,24
4805,439.0025,26.5884,24
2001,438.88349999999997,28.4497,24
1824,438.3768,27.098600000000005,24
2601,437.7291,28.3415,24
2102,437.7291,28.3415,24
2602,437.7291,28.3415,24
2303,437.7291,28.3415,24
2402,437.7291,28.3415,24
2501,437.7291,28.3415,24
2401,437.7291,28.3415,24
1901,437.7291,28.3415,24
2502,437.7291,28.3415,24
2200,437.6694,29.0129,24
2427,437.2965,30.9178,24
9714,436.5991,25.1261,24
2302,436.0774,28.265400000000003,24
791,435.6645,53.1896,24
2201,435.0892,28.214399999999998,24
2301,433.8664,28.1555,24
815,432.0021,25.4274,24
2101,430.1304,27.9754,24
2529,428.2672,36.6308,24
12,427.4653,28.2952,24
2202,425.4271,27.7488,24
114,425.0584,29.138799999999996,24
15,424.6356,29.5714,24
214,423.2546,25.0873,24
1106,422.1083,25.2997,24
3205,421.3454,30.0147,24
2124,421.0345,32.1506,24
2701,418.7419,26.8257,24
2024,415.088,27.937600000000003,24
4603,410.1572,25.480000000000004,24
14,407.5464,27.4423,24
592,404.5612,51.4858,24
2329,401.7512,28.563699999999997,24
5303,400.6661,24.6949,24
2429,397.2461,28.1269,24
1193,393.9608,38.827200000000005,24
891,390.6205,50.5951,24
1823,385.5685,25.7313,24
2328,385.0596,27.1738,24
2100,383.9861,26.2893,24
2000,382.3433,26.515700000000002,24
2428,382.1175,26.9629,24
2528,381.5858,26.8378,24
5608,381.4155,29.156200000000002,24
1206,380.5197,22.6524,24
4102,380.2971,29.731899999999996,24
4574,377.8265,28.812999999999995,24
593,375.6474,49.7705,24
991,373.1352,49.6081,24
792,373.1352,49.6081,24
892,373.1352,49.6081,24
1091,373.1352,49.6081,24
693,373.1352,49.6081,24
692,373.1352,49.6081,24
992,368.0075,47.6044,24
793,367.8874,46.91069999999999,24
1900,366.6536,25.874399999999998,24
5003,365.9031,23.5908,24
1129,365.1576,22.2712,24
4402,361.7529,23.1329,24
2902,361.1373,24.757800000000003,24
3204,355.7118,28.4727,24
3306,353.751,28.150799999999997,24
1800,352.224,25.481099999999998,24
3507,348.6439,28.0963,24
4703,347.7039,22.4655,24
5203,341.7609,21.8416,24
2903,341.3818,27.6931,24
993,340.4579,36.830000000000005,24
3604,338.1658,27.160800000000002,24
5604,337.5528,20.6441,24
1295,337.3755,35.6245,24
1095,337.3755,35.6245,24
1093,337.3755,35.6245,24
1195,337.3755,35.6245,24
1294,337.3755,35.6245,24
1194,337.28679999999997,35.6167,24
994,337.122,35.6023,24
1094,336.9274,35.5853,24
3103,329.4724,27.247,24
3003,329.4724,27.247,24
3203,329.4724,27.247,24
3004,329.4724,27.247,24
3002,329.4724,27.247,24
3303,329.4724,27.247,24
3202,329.4724,27.247,24
3405,329.4724,27.247,24
3406,329.4724,27.247,24
3101,329.4724,27.247,24
3304,329.4724,27.247,24
3102,329.4724,27.247,24
3305,329.4724,27.247,24
3201,329.4609,27.2468,24
3506,329.3646,27.2456,24
3404,329.2555,27.2443,24
3302,328.74199999999996,27.2384,24
3505,328.6617,27.2375,24
3001,328.4563,27.2469,24
9936,328.1263,19.1549,24
3403,327.33639999999997,27.222099999999998,24
3704,325.6521,27.310399999999998,24
3301,324.3576,27.1881,24
3903,323.38030000000003,27.117900000000002,24
3402,323.1847,27.174500000000002,24
4002,322.9997,26.7045,24
3902,322.3759,27.165099999999995,24
4101,322.3759,27.165099999999995,24
4001,322.3759,27.165099999999995,24
3803,322.3759,27.165099999999995,24
3602,322.3759,27.165099999999995,24
3901,322.3759,27.165099999999995,24
3503,322.3759,27.165099999999995,24
3801,322.3759,27.165099999999995,24
3802,322.3759,27.165099999999995,24
3603,322.3759,27.165099999999995,24
3703,322.3759,27.165099999999995,24
3502,322.3759,27.165099999999995,24
3601,322.3759,27.165099999999995,24
3702,322.3759,27.165099999999995,24
3605,322.3759,27.165099999999995,24
3701,322.3759,27.165099999999995,24
3401,321.25939999999997,27.106399999999997,24
3501,318.6684,26.9703,24
1923,317.5309,24.577099999999998,24
4902,310.1562,22.456999999999997,24
4801,302.3469,21.9206,24
4804,292.7234,19.1709,24
4802,292.6483,21.5096,24
4901,292.6483,21.5096,24
4903,292.5083,19.987,24
4701,291.1527,21.402099999999997,24
4803,288.5385,20.8641,24
4201,286.64209999999997,23.4746,24
5509,275.8386,18.662300000000002,24
1307,273.1331,16.5195,24
5607,271.1041,17.8516,24
5110,267.7897,20.6427,24
13,258.1405,19.0369,24
5104,257.5096,16.8858,24
5205,257.0443,16.1094,24
113,253.00900000000001,15.930800000000001,24
5105,249.3946,15.7582,24
4702,246.3251,18.1818,24
4601,243.22650000000002,17.976,24
1534,235.4984,15.582,24
1107,235.12619999999998,14.289299999999999,24
5004,226.5902,15.586900000000002,24
5504,221.6308,14.7932,24
4301,219.1783,16.2069,24
4602,218.1132,16.1552,24
4502,218.1132,16.1552,24
4401,218.1132,16.1552,24
4501,214.8781,15.9922,24
5705,212.9613,14.3754,24
4904,205.2756,13.953100000000001,24
5704,204.1686,13.887900000000002,24
5605,204.05730000000003,13.887900000000002,24
5606,203.9451,13.887900000000002,24
5304,203.7098,13.887900000000002,24
5106,203.7098,13.887900000000002,24
5404,203.7098,13.887900000000002,24
5406,203.7098,13.887900000000002,24
5405,203.7098,13.887900000000002,24
5305,203.7098,13.887900000000002,24
5005,203.7098,13.887900000000002,24
5506,203.7098,13.887900000000002,24
5505,203.7098,13.887900000000002,24
5307,203.7098,13.887900000000002,24
5507,203.7098,13.887900000000002,24
2901,203.3656,16.8719,24
5204,202.80349999999999,13.8371,24
5207,202.0761,13.7827,24
5306,199.4169,13.6118,24
5206,195.8973,13.385299999999999,24
5107,191.9847,13.1879,24
5407,189.9696,13.0042,24
5008,189.019,12.9875,24
5408,188.638,12.9188,24
5208,185.105,12.7774,24
5006,177.5808,12.3283,24
5508,175.7698,12.091399999999998,24
5108,173.9599,12.3615,24
5109,169.5613,12.3048,24
4905,165.6071,11.708399999999997,24
5308,163.8013,11.522100000000002,24
5410,163.3828,11.554499999999999,24
5409,150.1235,10.7345,24
5309,145.133,10.6633,24
5209,139.6356,10.556799999999999,24
5007,134.448,10.3268,24
4906,129.3575,10.1011,24
5210,129.1749,10.093,24
5310,129.13920000000002,10.083300000000001,24
1207,97.3609,6.7894,24
112,69.7055,4.4971,24
2801,55.178999999999995,3.6103,24
