grid_id,timestamp,alert_type,current_activity,baseline_activity,reason
42,2013-11-01 12:00:00,ACTIVITY_SPIKE,177.6002,85.3316,ACTIVITY_SPIKE: current activity 177.60 is more than 2.0x the immediately preceding hour's 85.33
94,2013-11-01 09:00:00,HIGH_ACTIVITY,287.0464,99.5737,HIGH_ACTIVITY: current activity 287.05 is more than 2.0x this grid's within-day baseline of 99.57
94,2013-11-01 10:00:00,HIGH_ACTIVITY,257.7257,99.5737,HIGH_ACTIVITY: current activity 257.73 is more than 2.0x this grid's within-day baseline of 99.57
94,2013-11-01 11:00:00,HIGH_ACTIVITY,274.1538,99.5737,HIGH_ACTIVITY: current activity 274.15 is more than 2.0x this grid's within-day baseline of 99.57
94,2013-11-01 12:00:00,HIGH_ACTIVITY,300.402,99.5737,HIGH_ACTIVITY: current activity 300.40 is more than 2.0x this grid's within-day baseline of 99.57
95,2013-11-01 09:00:00,HIGH_ACTIVITY,287.0464,99.5737,HIGH_ACTIVITY: current activity 287.05 is more than 2.0x this grid's within-day baseline of 99.57
95,2013-11-01 10:00:00,HIGH_ACTIVITY,257.7257,99.5737,HIGH_ACTIVITY: current activity 257.73 is more than 2.0x this grid's within-day baseline of 99.57
95,2013-11-01 11:00:00,HIGH_ACTIVITY,274.1538,99.5737,HIGH_ACTIVITY: current activity 274.15 is more than 2.0x this grid's within-day baseline of 99.57
95,2013-11-01 12:00:00,HIGH_ACTIVITY,300.402,99.5737,HIGH_ACTIVITY: current activity 300.40 is more than 2.0x this grid's within-day baseline of 99.57
96,2013-11-01 09:00:00,HIGH_ACTIVITY,287.0464,99.5737,HIGH_ACTIVITY: current activity 287.05 is more than 2.0x this grid's within-day baseline of 99.57
96,2013-11-01 10:00:00,HIGH_ACTIVITY,257.7257,99.5737,HIGH_ACTIVITY: current activity 257.73 is more than 2.0x this grid's within-day baseline of 99.57
96,2013-11-01 11:00:00,HIGH_ACTIVITY,274.1538,99.5737,HIGH_ACTIVITY: current activity 274.15 is more than 2.0x this grid's within-day baseline of 99.57
96,2013-11-01 12:00:00,HIGH_ACTIVITY,300.402,99.5737,HIGH_ACTIVITY: current activity 300.40 is more than 2.0x this grid's within-day baseline of 99.57
97,2013-11-01 09:00:00,HIGH_ACTIVITY,287.0464,99.5737,HIGH_ACTIVITY: current activity 287.05 is more than 2.0x this grid's within-day baseline of 99.57
97,2013-11-01 10:00:00,HIGH_ACTIVITY,257.7257,99.5737,HIGH_ACTIVITY: current activity 257.73 is more than 2.0x this grid's within-day baseline of 99.57
97,2013-11-01 11:00:00,HIGH_ACTIVITY,274.1538,99.5737,HIGH_ACTIVITY: current activity 274.15 is more than 2.0x this grid's within-day baseline of 99.57
97,2013-11-01 12:00:00,HIGH_ACTIVITY,300.402,99.5737,HIGH_ACTIVITY: current activity 300.40 is more than 2.0x this grid's within-day baseline of 99.57
98,2013-11-01 09:00:00,HIGH_ACTIVITY,287.0903,99.6243,HIGH_ACTIVITY: current activity 287.09 is more than 2.0x this grid's within-day baseline of 99.62
98,2013-11-01 10:00:00,HIGH_ACTIVITY,257.793,99.6243,HIGH_ACTIVITY: current activity 257.79 is more than 2.0x this grid's within-day baseline of 99.62
98,2013-11-01 11:00:00,HIGH_ACTIVITY,274.1823,99.6243,HIGH_ACTIVITY: current activity 274.18 is more than 2.0x this grid's within-day baseline of 99.62
98,2013-11-01 12:00:00,HIGH_ACTIVITY,300.4729,99.6243,HIGH_ACTIVITY: current activity 300.47 is more than 2.0x this grid's within-day baseline of 99.62
99,2013-11-01 09:00:00,HIGH_ACTIVITY,287.0464,99.5737,HIGH_ACTIVITY: current activity 287.05 is more than 2.0x this grid's within-day baseline of 99.57
99,2013-11-01 10:00:00,HIGH_ACTIVITY,257.7257,99.5737,HIGH_ACTIVITY: current activity 257.73 is more than 2.0x this grid's within-day baseline of 99.57
99,2013-11-01 11:00:00,HIGH_ACTIVITY,274.1538,99.5737,HIGH_ACTIVITY: current activity 274.15 is more than 2.0x this grid's within-day baseline of 99.57
99,2013-11-01 12:00:00,HIGH_ACTIVITY,300.402,99.5737,HIGH_ACTIVITY: current activity 300.40 is more than 2.0x this grid's within-day baseline of 99.57
100,2013-11-01 09:00:00,HIGH_ACTIVITY,287.0256,99.5504,HIGH_ACTIVITY: current activity 287.03 is more than 2.0x this grid's within-day baseline of 99.55
100,2013-11-01 10:00:00,HIGH_ACTIVITY,257.6972,99.5504,HIGH_ACTIVITY: current activity 257.70 is more than 2.0x this grid's within-day baseline of 99.55
100,2013-11-01 11:00:00,HIGH_ACTIVITY,274.115,99.5504,HIGH_ACTIVITY: current activity 274.12 is more than 2.0x this grid's within-day baseline of 99.55
100,2013-11-01 12:00:00,HIGH_ACTIVITY,300.3851,99.5504,HIGH_ACTIVITY: current activity 300.39 is more than 2.0x this grid's within-day baseline of 99.55
142,2013-11-01 12:00:00,ACTIVITY_SPIKE,188.7934,87.1987,ACTIVITY_SPIKE: current activity 188.79 is more than 2.0x the immediately preceding hour's 87.20
143,2013-11-01 12:00:00,ACTIVITY_SPIKE,188.0951,87.0196,ACTIVITY_SPIKE: current activity 188.10 is more than 2.0x the immediately preceding hour's 87.02
195,2013-11-01 09:00:00,HIGH_ACTIVITY,287.0464,99.5737,HIGH_ACTIVITY: current activity 287.05 is more than 2.0x this grid's within-day baseline of 99.57
195,2013-11-01 10:00:00,HIGH_ACTIVITY,257.7257,99.5737,HIGH_ACTIVITY: current activity 257.73 is more than 2.0x this grid's within-day baseline of 99.57
195,2013-11-01 11:00:00,HIGH_ACTIVITY,274.1538,99.5737,HIGH_ACTIVITY: current activity 274.15 is more than 2.0x this grid's within-day baseline of 99.57
195,2013-11-01 12:00:00,HIGH_ACTIVITY,300.402,99.5737,HIGH_ACTIVITY: current activity 300.40 is more than 2.0x this grid's within-day baseline of 99.57
196,2013-11-01 09:00:00,HIGH_ACTIVITY,287.0464,99.5737,HIGH_ACTIVITY: current activity 287.05 is more than 2.0x this grid's within-day baseline of 99.57
196,2013-11-01 10:00:00,HIGH_ACTIVITY,257.7257,99.5737,HIGH_ACTIVITY: current activity 257.73 is more than 2.0x this grid's within-day baseline of 99.57
196,2013-11-01 11:00:00,HIGH_ACTIVITY,274.1538,99.5737,HIGH_ACTIVITY: current activity 274.15 is more than 2.0x this grid's within-day baseline of 99.57
196,2013-11-01 12:00:00,HIGH_ACTIVITY,300.402,99.5737,HIGH_ACTIVITY: current activity 300.40 is more than 2.0x this grid's within-day baseline of 99.57
197,2013-11-01 09:00:00,HIGH_ACTIVITY,287.0464,99.5737,HIGH_ACTIVITY: current activity 287.05 is more than 2.0x this grid's within-day baseline of 99.57
197,2013-11-01 10:00:00,HIGH_ACTIVITY,257.7257,99.5737,HIGH_ACTIVITY: current activity 257.73 is more than 2.0x this grid's within-day baseline of 99.57
197,2013-11-01 11:00:00,HIGH_ACTIVITY,274.1538,99.5737,HIGH_ACTIVITY: current activity 274.15 is more than 2.0x this grid's within-day baseline of 99.57
197,2013-11-01 12:00:00,HIGH_ACTIVITY,300.402,99.5737,HIGH_ACTIVITY: current activity 300.40 is more than 2.0x this grid's within-day baseline of 99.57
198,2013-11-01 09:00:00,HIGH_ACTIVITY,287.0464,99.5737,HIGH_ACTIVITY: current activity 287.05 is more than 2.0x this grid's within-day baseline of 99.57
198,2013-11-01 10:00:00,HIGH_ACTIVITY,257.7257,99.5737,HIGH_ACTIVITY: current activity 257.73 is more than 2.0x this grid's within-day baseline of 99.57
198,2013-11-01 11:00:00,HIGH_ACTIVITY,274.1538,99.5737,HIGH_ACTIVITY: current activity 274.15 is more than 2.0x this grid's within-day baseline of 99.57
198,2013-11-01 12:00:00,HIGH_ACTIVITY,300.402,99.5737,HIGH_ACTIVITY: current activity 300.40 is more than 2.0x this grid's within-day baseline of 99.57
199,2013-11-01 09:00:00,HIGH_ACTIVITY,287.0464,99.5737,HIGH_ACTIVITY: current activity 287.05 is more than 2.0x this grid's within-day baseline of 99.57
199,2013-11-01 10:00:00,HIGH_ACTIVITY,257.7257,99.5737,HIGH_ACTIVITY: current activity 257.73 is more than 2.0x this grid's within-day baseline of 99.57
199,2013-11-01 11:00:00,HIGH_ACTIVITY,274.1538,99.5737,HIGH_ACTIVITY: current activity 274.15 is more than 2.0x this grid's within-day baseline of 99.57
199,2013-11-01 12:00:00,HIGH_ACTIVITY,300.402,99.5737,HIGH_ACTIVITY: current activity 300.40 is more than 2.0x this grid's within-day baseline of 99.57
200,2013-11-01 09:00:00,HIGH_ACTIVITY,287.0486,99.5786,HIGH_ACTIVITY: current activity 287.05 is more than 2.0x this grid's within-day baseline of 99.58
200,2013-11-01 10:00:00,HIGH_ACTIVITY,257.7293,99.5786,HIGH_ACTIVITY: current activity 257.73 is more than 2.0x this grid's within-day baseline of 99.58
200,2013-11-01 11:00:00,HIGH_ACTIVITY,274.1564,99.5786,HIGH_ACTIVITY: current activity 274.16 is more than 2.0x this grid's within-day baseline of 99.58
200,2013-11-01 12:00:00,HIGH_ACTIVITY,300.4068,99.5786,HIGH_ACTIVITY: current activity 300.41 is more than 2.0x this grid's within-day baseline of 99.58
239,2013-11-01 11:00:00,HIGH_ACTIVITY,185.4414,87.9612,HIGH_ACTIVITY: current activity 185.44 is more than 2.0x this grid's within-day baseline of 87.96
239,2013-11-01 12:00:00,HIGH_ACTIVITY,206.1626,87.9612,HIGH_ACTIVITY: current activity 206.16 is more than 2.0x this grid's within-day baseline of 87.96
240,2013-11-01 11:00:00,HIGH_ACTIVITY,306.0954,127.6739,HIGH_ACTIVITY: current activity 306.10 is more than 2.0x this grid's within-day baseline of 127.67
240,2013-11-01 12:00:00,HIGH_ACTIVITY,297.7771,127.6739,HIGH_ACTIVITY: current activity 297.78 is more than 2.0x this grid's within-day baseline of 127.67
241,2013-11-01 11:00:00,HIGH_ACTIVITY,313.5585,138.3005,HIGH_ACTIVITY: current activity 313.56 is more than 2.0x this grid's within-day baseline of 138.30
241,2013-11-01 12:00:00,HIGH_ACTIVITY,321.0949,138.3005,HIGH_ACTIVITY: current activity 321.09 is more than 2.0x this grid's within-day baseline of 138.30
242,2013-11-01 12:00:00,HIGH_ACTIVITY,223.3801,87.6882,HIGH_ACTIVITY: current activity 223.38 is more than 2.0x this grid's within-day baseline of 87.69
243,2013-11-01 12:00:00,ACTIVITY_SPIKE,182.3052,81.4595,ACTIVITY_SPIKE: current activity 182.31 is more than 2.0x the immediately preceding hour's 81.46
244,2013-11-01 12:00:00,ACTIVITY_SPIKE,188.7934,87.1987,ACTIVITY_SPIKE: current activity 188.79 is more than 2.0x the immediately preceding hour's 87.20
245,2013-11-01 12:00:00,ACTIVITY_SPIKE,193.1366,91.3599,ACTIVITY_SPIKE: current activity 193.14 is more than 2.0x the immediately preceding hour's 91.36
295,2013-11-01 09:00:00,HIGH_ACTIVITY,254.3567,91.5872,HIGH_ACTIVITY: current activity 254.36 is more than 2.0x this grid's within-day baseline of 91.59
295,2013-11-01 10:00:00,HIGH_ACTIVITY,232.3647,91.5872,HIGH_ACTIVITY: current activity 232.36 is more than 2.0x this grid's within-day baseline of 91.59
295,2013-11-01 11:00:00,HIGH_ACTIVITY,246.0276,91.5872,HIGH_ACTIVITY: current activity 246.03 is more than 2.0x this grid's within-day baseline of 91.59
295,2013-11-01 12:00:00,HIGH_ACTIVITY,266.3804,91.5872,HIGH_ACTIVITY: current activity 266.38 is more than 2.0x this grid's within-day baseline of 91.59
296,2013-11-01 09:00:00,HIGH_ACTIVITY,287.0464,99.5737,HIGH_ACTIVITY: current activity 287.05 is more than 2.0x this grid's within-day baseline of 99.57
296,2013-11-01 10:00:00,HIGH_ACTIVITY,257.7257,99.5737,HIGH_ACTIVITY: current activity 257.73 is more than 2.0x this grid's within-day baseline of 99.57
296,2013-11-01 11:00:00,HIGH_ACTIVITY,274.1538,99.5737,HIGH_ACTIVITY: current activity 274.15 is more than 2.0x this grid's within-day baseline of 99.57
296,2013-11-01 12:00:00,HIGH_ACTIVITY,300.402,99.5737,HIGH_ACTIVITY: current activity 300.40 is more than 2.0x this grid's within-day baseline of 99.57
297,2013-11-01 09:00:00,HIGH_ACTIVITY,287.0464,99.5737,HIGH_ACTIVITY: current activity 287.05 is more than 2.0x this grid's within-day baseline of 99.57
297,2013-11-01 10:00:00,HIGH_ACTIVITY,257.7257,99.5737,HIGH_ACTIVITY: current activity 257.73 is more than 2.0x this grid's within-day baseline of 99.57
297,2013-11-01 11:00:00,HIGH_ACTIVITY,274.1538,99.5737,HIGH_ACTIVITY: current activity 274.15 is more than 2.0x this grid's within-day baseline of 99.57
297,2013-11-01 12:00:00,HIGH_ACTIVITY,300.402,99.5737,HIGH_ACTIVITY: current activity 300.40 is more than 2.0x this grid's within-day baseline of 99.57
298,2013-11-01 09:00:00,HIGH_ACTIVITY,287.0464,99.5737,HIGH_ACTIVITY: current activity 287.05 is more than 2.0x this grid's within-day baseline of 99.57
298,2013-11-01 10:00:00,HIGH_ACTIVITY,257.7257,99.5737,HIGH_ACTIVITY: current activity 257.73 is more than 2.0x this grid's within-day baseline of 99.57
298,2013-11-01 11:00:00,HIGH_ACTIVITY,274.1538,99.5737,HIGH_ACTIVITY: current activity 274.15 is more than 2.0x this grid's within-day baseline of 99.57
298,2013-11-01 12:00:00,HIGH_ACTIVITY,300.402,99.5737,HIGH_ACTIVITY: current activity 300.40 is more than 2.0x this grid's within-day baseline of 99.57
299,2013-11-01 09:00:00,HIGH_ACTIVITY,287.074,99.6178,HIGH_ACTIVITY: current activity 287.07 is more than 2.0x this grid's within-day baseline of 99.62
299,2013-11-01 10:00:00,HIGH_ACTIVITY,257.7652,99.6178,HIGH_ACTIVITY: current activity 257.77 is more than 2.0x this grid's within-day baseline of 99.62
299,2013-11-01 11:00:00,HIGH_ACTIVITY,274.1941,99.6178,HIGH_ACTIVITY: current activity 274.19 is more than 2.0x this grid's within-day baseline of 99.62
299,2013-11-01 12:00:00,HIGH_ACTIVITY,300.4409,99.6178,HIGH_ACTIVITY: current activity 300.44 is more than 2.0x this grid's within-day baseline of 99.62
300,2013-11-01 09:00:00,HIGH_ACTIVITY,287.3786,100.1225,HIGH_ACTIVITY: current activity 287.38 is more than 2.0x this grid's within-day baseline of 100.12
300,2013-11-01 10:00:00,HIGH_ACTIVITY,258.206,100.1225,HIGH_ACTIVITY: current activity 258.21 is more than 2.0x this grid's within-day baseline of 100.12
300,2013-11-01 11:00:00,HIGH_ACTIVITY,274.6406,100.1225,HIGH_ACTIVITY: current activity 274.64 is more than 2.0x this grid's within-day baseline of 100.12
300,2013-11-01 12:00:00,HIGH_ACTIVITY,300.8867,100.1225,HIGH_ACTIVITY: current activity 300.89 is more than 2.0x this grid's within-day baseline of 100.12
337,2013-11-01 11:00:00,HIGH_ACTIVITY,194.3179,92.3124,HIGH_ACTIVITY: current activity 194.32 is more than 2.0x this grid's within-day baseline of 92.31
337,2013-11-01 12:00:00,HIGH_ACTIVITY,188.612,92.3124,HIGH_ACTIVITY: current activity 188.61 is more than 2.0x this grid's within-day baseline of 92.31
338,2013-11-01 10:00:00,HIGH_ACTIVITY,323.8726,155.8688,HIGH_ACTIVITY: current activity 323.87 is more than 2.0x this grid's within-day baseline of 155.87
338,2013-11-01 11:00:00,HIGH_ACTIVITY,410.9666,155.8688,HIGH_ACTIVITY: current activity 410.97 is more than 2.0x this grid's within-day baseline of 155.87
338,2013-11-01 12:00:00,HIGH_ACTIVITY,372.8484,155.8688,HIGH_ACTIVITY: current activity 372.85 is more than 2.0x this grid's within-day baseline of 155.87
339,2013-11-01 10:00:00,HIGH_ACTIVITY,340.3795,162.3722,HIGH_ACTIVITY: current activity 340.38 is more than 2.0x this grid's within-day baseline of 162.37
339,2013-11-01 11:00:00,HIGH_ACTIVITY,432.6126,162.3722,HIGH_ACTIVITY: current activity 432.61 is more than 2.0x this grid's within-day baseline of 162.37
339,2013-11-01 12:00:00,HIGH_ACTIVITY,388.8349,162.3722,HIGH_ACTIVITY: current activity 388.83 is more than 2.0x this grid's within-day baseline of 162.37
340,2013-11-01 10:00:00,HIGH_ACTIVITY,316.5241,152.8432,HIGH_ACTIVITY: current activity 316.52 is more than 2.0x this grid's within-day baseline of 152.84
340,2013-11-01 11:00:00,HIGH_ACTIVITY,401.262,152.8432,HIGH_ACTIVITY: current activity 401.26 is more than 2.0x this grid's within-day baseline of 152.84
340,2013-11-01 12:00:00,HIGH_ACTIVITY,361.1017,152.8432,HIGH_ACTIVITY: current activity 361.10 is more than 2.0x this grid's within-day baseline of 152.84
341,2013-11-01 10:00:00,HIGH_ACTIVITY,340.6546,162.5458,HIGH_ACTIVITY: current activity 340.65 is more than 2.0x this grid's within-day baseline of 162.55
341,2013-11-01 11:00:00,HIGH_ACTIVITY,432.9158,162.5458,HIGH_ACTIVITY: current activity 432.92 is more than 2.0x this grid's within-day baseline of 162.55
341,2013-11-01 12:00:00,HIGH_ACTIVITY,389.1004,162.5458,HIGH_ACTIVITY: current activity 389.10 is more than 2.0x this grid's within-day baseline of 162.55
342,2013-11-01 11:00:00,HIGH_ACTIVITY,337.2843,149.2664,HIGH_ACTIVITY: current activity 337.28 is more than 2.0x this grid's within-day baseline of 149.27
342,2013-11-01 12:00:00,HIGH_ACTIVITY,346.7515,149.2664,HIGH_ACTIVITY: current activity 346.75 is more than 2.0x this grid's within-day baseline of 149.27
343,2013-11-01 12:00:00,HIGH_ACTIVITY,229.3711,96.8439,HIGH_ACTIVITY: current activity 229.37 is more than 2.0x this grid's within-day baseline of 96.84
344,2013-11-01 12:00:00,HIGH_ACTIVITY,209.2669,79.4221,HIGH_ACTIVITY: current activity 209.27 is more than 2.0x this grid's within-day baseline of 79.42
345,2013-11-01 12:00:00,HIGH_ACTIVITY,250.5665,117.3023,HIGH_ACTIVITY: current activity 250.57 is more than 2.0x this grid's within-day baseline of 117.30
396,2013-11-01 09:00:00,HIGH_ACTIVITY,280.3487,98.1392,HIGH_ACTIVITY: current activity 280.35 is more than 2.0x this grid's within-day baseline of 98.14
396,2013-11-01 10:00:00,HIGH_ACTIVITY,252.5297,98.1392,HIGH_ACTIVITY: current activity 252.53 is more than 2.0x this grid's within-day baseline of 98.14
396,2013-11-01 11:00:00,HIGH_ACTIVITY,268.3911,98.1392,HIGH_ACTIVITY: current activity 268.39 is more than 2.0x this grid's within-day baseline of 98.14
396,2013-11-01 12:00:00,HIGH_ACTIVITY,293.4315,98.1392,HIGH_ACTIVITY: current activity 293.43 is more than 2.0x this grid's within-day baseline of 98.14
397,2013-11-01 09:00:00,HIGH_ACTIVITY,278.3101,98.4152,HIGH_ACTIVITY: current activity 278.31 is more than 2.0x this grid's within-day baseline of 98.42
397,2013-11-01 10:00:00,HIGH_ACTIVITY,251.3818,98.4152,HIGH_ACTIVITY: current activity 251.38 is more than 2.0x this grid's within-day baseline of 98.42
397,2013-11-01 11:00:00,HIGH_ACTIVITY,268.0557,98.4152,HIGH_ACTIVITY: current activity 268.06 is more than 2.0x this grid's within-day baseline of 98.42
397,2013-11-01 12:00:00,HIGH_ACTIVITY,292.0002,98.4152,HIGH_ACTIVITY: current activity 292.00 is more than 2.0x this grid's within-day baseline of 98.42
398,2013-11-01 09:00:00,HIGH_ACTIVITY,261.6936,94.5278,HIGH_ACTIVITY: current activity 261.69 is more than 2.0x this grid's within-day baseline of 94.53
398,2013-11-01 10:00:00,HIGH_ACTIVITY,239.5039,94.5278,HIGH_ACTIVITY: current activity 239.50 is more than 2.0x this grid's within-day baseline of 94.53
398,2013-11-01 11:00:00,HIGH_ACTIVITY,256.6691,94.5278,HIGH_ACTIVITY: current activity 256.67 is more than 2.0x this grid's within-day baseline of 94.53
398,2013-11-01 12:00:00,HIGH_ACTIVITY,276.1494,94.5278,HIGH_ACTIVITY: current activity 276.15 is more than 2.0x this grid's within-day baseline of 94.53
399,2013-11-01 09:00:00,HIGH_ACTIVITY,205.4875,84.4022,HIGH_ACTIVITY: current activity 205.49 is more than 2.0x this grid's within-day baseline of 84.40
399,2013-11-01 10:00:00,HIGH_ACTIVITY,197.5625,84.4022,HIGH_ACTIVITY: current activity 197.56 is more than 2.0x this grid's within-day baseline of 84.40
399,2013-11-01 11:00:00,HIGH_ACTIVITY,218.0363,84.4022,HIGH_ACTIVITY: current activity 218.04 is more than 2.0x this grid's within-day baseline of 84.40
399,2013-11-01 12:00:00,HIGH_ACTIVITY,223.499,84.4022,HIGH_ACTIVITY: current activity 223.50 is more than 2.0x this grid's within-day baseline of 84.40
437,2013-11-01 10:00:00,HIGH_ACTIVITY,301.2176,145.7378,HIGH_ACTIVITY: current activity 301.22 is more than 2.0x this grid's within-day baseline of 145.74
437,2013-11-01 11:00:00,HIGH_ACTIVITY,382.3645,145.7378,HIGH_ACTIVITY: current activity 382.36 is more than 2.0x this grid's within-day baseline of 145.74
437,2013-11-01 12:00:00,HIGH_ACTIVITY,345.6428,145.7378,HIGH_ACTIVITY: current activity 345.64 is more than 2.0x this grid's within-day baseline of 145.74
438,2013-11-01 10:00:00,HIGH_ACTIVITY,340.3072,162.3496,HIGH_ACTIVITY: current activity 340.31 is more than 2.0x this grid's within-day baseline of 162.35
438,2013-11-01 11:00:00,HIGH_ACTIVITY,432.5204,162.3496,HIGH_ACTIVITY: current activity 432.52 is more than 2.0x this grid's within-day baseline of 162.35
438,2013-11-01 12:00:00,HIGH_ACTIVITY,388.7466,162.3496,HIGH_ACTIVITY: current activity 388.75 is more than 2.0x this grid's within-day baseline of 162.35
439,2013-11-01 10:00:00,HIGH_ACTIVITY,340.3153,162.3729,HIGH_ACTIVITY: current activity 340.32 is more than 2.0x this grid's within-day baseline of 162.37
439,2013-11-01 11:00:00,HIGH_ACTIVITY,432.5931,162.3729,HIGH_ACTIVITY: current activity 432.59 is more than 2.0x this grid's within-day baseline of 162.37
439,2013-11-01 12:00:00,HIGH_ACTIVITY,388.7568,162.3729,HIGH_ACTIVITY: current activity 388.76 is more than 2.0x this grid's within-day baseline of 162.37
440,2013-11-01 10:00:00,HIGH_ACTIVITY,340.3039,162.3858,HIGH_ACTIVITY: current activity 340.30 is more than 2.0x this grid's within-day baseline of 162.39
440,2013-11-01 11:00:00,HIGH_ACTIVITY,432.628,162.3858,HIGH_ACTIVITY: current activity 432.63 is more than 2.0x this grid's within-day baseline of 162.39
440,2013-11-01 12:00:00,HIGH_ACTIVITY,388.7426,162.3858,HIGH_ACTIVITY: current activity 388.74 is more than 2.0x this grid's within-day baseline of 162.39
441,2013-11-01 10:00:00,HIGH_ACTIVITY,341.6561,163.3336,HIGH_ACTIVITY: current activity 341.66 is more than 2.0x this grid's within-day baseline of 163.33
441,2013-11-01 11:00:00,HIGH_ACTIVITY,434.1324,163.3336,HIGH_ACTIVITY: current activity 434.13 is more than 2.0x this grid's within-day baseline of 163.33
441,2013-11-01 12:00:00,HIGH_ACTIVITY,390.1696,163.3336,HIGH_ACTIVITY: current activity 390.17 is more than 2.0x this grid's within-day baseline of 163.33
442,2013-11-01 10:00:00,HIGH_ACTIVITY,346.0277,168.7354,HIGH_ACTIVITY: current activity 346.03 is more than 2.0x this grid's within-day baseline of 168.74
442,2013-11-01 11:00:00,HIGH_ACTIVITY,439.1639,168.7354,HIGH_ACTIVITY: current activity 439.16 is more than 2.0x this grid's within-day baseline of 168.74
442,2013-11-01 12:00:00,HIGH_ACTIVITY,395.1537,168.7354,HIGH_ACTIVITY: current activity 395.15 is more than 2.0x this grid's within-day baseline of 168.74
443,2013-11-01 11:00:00,HIGH_ACTIVITY,268.158,133.7146,HIGH_ACTIVITY: current activity 268.16 is more than 2.0x this grid's within-day baseline of 133.71
443,2013-11-01 12:00:00,HIGH_ACTIVITY,310.0594,133.7146,HIGH_ACTIVITY: current activity 310.06 is more than 2.0x this grid's within-day baseline of 133.71
444,2013-11-01 12:00:00,HIGH_ACTIVITY,248.3493,101.6444,HIGH_ACTIVITY: current activity 248.35 is more than 2.0x this grid's within-day baseline of 101.64
445,2013-11-01 12:00:00,HIGH_ACTIVITY,274.5163,132.9996,HIGH_ACTIVITY: current activity 274.52 is more than 2.0x this grid's within-day baseline of 133.00
457,2013-11-01 09:00:00,ACTIVITY_SPIKE,174.1026,85.238,ACTIVITY_SPIKE: current activity 174.10 is more than 2.0x the immediately preceding hour's 85.24
536,2013-11-01 11:00:00,HIGH_ACTIVITY,224.9929,97.3102,HIGH_ACTIVITY: current activity 224.99 is more than 2.0x this grid's within-day baseline of 97.31
536,2013-11-01 12:00:00,HIGH_ACTIVITY,211.1688,97.3102,HIGH_ACTIVITY: current activity 211.17 is more than 2.0x this grid's within-day baseline of 97.31
537,2013-11-01 10:00:00,HIGH_ACTIVITY,335.8799,160.5865,HIGH_ACTIVITY: current activity 335.88 is more than 2.0x this grid's within-day baseline of 160.59
537,2013-11-01 11:00:00,HIGH_ACTIVITY,426.7082,160.5865,HIGH_ACTIVITY: current activity 426.71 is more than 2.0x this grid's within-day baseline of 160.59
537,2013-11-01 12:00:00,HIGH_ACTIVITY,383.5966,160.5865,HIGH_ACTIVITY: current activity 383.60 is more than 2.0x this grid's within-day baseline of 160.59
538,2013-11-01 10:00:00,HIGH_ACTIVITY,340.2634,162.3817,HIGH_ACTIVITY: current activity 340.26 is more than 2.0x this grid's within-day baseline of 162.38
538,2013-11-01 11:00:00,HIGH_ACTIVITY,432.602,162.3817,HIGH_ACTIVITY: current activity 432.60 is more than 2.0x this grid's within-day baseline of 162.38
538,2013-11-01 12:00:00,HIGH_ACTIVITY,388.6932,162.3817,HIGH_ACTIVITY: current activity 388.69 is more than 2.0x this grid's within-day baseline of 162.38
539,2013-11-01 10:00:00,HIGH_ACTIVITY,340.2535,162.3764,HIGH_ACTIVITY: current activity 340.25 is more than 2.0x this grid's within-day baseline of 162.38
539,2013-11-01 11:00:00,HIGH_ACTIVITY,432.583,162.3764,HIGH_ACTIVITY: current activity 432.58 is more than 2.0x this grid's within-day baseline of 162.38
539,2013-11-01 12:00:00,HIGH_ACTIVITY,388.6809,162.3764,HIGH_ACTIVITY: current activity 388.68 is more than 2.0x this grid's within-day baseline of 162.38
540,2013-11-01 10:00:00,HIGH_ACTIVITY,340.2604,162.3928,HIGH_ACTIVITY: current activity 340.26 is more than 2.0x this grid's within-day baseline of 162.39
540,2013-11-01 11:00:00,HIGH_ACTIVITY,432.6345,162.3928,HIGH_ACTIVITY: current activity 432.63 is more than 2.0x this grid's within-day baseline of 162.39
540,2013-11-01 12:00:00,HIGH_ACTIVITY,388.6897,162.3928,HIGH_ACTIVITY: current activity 388.69 is more than 2.0x this grid's within-day baseline of 162.39
541,2013-11-01 10:00:00,HIGH_ACTIVITY,340.9493,162.8129,HIGH_ACTIVITY: current activity 340.95 is more than 2.0x this grid's within-day baseline of 162.81
541,2013-11-01 11:00:00,HIGH_ACTIVITY,433.3496,162.8129,HIGH_ACTIVITY: current activity 433.35 is more than 2.0x this grid's within-day baseline of 162.81
541,2013-11-01 12:00:00,HIGH_ACTIVITY,389.4283,162.8129,HIGH_ACTIVITY: current activity 389.43 is more than 2.0x this grid's within-day baseline of 162.81
542,2013-11-01 10:00:00,HIGH_ACTIVITY,339.978,162.8603,HIGH_ACTIVITY: current activity 339.98 is more than 2.0x this grid's within-day baseline of 162.86
542,2013-11-01 11:00:00,HIGH_ACTIVITY,431.8682,162.8603,HIGH_ACTIVITY: current activity 431.87 is more than 2.0x this grid's within-day baseline of 162.86
542,2013-11-01 12:00:00,HIGH_ACTIVITY,388.1531,162.8603,HIGH_ACTIVITY: current activity 388.15 is more than 2.0x this grid's within-day baseline of 162.86
543,2013-11-01 11:00:00,HIGH_ACTIVITY,331.2249,150.0269,HIGH_ACTIVITY: current activity 331.22 is more than 2.0x this grid's within-day baseline of 150.03
543,2013-11-01 12:00:00,HIGH_ACTIVITY,308.7316,150.0269,HIGH_ACTIVITY: current activity 308.73 is more than 2.0x this grid's within-day baseline of 150.03
557,2013-11-01 09:00:00,ACTIVITY_SPIKE,176.2004,87.1379,ACTIVITY_SPIKE: current activity 176.20 is more than 2.0x the immediately preceding hour's 87.14
559,2013-11-01 18:00:00,HIGH_ACTIVITY,368.7643,169.1887,HIGH_ACTIVITY: current activity 368.76 is more than 2.0x this grid's within-day baseline of 169.19
636,2013-11-01 10:00:00,HIGH_ACTIVITY,278.1425,134.7771,HIGH_ACTIVITY: current activity 278.14 is more than 2.0x this grid's within-day baseline of 134.78
636,2013-11-01 11:00:00,HIGH_ACTIVITY,353.1411,134.7771,HIGH_ACTIVITY: current activity 353.14 is more than 2.0x this grid's within-day baseline of 134.78
636,2013-11-01 12:00:00,HIGH_ACTIVITY,317.9297,134.7771,HIGH_ACTIVITY: current activity 317.93 is more than 2.0x this grid's within-day baseline of 134.78
637,2013-11-01 10:00:00,HIGH_ACTIVITY,315.2397,152.3807,HIGH_ACTIVITY: current activity 315.24 is more than 2.0x this grid's within-day baseline of 152.38
637,2013-11-01 11:00:00,HIGH_ACTIVITY,399.6629,152.3807,HIGH_ACTIVITY: current activity 399.66 is more than 2.0x this grid's within-day baseline of 152.38
637,2013-11-01 12:00:00,HIGH_ACTIVITY,359.6037,152.3807,HIGH_ACTIVITY: current activity 359.60 is more than 2.0x this grid's within-day baseline of 152.38
638,2013-11-01 10:00:00,HIGH_ACTIVITY,340.5165,162.5689,HIGH_ACTIVITY: current activity 340.52 is more than 2.0x this grid's within-day baseline of 162.57
638,2013-11-01 11:00:00,HIGH_ACTIVITY,432.9068,162.5689,HIGH_ACTIVITY: current activity 432.91 is more than 2.0x this grid's within-day baseline of 162.57
638,2013-11-01 12:00:00,HIGH_ACTIVITY,388.949,162.5689,HIGH_ACTIVITY: current activity 388.95 is more than 2.0x this grid's within-day baseline of 162.57
639,2013-11-01 10:00:00,HIGH_ACTIVITY,340.2535,162.3937,HIGH_ACTIVITY: current activity 340.25 is more than 2.0x this grid's within-day baseline of 162.39
639,2013-11-01 11:00:00,HIGH_ACTIVITY,432.6347,162.3937,HIGH_ACTIVITY: current activity 432.63 is more than 2.0x this grid's within-day baseline of 162.39
639,2013-11-01 12:00:00,HIGH_ACTIVITY,388.6809,162.3937,HIGH_ACTIVITY: current activity 388.68 is more than 2.0x this grid's within-day baseline of 162.39
640,2013-11-01 10:00:00,HIGH_ACTIVITY,340.2535,162.3937,HIGH_ACTIVITY: current activity 340.25 is more than 2.0x this grid's within-day baseline of 162.39
640,2013-11-01 11:00:00,HIGH_ACTIVITY,432.6347,162.3937,HIGH_ACTIVITY: current activity 432.63 is more than 2.0x this grid's within-day baseline of 162.39
640,2013-11-01 12:00:00,HIGH_ACTIVITY,388.6809,162.3937,HIGH_ACTIVITY: current activity 388.68 is more than 2.0x this grid's within-day baseline of 162.39
641,2013-11-01 10:00:00,HIGH_ACTIVITY,328.6406,163.8316,HIGH_ACTIVITY: current activity 328.64 is more than 2.0x this grid's within-day baseline of 163.83
641,2013-11-01 11:00:00,HIGH_ACTIVITY,415.7689,163.8316,HIGH_ACTIVITY: current activity 415.77 is more than 2.0x this grid's within-day baseline of 163.83
641,2013-11-01 12:00:00,HIGH_ACTIVITY,376.3452,163.8316,HIGH_ACTIVITY: current activity 376.35 is more than 2.0x this grid's within-day baseline of 163.83
642,2013-11-01 11:00:00,HIGH_ACTIVITY,359.5611,154.6409,HIGH_ACTIVITY: current activity 359.56 is more than 2.0x this grid's within-day baseline of 154.64
642,2013-11-01 12:00:00,HIGH_ACTIVITY,329.8558,154.6409,HIGH_ACTIVITY: current activity 329.86 is more than 2.0x this grid's within-day baseline of 154.64
659,2013-11-01 18:00:00,HIGH_ACTIVITY,431.3485,174.8336,HIGH_ACTIVITY: current activity 431.35 is more than 2.0x this grid's within-day baseline of 174.83
660,2013-11-01 18:00:00,HIGH_ACTIVITY,432.7665,175.7967,HIGH_ACTIVITY: current activity 432.77 is more than 2.0x this grid's within-day baseline of 175.80
661,2013-11-01 18:00:00,HIGH_ACTIVITY,317.4318,141.9586,HIGH_ACTIVITY: current activity 317.43 is more than 2.0x this grid's within-day baseline of 141.96
735,2013-11-01 10:00:00,HIGH_ACTIVITY,221.6777,109.1282,HIGH_ACTIVITY: current activity 221.68 is more than 2.0x this grid's within-day baseline of 109.13
735,2013-11-01 11:00:00,HIGH_ACTIVITY,282.3175,109.1282,HIGH_ACTIVITY: current activity 282.32 is more than 2.0x this grid's within-day baseline of 109.13
735,2013-11-01 12:00:00,HIGH_ACTIVITY,258.03,109.1282,HIGH_ACTIVITY: current activity 258.03 is more than 2.0x this grid's within-day baseline of 109.13
736,2013-11-01 10:00:00,HIGH_ACTIVITY,338.991,161.855,HIGH_ACTIVITY: current activity 338.99 is more than 2.0x this grid's within-day baseline of 161.85
736,2013-11-01 11:00:00,HIGH_ACTIVITY,430.9534,161.855,HIGH_ACTIVITY: current activity 430.95 is more than 2.0x this grid's within-day baseline of 161.85
736,2013-11-01 12:00:00,HIGH_ACTIVITY,387.1635,161.855,HIGH_ACTIVITY: current activity 387.16 is more than 2.0x this grid's within-day baseline of 161.85
737,2013-11-01 10:00:00,HIGH_ACTIVITY,340.2535,162.3937,HIGH_ACTIVITY: current activity 340.25 is more than 2.0x this grid's within-day baseline of 162.39
737,2013-11-01 11:00:00,HIGH_ACTIVITY,432.6347,162.3937,HIGH_ACTIVITY: current activity 432.63 is more than 2.0x this grid's within-day baseline of 162.39
737,2013-11-01 12:00:00,HIGH_ACTIVITY,388.6809,162.3937,HIGH_ACTIVITY: current activity 388.68 is more than 2.0x this grid's within-day baseline of 162.39
738,2013-11-01 10:00:00,HIGH_ACTIVITY,340.2535,162.3937,HIGH_ACTIVITY: current activity 340.25 is more than 2.0x this grid's within-day baseline of 162.39
738,2013-11-01 11:00:00,HIGH_ACTIVITY,432.6347,162.3937,HIGH_ACTIVITY: current activity 432.63 is more than 2.0x this grid's within-day baseline of 162.39
738,2013-11-01 12:00:00,HIGH_ACTIVITY,388.6809,162.3937,HIGH_ACTIVITY: current activity 388.68 is more than 2.0x this grid's within-day baseline of 162.39
739,2013-11-01 10:00:00,HIGH_ACTIVITY,340.2535,162.3937,HIGH_ACTIVITY: current activity 340.25 is more than 2.0x this grid's within-day baseline of 162.39
739,2013-11-01 11:00:00,HIGH_ACTIVITY,432.6347,162.3937,HIGH_ACTIVITY: current activity 432.63 is more than 2.0x this grid's within-day baseline of 162.39
739,2013-11-01 12:00:00,HIGH_ACTIVITY,388.6809,162.3937,HIGH_ACTIVITY: current activity 388.68 is more than 2.0x this grid's within-day baseline of 162.39
740,2013-11-01 10:00:00,HIGH_ACTIVITY,340.2535,162.3937,HIGH_ACTIVITY: current activity 340.25 is more than 2.0x this grid's within-day baseline of 162.39
740,2013-11-01 11:00:00,HIGH_ACTIVITY,432.6347,162.3937,HIGH_ACTIVITY: current activity 432.63 is more than 2.0x this grid's within-day baseline of 162.39
740,2013-11-01 12:00:00,HIGH_ACTIVITY,388.6809,162.3937,HIGH_ACTIVITY: current activity 388.68 is more than 2.0x this grid's within-day baseline of 162.39
741,2013-11-01 10:00:00,HIGH_ACTIVITY,339.2601,162.5152,HIGH_ACTIVITY: current activity 339.26 is more than 2.0x this grid's within-day baseline of 162.52
741,2013-11-01 11:00:00,HIGH_ACTIVITY,431.1915,162.5152,HIGH_ACTIVITY: current activity 431.19 is more than 2.0x this grid's within-day baseline of 162.52
741,2013-11-01 12:00:00,HIGH_ACTIVITY,387.6257,162.5152,HIGH_ACTIVITY: current activity 387.63 is more than 2.0x this grid's within-day baseline of 162.52
750,2013-11-01 07:00:00,ACTIVITY_SPIKE,414.4206,201.5386,ACTIVITY_SPIKE: current activity 414.42 is more than 2.0x the immediately preceding hour's 201.54
751,2013-11-01 07:00:00,ACTIVITY_SPIKE,497.5661,219.6429,ACTIVITY_SPIKE: current activity 497.57 is more than 2.0x the immediately preceding hour's 219.64
752,2013-11-01 07:00:00,ACTIVITY_SPIKE,414.1741,190.6006,ACTIVITY_SPIKE: current activity 414.17 is more than 2.0x the immediately preceding hour's 190.60
759,2013-11-01 18:00:00,HIGH_ACTIVITY,321.893,148.9215,HIGH_ACTIVITY: current activity 321.89 is more than 2.0x this grid's within-day baseline of 148.92
760,2013-11-01 18:00:00,HIGH_ACTIVITY,403.5234,167.5777,HIGH_ACTIVITY: current activity 403.52 is more than 2.0x this grid's within-day baseline of 167.58
761,2013-11-01 18:00:00,HIGH_ACTIVITY,451.2146,188.4189,HIGH_ACTIVITY: current activity 451.21 is more than 2.0x this grid's within-day baseline of 188.42
835,2013-11-01 10:00:00,HIGH_ACTIVITY,314.1145,146.4377,HIGH_ACTIVITY: current activity 314.11 is more than 2.0x this grid's within-day baseline of 146.44
835,2013-11-01 11:00:00,HIGH_ACTIVITY,402.378,146.4377,HIGH_ACTIVITY: current activity 402.38 is more than 2.0x this grid's within-day baseline of 146.44
835,2013-11-01 12:00:00,HIGH_ACTIVITY,360.5311,146.4377,HIGH_ACTIVITY: current activity 360.53 is more than 2.0x this grid's within-day baseline of 146.44
836,2013-11-01 10:00:00,HIGH_ACTIVITY,339.6847,162.0599,HIGH_ACTIVITY: current activity 339.68 is more than 2.0x this grid's within-day baseline of 162.06
836,2013-11-01 11:00:00,HIGH_ACTIVITY,431.8201,162.0599,HIGH_ACTIVITY: current activity 431.82 is more than 2.0x this grid's within-day baseline of 162.06
836,2013-11-01 12:00:00,HIGH_ACTIVITY,387.8639,162.0599,HIGH_ACTIVITY: current activity 387.86 is more than 2.0x this grid's within-day baseline of 162.06
837,2013-11-01 10:00:00,HIGH_ACTIVITY,340.2698,162.3872,HIGH_ACTIVITY: current activity 340.27 is more than 2.0x this grid's within-day baseline of 162.39
837,2013-11-01 11:00:00,HIGH_ACTIVITY,432.648,162.3872,HIGH_ACTIVITY: current activity 432.65 is more than 2.0x this grid's within-day baseline of 162.39
837,2013-11-01 12:00:00,HIGH_ACTIVITY,388.6809,162.3872,HIGH_ACTIVITY: current activity 388.68 is more than 2.0x this grid's within-day baseline of 162.39
838,2013-11-01 10:00:00,HIGH_ACTIVITY,340.2535,162.3937,HIGH_ACTIVITY: current activity 340.25 is more than 2.0x this grid's within-day baseline of 162.39
838,2013-11-01 11:00:00,HIGH_ACTIVITY,432.6347,162.3937,HIGH_ACTIVITY: current activity 432.63 is more than 2.0x this grid's within-day baseline of 162.39
838,2013-11-01 12:00:00,HIGH_ACTIVITY,388.6809,162.3937,HIGH_ACTIVITY: current activity 388.68 is more than 2.0x this grid's within-day baseline of 162.39
839,2013-11-01 10:00:00,HIGH_ACTIVITY,340.2535,162.3937,HIGH_ACTIVITY: current activity 340.25 is more than 2.0x this grid's within-day baseline of 162.39
839,2013-11-01 11:00:00,HIGH_ACTIVITY,432.6347,162.3937,HIGH_ACTIVITY: current activity 432.63 is more than 2.0x this grid's within-day baseline of 162.39
839,2013-11-01 12:00:00,HIGH_ACTIVITY,388.6809,162.3937,HIGH_ACTIVITY: current activity 388.68 is more than 2.0x this grid's within-day baseline of 162.39
840,2013-11-01 10:00:00,HIGH_ACTIVITY,340.2535,162.3937,HIGH_ACTIVITY: current activity 340.25 is more than 2.0x this grid's within-day baseline of 162.39
840,2013-11-01 11:00:00,HIGH_ACTIVITY,432.6347,162.3937,HIGH_ACTIVITY: current activity 432.63 is more than 2.0x this grid's within-day baseline of 162.39
840,2013-11-01 12:00:00,HIGH_ACTIVITY,388.6809,162.3937,HIGH_ACTIVITY: current activity 388.68 is more than 2.0x this grid's within-day baseline of 162.39
841,2013-11-01 11:00:00,HIGH_ACTIVITY,387.1212,166.2266,HIGH_ACTIVITY: current activity 387.12 is more than 2.0x this grid's within-day baseline of 166.23
841,2013-11-01 12:00:00,HIGH_ACTIVITY,355.3969,166.2266,HIGH_ACTIVITY: current activity 355.40 is more than 2.0x this grid's within-day baseline of 166.23
851,2013-11-01 07:00:00,ACTIVITY_SPIKE,605.054,298.9196,ACTIVITY_SPIKE: current activity 605.05 is more than 2.0x the immediately preceding hour's 298.92
852,2013-11-01 07:00:00,ACTIVITY_SPIKE,558.2209,262.1442,ACTIVITY_SPIKE: current activity 558.22 is more than 2.0x the immediately preceding hour's 262.14
853,2013-11-01 07:00:00,ACTIVITY_SPIKE,472.5823,207.6243,ACTIVITY_SPIKE: current activity 472.58 is more than 2.0x the immediately preceding hour's 207.62
896,2013-11-01 17:00:00,HIGH_ACTIVITY,186.7424,81.2969,HIGH_ACTIVITY: current activity 186.74 is more than 2.0x this grid's within-day baseline of 81.30
896,2013-11-01 18:00:00,HIGH_ACTIVITY,163.4719,81.2969,HIGH_ACTIVITY: current activity 163.47 is more than 2.0x this grid's within-day baseline of 81.30
897,2013-11-01 02:00:00,ACTIVITY_DROP,34.2774,157.8986,ACTIVITY_DROP: current activity 34.28 is below 0.25x this grid's within-day baseline of 157.90
897,2013-11-01 03:00:00,ACTIVITY_DROP,38.6975,157.8986,ACTIVITY_DROP: current activity 38.70 is below 0.25x this grid's within-day baseline of 157.90
897,2013-11-01 05:00:00,ACTIVITY_DROP,25.5136,157.8986,ACTIVITY_DROP: current activity 25.51 is below 0.25x this grid's within-day baseline of 157.90
897,2013-11-01 06:00:00,ACTIVITY_DROP,29.4424,157.8986,ACTIVITY_DROP: current activity 29.44 is below 0.25x this grid's within-day baseline of 157.90
897,2013-11-01 07:00:00,ACTIVITY_DROP,36.7256,157.8986,ACTIVITY_DROP: current activity 36.73 is below 0.25x this grid's within-day baseline of 157.90
897,2013-11-01 11:00:00,HIGH_ACTIVITY,261.7731,115.7571,HIGH_ACTIVITY: current activity 261.77 is more than 2.0x this grid's within-day baseline of 115.76
897,2013-11-01 15:00:00,HIGH_ACTIVITY,253.0119,115.7571,HIGH_ACTIVITY: current activity 253.01 is more than 2.0x this grid's within-day baseline of 115.76
897,2013-11-01 16:00:00,HIGH_ACTIVITY,317.2356,115.7571,HIGH_ACTIVITY: current activity 317.24 is more than 2.0x this grid's within-day baseline of 115.76
897,2013-11-01 17:00:00,HIGH_ACTIVITY,417.0079,115.7571,HIGH_ACTIVITY: current activity 417.01 is more than 2.0x this grid's within-day baseline of 115.76
897,2013-11-01 18:00:00,HIGH_ACTIVITY,375.1115,115.7571,HIGH_ACTIVITY: current activity 375.11 is more than 2.0x this grid's within-day baseline of 115.76
897,2013-11-01 19:00:00,HIGH_ACTIVITY,292.4707,115.7571,HIGH_ACTIVITY: current activity 292.47 is more than 2.0x this grid's within-day baseline of 115.76
898,2013-11-01 02:00:00,ACTIVITY_DROP,37.6006,170.7108,ACTIVITY_DROP: current activity 37.60 is below 0.25x this grid's within-day baseline of 170.71
898,2013-11-01 05:00:00,ACTIVITY_DROP,26.3735,170.7108,ACTIVITY_DROP: current activity 26.37 is below 0.25x this grid's within-day baseline of 170.71
898,2013-11-01 06:00:00,ACTIVITY_DROP,29.9678,170.7108,ACTIVITY_DROP: current activity 29.97 is below 0.25x this grid's within-day baseline of 170.71
898,2013-11-01 07:00:00,ACTIVITY_DROP,38.0843,170.7108,ACTIVITY_DROP: current activity 38.08 is below 0.25x this grid's within-day baseline of 170.71
898,2013-11-01 11:00:00,HIGH_ACTIVITY,278.7067,124.8131,HIGH_ACTIVITY: current activity 278.71 is more than 2.0x this grid's within-day baseline of 124.81
898,2013-11-01 15:00:00,HIGH_ACTIVITY,271.2521,124.8131,HIGH_ACTIVITY: current activity 271.25 is more than 2.0x this grid's within-day baseline of 124.81
898,2013-11-01 16:00:00,HIGH_ACTIVITY,336.4421,124.8131,HIGH_ACTIVITY: current activity 336.44 is more than 2.0x this grid's within-day baseline of 124.81
898,2013-11-01 17:00:00,HIGH_ACTIVITY,444.326,124.8131,HIGH_ACTIVITY: current activity 444.33 is more than 2.0x this grid's within-day baseline of 124.81
898,2013-11-01 18:00:00,HIGH_ACTIVITY,402.9796,124.8131,HIGH_ACTIVITY: current activity 402.98 is more than 2.0x this grid's within-day baseline of 124.81
898,2013-11-01 19:00:00,HIGH_ACTIVITY,312.2545,124.8131,HIGH_ACTIVITY: current activity 312.25 is more than 2.0x this grid's within-day baseline of 124.81
899,2013-11-01 02:00:00,ACTIVITY_DROP,29.494,121.9399,ACTIVITY_DROP: current activity 29.49 is below 0.25x this grid's within-day baseline of 121.94
899,2013-11-01 05:00:00,ACTIVITY_DROP,19.9902,121.9399,ACTIVITY_DROP: current activity 19.99 is below 0.25x this grid's within-day baseline of 121.94
899,2013-11-01 06:00:00,ACTIVITY_DROP,22.7909,121.9399,ACTIVITY_DROP: current activity 22.79 is below 0.25x this grid's within-day baseline of 121.94
899,2013-11-01 11:00:00,HIGH_ACTIVITY,200.9146,92.6073,HIGH_ACTIVITY: current activity 200.91 is more than 2.0x this grid's within-day baseline of 92.61
899,2013-11-01 15:00:00,HIGH_ACTIVITY,186.6268,92.6073,HIGH_ACTIVITY: current activity 186.63 is more than 2.0x this grid's within-day baseline of 92.61
899,2013-11-01 16:00:00,HIGH_ACTIVITY,226.3212,92.6073,HIGH_ACTIVITY: current activity 226.32 is more than 2.0x this grid's within-day baseline of 92.61
899,2013-11-01 17:00:00,HIGH_ACTIVITY,296.7975,92.6073,HIGH_ACTIVITY: current activity 296.80 is more than 2.0x this grid's within-day baseline of 92.61
899,2013-11-01 18:00:00,HIGH_ACTIVITY,279.6781,92.6073,HIGH_ACTIVITY: current activity 279.68 is more than 2.0x this grid's within-day baseline of 92.61
899,2013-11-01 19:00:00,HIGH_ACTIVITY,212.7632,92.6073,HIGH_ACTIVITY: current activity 212.76 is more than 2.0x this grid's within-day baseline of 92.61
900,2013-11-01 05:00:00,ACTIVITY_DROP,15.8737,78.4026,ACTIVITY_DROP: current activity 15.87 is below 0.25x this grid's within-day baseline of 78.40
900,2013-11-01 06:00:00,ACTIVITY_DROP,18.7006,78.4026,ACTIVITY_DROP: current activity 18.70 is below 0.25x this grid's within-day baseline of 78.40
934,2013-11-01 11:00:00,HIGH_ACTIVITY,335.9005,132.2625,HIGH_ACTIVITY: current activity 335.90 is more than 2.0x this grid's within-day baseline of 132.26
934,2013-11-01 12:00:00,HIGH_ACTIVITY,304.4798,132.2625,HIGH_ACTIVITY: current activity 304.48 is more than 2.0x this grid's within-day baseline of 132.26
935,2013-11-01 10:00:00,HIGH_ACTIVITY,338.471,161.095,HIGH_ACTIVITY: current activity 338.47 is more than 2.0x this grid's within-day baseline of 161.09
935,2013-11-01 11:00:00,HIGH_ACTIVITY,430.5682,161.095,HIGH_ACTIVITY: current activity 430.57 is more than 2.0x this grid's within-day baseline of 161.09
935,2013-11-01 12:00:00,HIGH_ACTIVITY,386.6273,161.095,HIGH_ACTIVITY: current activity 386.63 is more than 2.0x this grid's within-day baseline of 161.09
936,2013-11-01 10:00:00,HIGH_ACTIVITY,340.4141,162.3302,HIGH_ACTIVITY: current activity 340.41 is more than 2.0x this grid's within-day baseline of 162.33
936,2013-11-01 11:00:00,HIGH_ACTIVITY,432.7656,162.3302,HIGH_ACTIVITY: current activity 432.77 is more than 2.0x this grid's within-day baseline of 162.33
936,2013-11-01 12:00:00,HIGH_ACTIVITY,388.6809,162.3302,HIGH_ACTIVITY: current activity 388.68 is more than 2.0x this grid's within-day baseline of 162.33
937,2013-11-01 10:00:00,HIGH_ACTIVITY,340.3874,162.3408,HIGH_ACTIVITY: current activity 340.39 is more than 2.0x this grid's within-day baseline of 162.34
937,2013-11-01 11:00:00,HIGH_ACTIVITY,432.744,162.3408,HIGH_ACTIVITY: current activity 432.74 is more than 2.0x this grid's within-day baseline of 162.34
937,2013-11-01 12:00:00,HIGH_ACTIVITY,388.6809,162.3408,HIGH_ACTIVITY: current activity 388.68 is more than 2.0x this grid's within-day baseline of 162.34
938,2013-11-01 10:00:00,HIGH_ACTIVITY,340.2628,162.39,HIGH_ACTIVITY: current activity 340.26 is more than 2.0x this grid's within-day baseline of 162.39
938,2013-11-01 11:00:00,HIGH_ACTIVITY,432.6423,162.39,HIGH_ACTIVITY: current activity 432.64 is more than 2.0x this grid's within-day baseline of 162.39
938,2013-11-01 12:00:00,HIGH_ACTIVITY,388.6809,162.39,HIGH_ACTIVITY: current activity 388.68 is more than 2.0x this grid's within-day baseline of 162.39
939,2013-11-01 10:00:00,HIGH_ACTIVITY,340.2535,162.3858,HIGH_ACTIVITY: current activity 340.25 is more than 2.0x this grid's within-day baseline of 162.39
939,2013-11-01 11:00:00,HIGH_ACTIVITY,432.611,162.3858,HIGH_ACTIVITY: current activity 432.61 is more than 2.0x this grid's within-day baseline of 162.39
939,2013-11-01 12:00:00,HIGH_ACTIVITY,388.6809,162.3858,HIGH_ACTIVITY: current activity 388.68 is more than 2.0x this grid's within-day baseline of 162.39
940,2013-11-01 11:00:00,HIGH_ACTIVITY,329.1003,152.8636,HIGH_ACTIVITY: current activity 329.10 is more than 2.0x this grid's within-day baseline of 152.86
940,2013-11-01 12:00:00,HIGH_ACTIVITY,305.7935,152.8636,HIGH_ACTIVITY: current activity 305.79 is more than 2.0x this grid's within-day baseline of 152.86
952,2013-11-01 07:00:00,ACTIVITY_SPIKE,618.2199,305.1913,ACTIVITY_SPIKE: current activity 618.22 is more than 2.0x the immediately preceding hour's 305.19
953,2013-11-01 07:00:00,ACTIVITY_SPIKE,516.9618,232.3787,ACTIVITY_SPIKE: current activity 516.96 is more than 2.0x the immediately preceding hour's 232.38
954,2013-11-01 07:00:00,ACTIVITY_SPIKE,399.3495,192.0489,ACTIVITY_SPIKE: current activity 399.35 is more than 2.0x the immediately preceding hour's 192.05
996,2013-11-01 02:00:00,ACTIVITY_DROP,21.3805,99.9328,ACTIVITY_DROP: current activity 21.38 is below 0.25x this grid's within-day baseline of 99.93
996,2013-11-01 03:00:00,ACTIVITY_DROP,19.4996,99.9328,ACTIVITY_DROP: current activity 19.50 is below 0.25x this grid's within-day baseline of 99.93
996,2013-11-01 04:00:00,ACTIVITY_DROP,21.8496,99.9328,ACTIVITY_DROP: current activity 21.85 is below 0.25x this grid's within-day baseline of 99.93
996,2013-11-01 05:00:00,ACTIVITY_DROP,21.473,99.9328,ACTIVITY_DROP: current activity 21.47 is below 0.25x this grid's within-day baseline of 99.93
996,2013-11-01 11:00:00,HIGH_ACTIVITY,178.3493,83.0054,HIGH_ACTIVITY: current activity 178.35 is more than 2.0x this grid's within-day baseline of 83.01
996,2013-11-01 16:00:00,HIGH_ACTIVITY,216.8598,83.0054,HIGH_ACTIVITY: current activity 216.86 is more than 2.0x this grid's within-day baseline of 83.01
996,2013-11-01 17:00:00,HIGH_ACTIVITY,277.8475,83.0054,HIGH_ACTIVITY: current activity 277.85 is more than 2.0x this grid's within-day baseline of 83.01
996,2013-11-01 18:00:00,HIGH_ACTIVITY,240.3372,83.0054,HIGH_ACTIVITY: current activity 240.34 is more than 2.0x this grid's within-day baseline of 83.01
996,2013-11-01 19:00:00,HIGH_ACTIVITY,193.7948,83.0054,HIGH_ACTIVITY: current activity 193.79 is more than 2.0x this grid's within-day baseline of 83.01
997,2013-11-01 02:00:00,ACTIVITY_DROP,40.755,191.7774,ACTIVITY_DROP: current activity 40.75 is below 0.25x this grid's within-day baseline of 191.78
997,2013-11-01 03:00:00,ACTIVITY_DROP,45.6896,191.7774,ACTIVITY_DROP: current activity 45.69 is below 0.25x this grid's within-day baseline of 191.78
997,2013-11-01 05:00:00,ACTIVITY_DROP,30.8308,191.7774,ACTIVITY_DROP: current activity 30.83 is below 0.25x this grid's within-day baseline of 191.78
997,2013-11-01 06:00:00,ACTIVITY_DROP,35.6185,191.7774,ACTIVITY_DROP: current activity 35.62 is below 0.25x this grid's within-day baseline of 191.78
997,2013-11-01 07:00:00,ACTIVITY_DROP,42.9474,191.7774,ACTIVITY_DROP: current activity 42.95 is below 0.25x this grid's within-day baseline of 191.78
997,2013-11-01 11:00:00,HIGH_ACTIVITY,316.0348,139.112,HIGH_ACTIVITY: current activity 316.03 is more than 2.0x this grid's within-day baseline of 139.11
997,2013-11-01 15:00:00,HIGH_ACTIVITY,306.9141,139.112,HIGH_ACTIVITY: current activity 306.91 is more than 2.0x this grid's within-day baseline of 139.11
997,2013-11-01 16:00:00,HIGH_ACTIVITY,388.8921,139.112,HIGH_ACTIVITY: current activity 388.89 is more than 2.0x this grid's within-day baseline of 139.11
997,2013-11-01 17:00:00,HIGH_ACTIVITY,510.9553,139.112,HIGH_ACTIVITY: current activity 510.96 is more than 2.0x this grid's within-day baseline of 139.11
997,2013-11-01 18:00:00,HIGH_ACTIVITY,455.9562,139.112,HIGH_ACTIVITY: current activity 455.96 is more than 2.0x this grid's within-day baseline of 139.11
997,2013-11-01 19:00:00,HIGH_ACTIVITY,357.9065,139.112,HIGH_ACTIVITY: current activity 357.91 is more than 2.0x this grid's within-day baseline of 139.11
998,2013-11-01 02:00:00,ACTIVITY_DROP,42.817,200.8617,ACTIVITY_DROP: current activity 42.82 is below 0.25x this grid's within-day baseline of 200.86
998,2013-11-01 03:00:00,ACTIVITY_DROP,48.5243,200.8617,ACTIVITY_DROP: current activity 48.52 is below 0.25x this grid's within-day baseline of 200.86
998,2013-11-01 05:00:00,ACTIVITY_DROP,31.7613,200.8617,ACTIVITY_DROP: current activity 31.76 is below 0.25x this grid's within-day baseline of 200.86
998,2013-11-01 06:00:00,ACTIVITY_DROP,36.5021,200.8617,ACTIVITY_DROP: current activity 36.50 is below 0.25x this grid's within-day baseline of 200.86
998,2013-11-01 07:00:00,ACTIVITY_DROP,44.1741,200.8617,ACTIVITY_DROP: current activity 44.17 is below 0.25x this grid's within-day baseline of 200.86
998,2013-11-01 11:00:00,HIGH_ACTIVITY,329.1174,145.432,HIGH_ACTIVITY: current activity 329.12 is more than 2.0x this grid's within-day baseline of 145.43
998,2013-11-01 15:00:00,HIGH_ACTIVITY,320.6666,145.432,HIGH_ACTIVITY: current activity 320.67 is more than 2.0x this grid's within-day baseline of 145.43
998,2013-11-01 16:00:00,HIGH_ACTIVITY,405.0771,145.432,HIGH_ACTIVITY: current activity 405.08 is more than 2.0x this grid's within-day baseline of 145.43
998,2013-11-01 17:00:00,HIGH_ACTIVITY,533.1142,145.432,HIGH_ACTIVITY: current activity 533.11 is more than 2.0x this grid's within-day baseline of 145.43
998,2013-11-01 18:00:00,HIGH_ACTIVITY,476.7031,145.432,HIGH_ACTIVITY: current activity 476.70 is more than 2.0x this grid's within-day baseline of 145.43
998,2013-11-01 19:00:00,HIGH_ACTIVITY,373.5683,145.432,HIGH_ACTIVITY: current activity 373.57 is more than 2.0x this grid's within-day baseline of 145.43
999,2013-11-01 02:00:00,ACTIVITY_DROP,42.7664,200.6429,ACTIVITY_DROP: current activity 42.77 is below 0.25x this grid's within-day baseline of 200.64
999,2013-11-01 03:00:00,ACTIVITY_DROP,48.457,200.6429,ACTIVITY_DROP: current activity 48.46 is below 0.25x this grid's within-day baseline of 200.64
999,2013-11-01 05:00:00,ACTIVITY_DROP,31.7364,200.6429,ACTIVITY_DROP: current activity 31.74 is below 0.25x this grid's within-day baseline of 200.64
999,2013-11-01 06:00:00,ACTIVITY_DROP,36.4766,200.6429,ACTIVITY_DROP: current activity 36.48 is below 0.25x this grid's within-day baseline of 200.64
999,2013-11-01 07:00:00,ACTIVITY_DROP,44.1369,200.6429,ACTIVITY_DROP: current activity 44.14 is below 0.25x this grid's within-day baseline of 200.64
999,2013-11-01 11:00:00,HIGH_ACTIVITY,328.7856,145.2732,HIGH_ACTIVITY: current activity 328.79 is more than 2.0x this grid's within-day baseline of 145.27
999,2013-11-01 15:00:00,HIGH_ACTIVITY,320.3324,145.2732,HIGH_ACTIVITY: current activity 320.33 is more than 2.0x this grid's within-day baseline of 145.27
999,2013-11-01 16:00:00,HIGH_ACTIVITY,404.682,145.2732,HIGH_ACTIVITY: current activity 404.68 is more than 2.0x this grid's within-day baseline of 145.27
999,2013-11-01 17:00:00,HIGH_ACTIVITY,532.5719,145.2732,HIGH_ACTIVITY: current activity 532.57 is more than 2.0x this grid's within-day baseline of 145.27
999,2013-11-01 18:00:00,HIGH_ACTIVITY,476.1919,145.2732,HIGH_ACTIVITY: current activity 476.19 is more than 2.0x this grid's within-day baseline of 145.27
999,2013-11-01 19:00:00,HIGH_ACTIVITY,373.187,145.2732,HIGH_ACTIVITY: current activity 373.19 is more than 2.0x this grid's within-day baseline of 145.27
1000,2013-11-01 02:00:00,ACTIVITY_DROP,41.384,192.6119,ACTIVITY_DROP: current activity 41.38 is below 0.25x this grid's within-day baseline of 192.61
1000,2013-11-01 03:00:00,ACTIVITY_DROP,47.2485,192.6119,ACTIVITY_DROP: current activity 47.25 is below 0.25x this grid's within-day baseline of 192.61
1000,2013-11-01 05:00:00,ACTIVITY_DROP,30.2462,192.6119,ACTIVITY_DROP: current activity 30.25 is below 0.25x this grid's within-day baseline of 192.61
1000,2013-11-01 06:00:00,ACTIVITY_DROP,34.6544,192.6119,ACTIVITY_DROP: current activity 34.65 is below 0.25x this grid's within-day baseline of 192.61
1000,2013-11-01 07:00:00,ACTIVITY_DROP,42.4625,192.6119,ACTIVITY_DROP: current activity 42.46 is below 0.25x this grid's within-day baseline of 192.61
1000,2013-11-01 11:00:00,HIGH_ACTIVITY,315.2512,139.7703,HIGH_ACTIVITY: current activity 315.25 is more than 2.0x this grid's within-day baseline of 139.77
1000,2013-11-01 15:00:00,HIGH_ACTIVITY,307.2292,139.7703,HIGH_ACTIVITY: current activity 307.23 is more than 2.0x this grid's within-day baseline of 139.77
1000,2013-11-01 16:00:00,HIGH_ACTIVITY,386.281,139.7703,HIGH_ACTIVITY: current activity 386.28 is more than 2.0x this grid's within-day baseline of 139.77
1000,2013-11-01 17:00:00,HIGH_ACTIVITY,508.8884,139.7703,HIGH_ACTIVITY: current activity 508.89 is more than 2.0x this grid's within-day baseline of 139.77
1000,2013-11-01 18:00:00,HIGH_ACTIVITY,456.6026,139.7703,HIGH_ACTIVITY: current activity 456.60 is more than 2.0x this grid's within-day baseline of 139.77
1000,2013-11-01 19:00:00,HIGH_ACTIVITY,356.7959,139.7703,HIGH_ACTIVITY: current activity 356.80 is more than 2.0x this grid's within-day baseline of 139.77
1033,2013-11-01 11:00:00,HIGH_ACTIVITY,156.578,77.5133,HIGH_ACTIVITY: current activity 156.58 is more than 2.0x this grid's within-day baseline of 77.51
1034,2013-11-01 10:00:00,HIGH_ACTIVITY,322.8445,155.4811,HIGH_ACTIVITY: current activity 322.84 is more than 2.0x this grid's within-day baseline of 155.48
1034,2013-11-01 11:00:00,HIGH_ACTIVITY,411.9485,155.4811,HIGH_ACTIVITY: current activity 411.95 is more than 2.0x this grid's within-day baseline of 155.48
1034,2013-11-01 12:00:00,HIGH_ACTIVITY,370.5443,155.4811,HIGH_ACTIVITY: current activity 370.54 is more than 2.0x this grid's within-day baseline of 155.48
1035,2013-11-01 10:00:00,HIGH_ACTIVITY,340.4141,162.3302,HIGH_ACTIVITY: current activity 340.41 is more than 2.0x this grid's within-day baseline of 162.33
1035,2013-11-01 11:00:00,HIGH_ACTIVITY,432.7656,162.3302,HIGH_ACTIVITY: current activity 432.77 is more than 2.0x this grid's within-day baseline of 162.33
1035,2013-11-01 12:00:00,HIGH_ACTIVITY,388.6809,162.3302,HIGH_ACTIVITY: current activity 388.68 is more than 2.0x this grid's within-day baseline of 162.33
1036,2013-11-01 10:00:00,HIGH_ACTIVITY,340.4141,162.3302,HIGH_ACTIVITY: current activity 340.41 is more than 2.0x this grid's within-day baseline of 162.33
1036,2013-11-01 11:00:00,HIGH_ACTIVITY,432.7656,162.3302,HIGH_ACTIVITY: current activity 432.77 is more than 2.0x this grid's within-day baseline of 162.33
1036,2013-11-01 12:00:00,HIGH_ACTIVITY,388.6809,162.3302,HIGH_ACTIVITY: current activity 388.68 is more than 2.0x this grid's within-day baseline of 162.33
1037,2013-11-01 10:00:00,HIGH_ACTIVITY,340.4141,162.3302,HIGH_ACTIVITY: current activity 340.41 is more than 2.0x this grid's within-day baseline of 162.33
1037,2013-11-01 11:00:00,HIGH_ACTIVITY,432.7656,162.3302,HIGH_ACTIVITY: current activity 432.77 is more than 2.0x this grid's within-day baseline of 162.33
1037,2013-11-01 12:00:00,HIGH_ACTIVITY,388.6809,162.3302,HIGH_ACTIVITY: current activity 388.68 is more than 2.0x this grid's within-day baseline of 162.33
1038,2013-11-01 10:00:00,HIGH_ACTIVITY,340.3437,162.358,HIGH_ACTIVITY: current activity 340.34 is more than 2.0x this grid's within-day baseline of 162.36
1038,2013-11-01 11:00:00,HIGH_ACTIVITY,432.7083,162.358,HIGH_ACTIVITY: current activity 432.71 is more than 2.0x this grid's within-day baseline of 162.36
1038,2013-11-01 12:00:00,HIGH_ACTIVITY,388.6809,162.358,HIGH_ACTIVITY: current activity 388.68 is more than 2.0x this grid's within-day baseline of 162.36
1039,2013-11-01 10:00:00,HIGH_ACTIVITY,340.2535,162.3937,HIGH_ACTIVITY: current activity 340.25 is more than 2.0x this grid's within-day baseline of 162.39
1039,2013-11-01 11:00:00,HIGH_ACTIVITY,432.6347,162.3937,HIGH_ACTIVITY: current activity 432.63 is more than 2.0x this grid's within-day baseline of 162.39
1039,2013-11-01 12:00:00,HIGH_ACTIVITY,388.6809,162.3937,HIGH_ACTIVITY: current activity 388.68 is more than 2.0x this grid's within-day baseline of 162.39
1053,2013-11-01 07:00:00,ACTIVITY_SPIKE,560.7114,272.6202,ACTIVITY_SPIKE: current activity 560.71 is more than 2.0x the immediately preceding hour's 272.62
1072,2013-11-01 12:00:00,HIGH_ACTIVITY,150.7641,75.2865,HIGH_ACTIVITY: current activity 150.76 is more than 2.0x this grid's within-day baseline of 75.29
1097,2013-11-01 02:00:00,ACTIVITY_DROP,40.755,191.7774,ACTIVITY_DROP: current activity 40.75 is below 0.25x this grid's within-day baseline of 191.78
1097,2013-11-01 03:00:00,ACTIVITY_DROP,45.6896,191.7774,ACTIVITY_DROP: current activity 45.69 is below 0.25x this grid's within-day baseline of 191.78
1097,2013-11-01 05:00:00,ACTIVITY_DROP,30.8308,191.7774,ACTIVITY_DROP: current activity 30.83 is below 0.25x this grid's within-day baseline of 191.78
1097,2013-11-01 06:00:00,ACTIVITY_DROP,35.6185,191.7774,ACTIVITY_DROP: current activity 35.62 is below 0.25x this grid's within-day baseline of 191.78
1097,2013-11-01 07:00:00,ACTIVITY_DROP,42.9474,191.7774,ACTIVITY_DROP: current activity 42.95 is below 0.25x this grid's within-day baseline of 191.78
1097,2013-11-01 11:00:00,HIGH_ACTIVITY,316.0348,139.112,HIGH_ACTIVITY: current activity 316.03 is more than 2.0x this grid's within-day baseline of 139.11
1097,2013-11-01 15:00:00,HIGH_ACTIVITY,306.9141,139.112,HIGH_ACTIVITY: current activity 306.91 is more than 2.0x this grid's within-day baseline of 139.11
1097,2013-11-01 16:00:00,HIGH_ACTIVITY,388.8921,139.112,HIGH_ACTIVITY: current activity 388.89 is more than 2.0x this grid's within-day baseline of 139.11
1097,2013-11-01 17:00:00,HIGH_ACTIVITY,510.9553,139.112,HIGH_ACTIVITY: current activity 510.96 is more than 2.0x this grid's within-day baseline of 139.11
1097,2013-11-01 18:00:00,HIGH_ACTIVITY,455.9562,139.112,HIGH_ACTIVITY: current activity 455.96 is more than 2.0x this grid's within-day baseline of 139.11
1097,2013-11-01 19:00:00,HIGH_ACTIVITY,357.9065,139.112,HIGH_ACTIVITY: current activity 357.91 is more than 2.0x this grid's within-day baseline of 139.11
1098,2013-11-01 02:00:00,ACTIVITY_DROP,42.817,200.8367,ACTIVITY_DROP: current activity 42.82 is below 0.25x this grid's within-day baseline of 200.84
1098,2013-11-01 03:00:00,ACTIVITY_DROP,48.5243,200.8367,ACTIVITY_DROP: current activity 48.52 is below 0.25x this grid's within-day baseline of 200.84
1098,2013-11-01 05:00:00,ACTIVITY_DROP,31.7613,200.8367,ACTIVITY_DROP: current activity 31.76 is below 0.25x this grid's within-day baseline of 200.84
1098,2013-11-01 06:00:00,ACTIVITY_DROP,36.5006,200.8367,ACTIVITY_DROP: current activity 36.50 is below 0.25x this grid's within-day baseline of 200.84
1098,2013-11-01 07:00:00,ACTIVITY_DROP,44.1726,200.8367,ACTIVITY_DROP: current activity 44.17 is below 0.25x this grid's within-day baseline of 200.84
1098,2013-11-01 11:00:00,HIGH_ACTIVITY,328.9464,145.4171,HIGH_ACTIVITY: current activity 328.95 is more than 2.0x this grid's within-day baseline of 145.42
1098,2013-11-01 15:00:00,HIGH_ACTIVITY,320.6298,145.4171,HIGH_ACTIVITY: current activity 320.63 is more than 2.0x this grid's within-day baseline of 145.42
1098,2013-11-01 16:00:00,HIGH_ACTIVITY,405.005,145.4171,HIGH_ACTIVITY: current activity 405.00 is more than 2.0x this grid's within-day baseline of 145.42
1098,2013-11-01 17:00:00,HIGH_ACTIVITY,533.0244,145.4171,HIGH_ACTIVITY: current activity 533.02 is more than 2.0x this grid's within-day baseline of 145.42
1098,2013-11-01 18:00:00,HIGH_ACTIVITY,476.6397,145.4171,HIGH_ACTIVITY: current activity 476.64 is more than 2.0x this grid's within-day baseline of 145.42
1098,2013-11-01 19:00:00,HIGH_ACTIVITY,373.4889,145.4171,HIGH_ACTIVITY: current activity 373.49 is more than 2.0x this grid's within-day baseline of 145.42
1099,2013-11-01 02:00:00,ACTIVITY_DROP,39.831,187.7598,ACTIVITY_DROP: current activity 39.83 is below 0.25x this grid's within-day baseline of 187.76
1099,2013-11-01 03:00:00,ACTIVITY_DROP,44.5525,187.7598,ACTIVITY_DROP: current activity 44.55 is below 0.25x this grid's within-day baseline of 187.76
1099,2013-11-01 05:00:00,ACTIVITY_DROP,30.287,187.7598,ACTIVITY_DROP: current activity 30.29 is below 0.25x this grid's within-day baseline of 187.76
1099,2013-11-01 06:00:00,ACTIVITY_DROP,34.9878,187.7598,ACTIVITY_DROP: current activity 34.99 is below 0.25x this grid's within-day baseline of 187.76
1099,2013-11-01 07:00:00,ACTIVITY_DROP,41.9651,187.7598,ACTIVITY_DROP: current activity 41.97 is below 0.25x this grid's within-day baseline of 187.76
1099,2013-11-01 11:00:00,HIGH_ACTIVITY,308.1722,135.9337,HIGH_ACTIVITY: current activity 308.17 is more than 2.0x this grid's within-day baseline of 135.93
1099,2013-11-01 15:00:00,HIGH_ACTIVITY,300.644,135.9337,HIGH_ACTIVITY: current activity 300.64 is more than 2.0x this grid's within-day baseline of 135.93
1099,2013-11-01 16:00:00,HIGH_ACTIVITY,381.1754,135.9337,HIGH_ACTIVITY: current activity 381.18 is more than 2.0x this grid's within-day baseline of 135.93
1099,2013-11-01 17:00:00,HIGH_ACTIVITY,500.3854,135.9337,HIGH_ACTIVITY: current activity 500.39 is more than 2.0x this grid's within-day baseline of 135.93
1099,2013-11-01 18:00:00,HIGH_ACTIVITY,446.0362,135.9337,HIGH_ACTIVITY: current activity 446.04 is more than 2.0x this grid's within-day baseline of 135.93
1099,2013-11-01 19:00:00,HIGH_ACTIVITY,350.434,135.9337,HIGH_ACTIVITY: current activity 350.43 is more than 2.0x this grid's within-day baseline of 135.93
1100,2013-11-01 02:00:00,ACTIVITY_DROP,42.817,200.8617,ACTIVITY_DROP: current activity 42.82 is below 0.25x this grid's within-day baseline of 200.86
1100,2013-11-01 03:00:00,ACTIVITY_DROP,48.5243,200.8617,ACTIVITY_DROP: current activity 48.52 is below 0.25x this grid's within-day baseline of 200.86
1100,2013-11-01 05:00:00,ACTIVITY_DROP,31.7613,200.8617,ACTIVITY_DROP: current activity 31.76 is below 0.25x this grid's within-day baseline of 200.86
1100,2013-11-01 06:00:00,ACTIVITY_DROP,36.5021,200.8617,ACTIVITY_DROP: current activity 36.50 is below 0.25x this grid's within-day baseline of 200.86
1100,2013-11-01 07:00:00,ACTIVITY_DROP,44.1741,200.8617,ACTIVITY_DROP: current activity 44.17 is below 0.25x this grid's within-day baseline of 200.86
1100,2013-11-01 11:00:00,HIGH_ACTIVITY,329.1174,145.432,HIGH_ACTIVITY: current activity 329.12 is more than 2.0x this grid's within-day baseline of 145.43
1100,2013-11-01 15:00:00,HIGH_ACTIVITY,320.6666,145.432,HIGH_ACTIVITY: current activity 320.67 is more than 2.0x this grid's within-day baseline of 145.43
1100,2013-11-01 16:00:00,HIGH_ACTIVITY,405.0771,145.432,HIGH_ACTIVITY: current activity 405.08 is more than 2.0x this grid's within-day baseline of 145.43
1100,2013-11-01 17:00:00,HIGH_ACTIVITY,533.1142,145.432,HIGH_ACTIVITY: current activity 533.11 is more than 2.0x this grid's within-day baseline of 145.43
1100,2013-11-01 18:00:00,HIGH_ACTIVITY,476.7031,145.432,HIGH_ACTIVITY: current activity 476.70 is more than 2.0x this grid's within-day baseline of 145.43
1100,2013-11-01 19:00:00,HIGH_ACTIVITY,373.5683,145.432,HIGH_ACTIVITY: current activity 373.57 is more than 2.0x this grid's within-day baseline of 145.43
1134,2013-11-01 10:00:00,HIGH_ACTIVITY,332.9435,160.0052,HIGH_ACTIVITY: current activity 332.94 is more than 2.0x this grid's within-day baseline of 160.01
1134,2013-11-01 11:00:00,HIGH_ACTIVITY,423.3512,160.0052,HIGH_ACTIVITY: current activity 423.35 is more than 2.0x this grid's within-day baseline of 160.01
1134,2013-11-01 12:00:00,HIGH_ACTIVITY,380.7471,160.0052,HIGH_ACTIVITY: current activity 380.75 is more than 2.0x this grid's within-day baseline of 160.01
1135,2013-11-01 10:00:00,HIGH_ACTIVITY,321.4954,158.27,HIGH_ACTIVITY: current activity 321.50 is more than 2.0x this grid's within-day baseline of 158.27
1135,2013-11-01 11:00:00,HIGH_ACTIVITY,407.1316,158.27,HIGH_ACTIVITY: current activity 407.13 is more than 2.0x this grid's within-day baseline of 158.27
1135,2013-11-01 12:00:00,HIGH_ACTIVITY,367.181,158.27,HIGH_ACTIVITY: current activity 367.18 is more than 2.0x this grid's within-day baseline of 158.27
1136,2013-11-01 10:00:00,HIGH_ACTIVITY,340.4141,162.3302,HIGH_ACTIVITY: current activity 340.41 is more than 2.0x this grid's within-day baseline of 162.33
1136,2013-11-01 11:00:00,HIGH_ACTIVITY,432.7656,162.3302,HIGH_ACTIVITY: current activity 432.77 is more than 2.0x this grid's within-day baseline of 162.33
1136,2013-11-01 12:00:00,HIGH_ACTIVITY,388.6809,162.3302,HIGH_ACTIVITY: current activity 388.68 is more than 2.0x this grid's within-day baseline of 162.33
1137,2013-11-01 10:00:00,HIGH_ACTIVITY,340.4008,162.3355,HIGH_ACTIVITY: current activity 340.40 is more than 2.0x this grid's within-day baseline of 162.34
1137,2013-11-01 11:00:00,HIGH_ACTIVITY,432.7549,162.3355,HIGH_ACTIVITY: current activity 432.75 is more than 2.0x this grid's within-day baseline of 162.34
1137,2013-11-01 12:00:00,HIGH_ACTIVITY,388.6809,162.3355,HIGH_ACTIVITY: current activity 388.68 is more than 2.0x this grid's within-day baseline of 162.34
1138,2013-11-01 10:00:00,HIGH_ACTIVITY,340.3034,162.374,HIGH_ACTIVITY: current activity 340.30 is more than 2.0x this grid's within-day baseline of 162.37
1138,2013-11-01 11:00:00,HIGH_ACTIVITY,432.6755,162.374,HIGH_ACTIVITY: current activity 432.68 is more than 2.0x this grid's within-day baseline of 162.37
1138,2013-11-01 12:00:00,HIGH_ACTIVITY,388.6809,162.374,HIGH_ACTIVITY: current activity 388.68 is more than 2.0x this grid's within-day baseline of 162.37
1139,2013-11-01 11:00:00,HIGH_ACTIVITY,413.5186,164.0035,HIGH_ACTIVITY: current activity 413.52 is more than 2.0x this grid's within-day baseline of 164.00
1139,2013-11-01 12:00:00,HIGH_ACTIVITY,374.7012,164.0035,HIGH_ACTIVITY: current activity 374.70 is more than 2.0x this grid's within-day baseline of 164.00
1155,2013-11-01 08:00:00,ACTIVITY_SPIKE,314.6095,147.0507,ACTIVITY_SPIKE: current activity 314.61 is more than 2.0x the immediately preceding hour's 147.05
1156,2013-11-01 08:00:00,ACTIVITY_SPIKE,394.1565,154.4308,ACTIVITY_SPIKE: current activity 394.16 is more than 2.0x the immediately preceding hour's 154.43
1197,2013-11-01 02:00:00,ACTIVITY_DROP,42.7074,200.3785,ACTIVITY_DROP: current activity 42.71 is below 0.25x this grid's within-day baseline of 200.38
1197,2013-11-01 03:00:00,ACTIVITY_DROP,48.3736,200.3785,ACTIVITY_DROP: current activity 48.37 is below 0.25x this grid's within-day baseline of 200.38
1197,2013-11-01 05:00:00,ACTIVITY_DROP,31.7118,200.3785,ACTIVITY_DROP: current activity 31.71 is below 0.25x this grid's within-day baseline of 200.38
1197,2013-11-01 06:00:00,ACTIVITY_DROP,36.4551,200.3785,ACTIVITY_DROP: current activity 36.46 is below 0.25x this grid's within-day baseline of 200.38
1197,2013-11-01 07:00:00,ACTIVITY_DROP,44.1088,200.3785,ACTIVITY_DROP: current activity 44.11 is below 0.25x this grid's within-day baseline of 200.38
1197,2013-11-01 11:00:00,HIGH_ACTIVITY,328.4218,145.096,HIGH_ACTIVITY: current activity 328.42 is more than 2.0x this grid's within-day baseline of 145.10
1197,2013-11-01 15:00:00,HIGH_ACTIVITY,319.9351,145.096,HIGH_ACTIVITY: current activity 319.94 is more than 2.0x this grid's within-day baseline of 145.10
1197,2013-11-01 16:00:00,HIGH_ACTIVITY,404.2162,145.096,HIGH_ACTIVITY: current activity 404.22 is more than 2.0x this grid's within-day baseline of 145.10
1197,2013-11-01 17:00:00,HIGH_ACTIVITY,531.9355,145.096,HIGH_ACTIVITY: current activity 531.94 is more than 2.0x this grid's within-day baseline of 145.10
1197,2013-11-01 18:00:00,HIGH_ACTIVITY,475.5996,145.096,HIGH_ACTIVITY: current activity 475.60 is more than 2.0x this grid's within-day baseline of 145.10
1197,2013-11-01 19:00:00,HIGH_ACTIVITY,372.7355,145.096,HIGH_ACTIVITY: current activity 372.74 is more than 2.0x this grid's within-day baseline of 145.10
1198,2013-11-01 02:00:00,ACTIVITY_DROP,42.817,200.8617,ACTIVITY_DROP: current activity 42.82 is below 0.25x this grid's within-day baseline of 200.86
1198,2013-11-01 03:00:00,ACTIVITY_DROP,48.5243,200.8617,ACTIVITY_DROP: current activity 48.52 is below 0.25x this grid's within-day baseline of 200.86
1198,2013-11-01 05:00:00,ACTIVITY_DROP,31.7613,200.8617,ACTIVITY_DROP: current activity 31.76 is below 0.25x this grid's within-day baseline of 200.86
1198,2013-11-01 06:00:00,ACTIVITY_DROP,36.5021,200.8617,ACTIVITY_DROP: current activity 36.50 is below 0.25x this grid's within-day baseline of 200.86
1198,2013-11-01 07:00:00,ACTIVITY_DROP,44.1741,200.8617,ACTIVITY_DROP: current activity 44.17 is below 0.25x this grid's within-day baseline of 200.86
1198,2013-11-01 11:00:00,HIGH_ACTIVITY,329.1174,145.432,HIGH_ACTIVITY: current activity 329.12 is more than 2.0x this grid's within-day baseline of 145.43
1198,2013-11-01 15:00:00,HIGH_ACTIVITY,320.6666,145.432,HIGH_ACTIVITY: current activity 320.67 is more than 2.0x this grid's within-day baseline of 145.43
1198,2013-11-01 16:00:00,HIGH_ACTIVITY,405.0771,145.432,HIGH_ACTIVITY: current activity 405.08 is more than 2.0x this grid's within-day baseline of 145.43
1198,2013-11-01 17:00:00,HIGH_ACTIVITY,533.1142,145.432,HIGH_ACTIVITY: current activity 533.11 is more than 2.0x this grid's within-day baseline of 145.43
1198,2013-11-01 18:00:00,HIGH_ACTIVITY,476.7031,145.432,HIGH_ACTIVITY: current activity 476.70 is more than 2.0x this grid's within-day baseline of 145.43
1198,2013-11-01 19:00:00,HIGH_ACTIVITY,373.5683,145.432,HIGH_ACTIVITY: current activity 373.57 is more than 2.0x this grid's within-day baseline of 145.43
1199,2013-11-01 02:00:00,ACTIVITY_DROP,42.817,200.7867,ACTIVITY_DROP: current activity 42.82 is below 0.25x this grid's within-day baseline of 200.79
1199,2013-11-01 03:00:00,ACTIVITY_DROP,48.5243,200.7867,ACTIVITY_DROP: current activity 48.52 is below 0.25x this grid's within-day baseline of 200.79
1199,2013-11-01 05:00:00,ACTIVITY_DROP,31.7613,200.7867,ACTIVITY_DROP: current activity 31.76 is below 0.25x this grid's within-day baseline of 200.79
1199,2013-11-01 06:00:00,ACTIVITY_DROP,36.4976,200.7867,ACTIVITY_DROP: current activity 36.50 is below 0.25x this grid's within-day baseline of 200.79
1199,2013-11-01 07:00:00,ACTIVITY_DROP,44.1697,200.7867,ACTIVITY_DROP: current activity 44.17 is below 0.25x this grid's within-day baseline of 200.79
1199,2013-11-01 11:00:00,HIGH_ACTIVITY,328.6053,145.3879,HIGH_ACTIVITY: current activity 328.61 is more than 2.0x this grid's within-day baseline of 145.39
1199,2013-11-01 15:00:00,HIGH_ACTIVITY,320.5563,145.3879,HIGH_ACTIVITY: current activity 320.56 is more than 2.0x this grid's within-day baseline of 145.39
1199,2013-11-01 16:00:00,HIGH_ACTIVITY,404.8607,145.3879,HIGH_ACTIVITY: current activity 404.86 is more than 2.0x this grid's within-day baseline of 145.39
1199,2013-11-01 17:00:00,HIGH_ACTIVITY,532.8447,145.3879,HIGH_ACTIVITY: current activity 532.84 is more than 2.0x this grid's within-day baseline of 145.39
1199,2013-11-01 18:00:00,HIGH_ACTIVITY,476.5133,145.3879,HIGH_ACTIVITY: current activity 476.51 is more than 2.0x this grid's within-day baseline of 145.39
1199,2013-11-01 19:00:00,HIGH_ACTIVITY,373.3301,145.3879,HIGH_ACTIVITY: current activity 373.33 is more than 2.0x this grid's within-day baseline of 145.39
1200,2013-11-01 02:00:00,ACTIVITY_DROP,43.0903,201.0842,ACTIVITY_DROP: current activity 43.09 is below 0.25x this grid's within-day baseline of 201.08
1200,2013-11-01 03:00:00,ACTIVITY_DROP,48.746,201.0842,ACTIVITY_DROP: current activity 48.75 is below 0.25x this grid's within-day baseline of 201.08
1200,2013-11-01 05:00:00,ACTIVITY_DROP,31.9428,201.0842,ACTIVITY_DROP: current activity 31.94 is below 0.25x this grid's within-day baseline of 201.08
1200,2013-11-01 06:00:00,ACTIVITY_DROP,36.6712,201.0842,ACTIVITY_DROP: current activity 36.67 is below 0.25x this grid's within-day baseline of 201.08
1200,2013-11-01 07:00:00,ACTIVITY_DROP,44.3494,201.0842,ACTIVITY_DROP: current activity 44.35 is below 0.25x this grid's within-day baseline of 201.08
1200,2013-11-01 11:00:00,HIGH_ACTIVITY,328.8071,145.7089,HIGH_ACTIVITY: current activity 328.81 is more than 2.0x this grid's within-day baseline of 145.71
1200,2013-11-01 15:00:00,HIGH_ACTIVITY,320.789,145.7089,HIGH_ACTIVITY: current activity 320.79 is more than 2.0x this grid's within-day baseline of 145.71
1200,2013-11-01 16:00:00,HIGH_ACTIVITY,405.0852,145.7089,HIGH_ACTIVITY: current activity 405.09 is more than 2.0x this grid's within-day baseline of 145.71
1200,2013-11-01 17:00:00,HIGH_ACTIVITY,533.1045,145.7089,HIGH_ACTIVITY: current activity 533.10 is more than 2.0x this grid's within-day baseline of 145.71
1200,2013-11-01 18:00:00,HIGH_ACTIVITY,476.8196,145.7089,HIGH_ACTIVITY: current activity 476.82 is more than 2.0x this grid's within-day baseline of 145.71
1200,2013-11-01 19:00:00,HIGH_ACTIVITY,373.6099,145.7089,HIGH_ACTIVITY: current activity 373.61 is more than 2.0x this grid's within-day baseline of 145.71
1234,2013-11-01 11:00:00,HIGH_ACTIVITY,258.3342,112.3198,HIGH_ACTIVITY: current activity 258.33 is more than 2.0x this grid's within-day baseline of 112.32
1234,2013-11-01 12:00:00,HIGH_ACTIVITY,234.7356,112.3198,HIGH_ACTIVITY: current activity 234.74 is more than 2.0x this grid's within-day baseline of 112.32
1235,2013-11-01 10:00:00,HIGH_ACTIVITY,331.024,163.0006,HIGH_ACTIVITY: current activity 331.02 is more than 2.0x this grid's within-day baseline of 163.00
1235,2013-11-01 11:00:00,HIGH_ACTIVITY,419.4238,163.0006,HIGH_ACTIVITY: current activity 419.42 is more than 2.0x this grid's within-day baseline of 163.00
1235,2013-11-01 12:00:00,HIGH_ACTIVITY,378.3156,163.0006,HIGH_ACTIVITY: current activity 378.32 is more than 2.0x this grid's within-day baseline of 163.00
1236,2013-11-01 10:00:00,HIGH_ACTIVITY,340.4141,162.3302,HIGH_ACTIVITY: current activity 340.41 is more than 2.0x this grid's within-day baseline of 162.33
1236,2013-11-01 11:00:00,HIGH_ACTIVITY,432.7656,162.3302,HIGH_ACTIVITY: current activity 432.77 is more than 2.0x this grid's within-day baseline of 162.33
1236,2013-11-01 12:00:00,HIGH_ACTIVITY,388.6809,162.3302,HIGH_ACTIVITY: current activity 388.68 is more than 2.0x this grid's within-day baseline of 162.33
1237,2013-11-01 10:00:00,HIGH_ACTIVITY,340.36,162.3516,HIGH_ACTIVITY: current activity 340.36 is more than 2.0x this grid's within-day baseline of 162.35
1237,2013-11-01 11:00:00,HIGH_ACTIVITY,432.7216,162.3516,HIGH_ACTIVITY: current activity 432.72 is more than 2.0x this grid's within-day baseline of 162.35
1237,2013-11-01 12:00:00,HIGH_ACTIVITY,388.6809,162.3516,HIGH_ACTIVITY: current activity 388.68 is more than 2.0x this grid's within-day baseline of 162.35
1238,2013-11-01 10:00:00,HIGH_ACTIVITY,340.2535,162.3937,HIGH_ACTIVITY: current activity 340.25 is more than 2.0x this grid's within-day baseline of 162.39
1238,2013-11-01 11:00:00,HIGH_ACTIVITY,432.6347,162.3937,HIGH_ACTIVITY: current activity 432.63 is more than 2.0x this grid's within-day baseline of 162.39
1238,2013-11-01 12:00:00,HIGH_ACTIVITY,388.6809,162.3937,HIGH_ACTIVITY: current activity 388.68 is more than 2.0x this grid's within-day baseline of 162.39
1239,2013-11-01 11:00:00,HIGH_ACTIVITY,412.9647,164.0502,HIGH_ACTIVITY: current activity 412.96 is more than 2.0x this grid's within-day baseline of 164.05
1239,2013-11-01 12:00:00,HIGH_ACTIVITY,374.2963,164.0502,HIGH_ACTIVITY: current activity 374.30 is more than 2.0x this grid's within-day baseline of 164.05
1252,2013-11-01 18:00:00,HIGH_ACTIVITY,541.996,270.632,HIGH_ACTIVITY: current activity 542.00 is more than 2.0x this grid's within-day baseline of 270.63
1255,2013-11-01 08:00:00,ACTIVITY_SPIKE,275.8224,133.3334,ACTIVITY_SPIKE: current activity 275.82 is more than 2.0x the immediately preceding hour's 133.33
1256,2013-11-01 08:00:00,ACTIVITY_SPIKE,313.2278,142.0217,ACTIVITY_SPIKE: current activity 313.23 is more than 2.0x the immediately preceding hour's 142.02
1257,2013-11-01 08:00:00,ACTIVITY_SPIKE,338.1585,159.505,ACTIVITY_SPIKE: current activity 338.16 is more than 2.0x the immediately preceding hour's 159.50
1271,2013-11-01 12:00:00,HIGH_ACTIVITY,210.5366,96.16,HIGH_ACTIVITY: current activity 210.54 is more than 2.0x this grid's within-day baseline of 96.16
1272,2013-11-01 12:00:00,HIGH_ACTIVITY,188.5404,79.4856,HIGH_ACTIVITY: current activity 188.54 is more than 2.0x this grid's within-day baseline of 79.49
1285,2013-11-01 08:00:00,ACTIVITY_SPIKE,184.9936,83.7324,ACTIVITY_SPIKE: current activity 184.99 is more than 2.0x the immediately preceding hour's 83.73
1285,2013-11-01 10:00:00,HIGH_ACTIVITY,294.6785,129.0669,HIGH_ACTIVITY: current activity 294.68 is more than 2.0x this grid's within-day baseline of 129.07
1285,2013-11-01 11:00:00,HIGH_ACTIVITY,400.6613,129.0669,HIGH_ACTIVITY: current activity 400.66 is more than 2.0x this grid's within-day baseline of 129.07
1285,2013-11-01 12:00:00,HIGH_ACTIVITY,275.3034,129.0669,HIGH_ACTIVITY: current activity 275.30 is more than 2.0x this grid's within-day baseline of 129.07
1286,2013-11-01 08:00:00,ACTIVITY_SPIKE,175.7746,81.3969,ACTIVITY_SPIKE: current activity 175.77 is more than 2.0x the immediately preceding hour's 81.40
1286,2013-11-01 10:00:00,HIGH_ACTIVITY,281.3547,123.8084,HIGH_ACTIVITY: current activity 281.35 is more than 2.0x this grid's within-day baseline of 123.81
1286,2013-11-01 11:00:00,HIGH_ACTIVITY,380.1295,123.8084,HIGH_ACTIVITY: current activity 380.13 is more than 2.0x this grid's within-day baseline of 123.81
1286,2013-11-01 12:00:00,HIGH_ACTIVITY,263.2622,123.8084,HIGH_ACTIVITY: current activity 263.26 is more than 2.0x this grid's within-day baseline of 123.81
1287,2013-11-01 10:00:00,HIGH_ACTIVITY,187.1392,79.1076,HIGH_ACTIVITY: current activity 187.14 is more than 2.0x this grid's within-day baseline of 79.11
1287,2013-11-01 11:00:00,HIGH_ACTIVITY,243.8095,79.1076,HIGH_ACTIVITY: current activity 243.81 is more than 2.0x this grid's within-day baseline of 79.11
1287,2013-11-01 12:00:00,HIGH_ACTIVITY,169.5575,79.1076,HIGH_ACTIVITY: current activity 169.56 is more than 2.0x this grid's within-day baseline of 79.11
1297,2013-11-01 02:00:00,ACTIVITY_DROP,42.817,200.8617,ACTIVITY_DROP: current activity 42.82 is below 0.25x this grid's within-day baseline of 200.86
1297,2013-11-01 03:00:00,ACTIVITY_DROP,48.5243,200.8617,ACTIVITY_DROP: current activity 48.52 is below 0.25x this grid's within-day baseline of 200.86
1297,2013-11-01 05:00:00,ACTIVITY_DROP,31.7613,200.8617,ACTIVITY_DROP: current activity 31.76 is below 0.25x this grid's within-day baseline of 200.86
1297,2013-11-01 06:00:00,ACTIVITY_DROP,36.5021,200.8617,ACTIVITY_DROP: current activity 36.50 is below 0.25x this grid's within-day baseline of 200.86
1297,2013-11-01 07:00:00,ACTIVITY_DROP,44.1741,200.8617,ACTIVITY_DROP: current activity 44.17 is below 0.25x this grid's within-day baseline of 200.86
1297,2013-11-01 11:00:00,HIGH_ACTIVITY,329.1174,145.432,HIGH_ACTIVITY: current activity 329.12 is more than 2.0x this grid's within-day baseline of 145.43
1297,2013-11-01 15:00:00,HIGH_ACTIVITY,320.6666,145.432,HIGH_ACTIVITY: current activity 320.67 is more than 2.0x this grid's within-day baseline of 145.43
1297,2013-11-01 16:00:00,HIGH_ACTIVITY,405.0771,145.432,HIGH_ACTIVITY: current activity 405.08 is more than 2.0x this grid's within-day baseline of 145.43
1297,2013-11-01 17:00:00,HIGH_ACTIVITY,533.1142,145.432,HIGH_ACTIVITY: current activity 533.11 is more than 2.0x this grid's within-day baseline of 145.43
1297,2013-11-01 18:00:00,HIGH_ACTIVITY,476.7031,145.432,HIGH_ACTIVITY: current activity 476.70 is more than 2.0x this grid's within-day baseline of 145.43
1297,2013-11-01 19:00:00,HIGH_ACTIVITY,373.5683,145.432,HIGH_ACTIVITY: current activity 373.57 is more than 2.0x this grid's within-day baseline of 145.43
1298,2013-11-01 02:00:00,ACTIVITY_DROP,42.817,200.8617,ACTIVITY_DROP: current activity 42.82 is below 0.25x this grid's within-day baseline of 200.86
1298,2013-11-01 03:00:00,ACTIVITY_DROP,48.5243,200.8617,ACTIVITY_DROP: current activity 48.52 is below 0.25x this grid's within-day baseline of 200.86
1298,2013-11-01 05:00:00,ACTIVITY_DROP,31.7613,200.8617,ACTIVITY_DROP: current activity 31.76 is below 0.25x this grid's within-day baseline of 200.86
1298,2013-11-01 06:00:00,ACTIVITY_DROP,36.5021,200.8617,ACTIVITY_DROP: current activity 36.50 is below 0.25x this grid's within-day baseline of 200.86
1298,2013-11-01 07:00:00,ACTIVITY_DROP,44.1741,200.8617,ACTIVITY_DROP: current activity 44.17 is below 0.25x this grid's within-day baseline of 200.86
1298,2013-11-01 11:00:00,HIGH_ACTIVITY,329.1174,145.432,HIGH_ACTIVITY: current activity 329.12 is more than 2.0x this grid's within-day baseline of 145.43
1298,2013-11-01 15:00:00,HIGH_ACTIVITY,320.6666,145.432,HIGH_ACTIVITY: current activity 320.67 is more than 2.0x this grid's within-day baseline of 145.43
1298,2013-11-01 16:00:00,HIGH_ACTIVITY,405.0771,145.432,HIGH_ACTIVITY: current activity 405.08 is more than 2.0x this grid's within-day baseline of 145.43
1298,2013-11-01 17:00:00,HIGH_ACTIVITY,533.1142,145.432,HIGH_ACTIVITY: current activity 533.11 is more than 2.0x this grid's within-day baseline of 145.43
1298,2013-11-01 18:00:00,HIGH_ACTIVITY,476.7031,145.432,HIGH_ACTIVITY: current activity 476.70 is more than 2.0x this grid's within-day baseline of 145.43
1298,2013-11-01 19:00:00,HIGH_ACTIVITY,373.5683,145.432,HIGH_ACTIVITY: current activity 373.57 is more than 2.0x this grid's within-day baseline of 145.43
1299,2013-11-01 02:00:00,ACTIVITY_DROP,42.817,200.818,ACTIVITY_DROP: current activity 42.82 is below 0.25x this grid's within-day baseline of 200.82
1299,2013-11-01 03:00:00,ACTIVITY_DROP,48.5243,200.818,ACTIVITY_DROP: current activity 48.52 is below 0.25x this grid's within-day baseline of 200.82
1299,2013-11-01 05:00:00,ACTIVITY_DROP,31.7613,200.818,ACTIVITY_DROP: current activity 31.76 is below 0.25x this grid's within-day baseline of 200.82
1299,2013-11-01 06:00:00,ACTIVITY_DROP,36.4995,200.818,ACTIVITY_DROP: current activity 36.50 is below 0.25x this grid's within-day baseline of 200.82
1299,2013-11-01 07:00:00,ACTIVITY_DROP,44.1715,200.818,ACTIVITY_DROP: current activity 44.17 is below 0.25x this grid's within-day baseline of 200.82
1299,2013-11-01 11:00:00,HIGH_ACTIVITY,328.8188,145.4061,HIGH_ACTIVITY: current activity 328.82 is more than 2.0x this grid's within-day baseline of 145.41
1299,2013-11-01 15:00:00,HIGH_ACTIVITY,320.6022,145.4061,HIGH_ACTIVITY: current activity 320.60 is more than 2.0x this grid's within-day baseline of 145.41
1299,2013-11-01 16:00:00,HIGH_ACTIVITY,404.9511,145.4061,HIGH_ACTIVITY: current activity 404.95 is more than 2.0x this grid's within-day baseline of 145.41
1299,2013-11-01 17:00:00,HIGH_ACTIVITY,532.957,145.4061,HIGH_ACTIVITY: current activity 532.96 is more than 2.0x this grid's within-day baseline of 145.41
1299,2013-11-01 18:00:00,HIGH_ACTIVITY,476.5924,145.4061,HIGH_ACTIVITY: current activity 476.59 is more than 2.0x this grid's within-day baseline of 145.41
1299,2013-11-01 19:00:00,HIGH_ACTIVITY,373.4295,145.4061,HIGH_ACTIVITY: current activity 373.43 is more than 2.0x this grid's within-day baseline of 145.41
1300,2013-11-01 02:00:00,ACTIVITY_DROP,46.8343,216.1875,ACTIVITY_DROP: current activity 46.83 is below 0.25x this grid's within-day baseline of 216.19
1300,2013-11-01 03:00:00,ACTIVITY_DROP,50.6243,216.1875,ACTIVITY_DROP: current activity 50.62 is below 0.25x this grid's within-day baseline of 216.19
1300,2013-11-01 05:00:00,ACTIVITY_DROP,35.2994,216.1875,ACTIVITY_DROP: current activity 35.30 is below 0.25x this grid's within-day baseline of 216.19
1300,2013-11-01 06:00:00,ACTIVITY_DROP,39.9871,216.1875,ACTIVITY_DROP: current activity 39.99 is below 0.25x this grid's within-day baseline of 216.19
1300,2013-11-01 07:00:00,ACTIVITY_DROP,48.5658,216.1875,ACTIVITY_DROP: current activity 48.57 is below 0.25x this grid's within-day baseline of 216.19
1300,2013-11-01 11:00:00,HIGH_ACTIVITY,339.9924,163.4863,HIGH_ACTIVITY: current activity 339.99 is more than 2.0x this grid's within-day baseline of 163.49
1300,2013-11-01 16:00:00,HIGH_ACTIVITY,407.0901,163.4863,HIGH_ACTIVITY: current activity 407.09 is more than 2.0x this grid's within-day baseline of 163.49
1300,2013-11-01 17:00:00,HIGH_ACTIVITY,524.9323,163.4863,HIGH_ACTIVITY: current activity 524.93 is more than 2.0x this grid's within-day baseline of 163.49
1300,2013-11-01 18:00:00,HIGH_ACTIVITY,471.144,163.4863,HIGH_ACTIVITY: current activity 471.14 is more than 2.0x this grid's within-day baseline of 163.49
1300,2013-11-01 19:00:00,HIGH_ACTIVITY,375.3402,163.4863,HIGH_ACTIVITY: current activity 375.34 is more than 2.0x this grid's within-day baseline of 163.49
1335,2013-11-01 11:00:00,HIGH_ACTIVITY,220.3799,98.8176,HIGH_ACTIVITY: current activity 220.38 is more than 2.0x this grid's within-day baseline of 98.82
1335,2013-11-01 12:00:00,HIGH_ACTIVITY,200.1689,98.8176,HIGH_ACTIVITY: current activity 200.17 is more than 2.0x this grid's within-day baseline of 98.82
1336,2013-11-01 10:00:00,HIGH_ACTIVITY,338.7022,161.6501,HIGH_ACTIVITY: current activity 338.70 is more than 2.0x this grid's within-day baseline of 161.65
1336,2013-11-01 11:00:00,HIGH_ACTIVITY,430.5181,161.6501,HIGH_ACTIVITY: current activity 430.52 is more than 2.0x this grid's within-day baseline of 161.65
1336,2013-11-01 12:00:00,HIGH_ACTIVITY,386.6966,161.6501,HIGH_ACTIVITY: current activity 386.70 is more than 2.0x this grid's within-day baseline of 161.65
1337,2013-11-01 10:00:00,HIGH_ACTIVITY,340.2699,162.3872,HIGH_ACTIVITY: current activity 340.27 is more than 2.0x this grid's within-day baseline of 162.39
1337,2013-11-01 11:00:00,HIGH_ACTIVITY,432.648,162.3872,HIGH_ACTIVITY: current activity 432.65 is more than 2.0x this grid's within-day baseline of 162.39
1337,2013-11-01 12:00:00,HIGH_ACTIVITY,388.6809,162.3872,HIGH_ACTIVITY: current activity 388.68 is more than 2.0x this grid's within-day baseline of 162.39
1338,2013-11-01 10:00:00,HIGH_ACTIVITY,340.2139,169.8624,HIGH_ACTIVITY: current activity 340.21 is more than 2.0x this grid's within-day baseline of 169.86
1338,2013-11-01 11:00:00,HIGH_ACTIVITY,429.8517,169.8624,HIGH_ACTIVITY: current activity 429.85 is more than 2.0x this grid's within-day baseline of 169.86
1338,2013-11-01 12:00:00,HIGH_ACTIVITY,387.9781,169.8624,HIGH_ACTIVITY: current activity 387.98 is more than 2.0x this grid's within-day baseline of 169.86
1352,2013-11-01 18:00:00,HIGH_ACTIVITY,456.8962,216.6175,HIGH_ACTIVITY: current activity 456.90 is more than 2.0x this grid's within-day baseline of 216.62
1357,2013-11-01 02:00:00,ACTIVITY_DROP,53.8891,226.7162,ACTIVITY_DROP: current activity 53.89 is below 0.25x this grid's within-day baseline of 226.72
1357,2013-11-01 03:00:00,ACTIVITY_DROP,52.274,226.7162,ACTIVITY_DROP: current activity 52.27 is below 0.25x this grid's within-day baseline of 226.72
1357,2013-11-01 04:00:00,ACTIVITY_DROP,55.4773,226.7162,ACTIVITY_DROP: current activity 55.48 is below 0.25x this grid's within-day baseline of 226.72
1357,2013-11-01 05:00:00,ACTIVITY_DROP,52.0844,226.7162,ACTIVITY_DROP: current activity 52.08 is below 0.25x this grid's within-day baseline of 226.72
1358,2013-11-01 02:00:00,ACTIVITY_DROP,48.7196,208.6398,ACTIVITY_DROP: current activity 48.72 is below 0.25x this grid's within-day baseline of 208.64
1358,2013-11-01 03:00:00,ACTIVITY_DROP,47.8944,208.6398,ACTIVITY_DROP: current activity 47.89 is below 0.25x this grid's within-day baseline of 208.64
1358,2013-11-01 05:00:00,ACTIVITY_DROP,46.7722,208.6398,ACTIVITY_DROP: current activity 46.77 is below 0.25x this grid's within-day baseline of 208.64
1359,2013-11-01 02:00:00,ACTIVITY_DROP,47.5345,196.8045,ACTIVITY_DROP: current activity 47.53 is below 0.25x this grid's within-day baseline of 196.80
1359,2013-11-01 03:00:00,ACTIVITY_DROP,48.1906,196.8045,ACTIVITY_DROP: current activity 48.19 is below 0.25x this grid's within-day baseline of 196.80
1359,2013-11-01 05:00:00,ACTIVITY_DROP,45.9571,196.8045,ACTIVITY_DROP: current activity 45.96 is below 0.25x this grid's within-day baseline of 196.80
1371,2013-11-01 12:00:00,HIGH_ACTIVITY,199.2712,91.974,HIGH_ACTIVITY: current activity 199.27 is more than 2.0x this grid's within-day baseline of 91.97
1372,2013-11-01 12:00:00,HIGH_ACTIVITY,191.0244,80.5318,HIGH_ACTIVITY: current activity 191.02 is more than 2.0x this grid's within-day baseline of 80.53
1373,2013-11-01 12:00:00,HIGH_ACTIVITY,190.2145,80.0709,HIGH_ACTIVITY: current activity 190.21 is more than 2.0x this grid's within-day baseline of 80.07
1374,2013-11-01 12:00:00,HIGH_ACTIVITY,185.9308,78.4906,HIGH_ACTIVITY: current activity 185.93 is more than 2.0x this grid's within-day baseline of 78.49
1385,2013-11-01 08:00:00,ACTIVITY_SPIKE,190.9997,88.1441,ACTIVITY_SPIKE: current activity 191.00 is more than 2.0x the immediately preceding hour's 88.14
1385,2013-11-01 10:00:00,HIGH_ACTIVITY,292.8967,138.5839,HIGH_ACTIVITY: current activity 292.90 is more than 2.0x this grid's within-day baseline of 138.58
1385,2013-11-01 11:00:00,HIGH_ACTIVITY,404.3084,138.5839,HIGH_ACTIVITY: current activity 404.31 is more than 2.0x this grid's within-day baseline of 138.58
1385,2013-11-01 12:00:00,HIGH_ACTIVITY,279.0741,138.5839,HIGH_ACTIVITY: current activity 279.07 is more than 2.0x this grid's within-day baseline of 138.58
1386,2013-11-01 08:00:00,ACTIVITY_SPIKE,195.3822,88.1589,ACTIVITY_SPIKE: current activity 195.38 is more than 2.0x the immediately preceding hour's 88.16
1386,2013-11-01 10:00:00,HIGH_ACTIVITY,308.7314,136.0187,HIGH_ACTIVITY: current activity 308.73 is more than 2.0x this grid's within-day baseline of 136.02
1386,2013-11-01 11:00:00,HIGH_ACTIVITY,422.0256,136.0187,HIGH_ACTIVITY: current activity 422.03 is more than 2.0x this grid's within-day baseline of 136.02
1386,2013-11-01 12:00:00,HIGH_ACTIVITY,290.9105,136.0187,HIGH_ACTIVITY: current activity 290.91 is more than 2.0x this grid's within-day baseline of 136.02
1387,2013-11-01 08:00:00,ACTIVITY_SPIKE,195.6942,88.3539,ACTIVITY_SPIKE: current activity 195.69 is more than 2.0x the immediately preceding hour's 88.35
1387,2013-11-01 10:00:00,HIGH_ACTIVITY,308.9658,136.1554,HIGH_ACTIVITY: current activity 308.97 is more than 2.0x this grid's within-day baseline of 136.16
1387,2013-11-01 11:00:00,HIGH_ACTIVITY,422.2339,136.1554,HIGH_ACTIVITY: current activity 422.23 is more than 2.0x this grid's within-day baseline of 136.16
1387,2013-11-01 12:00:00,HIGH_ACTIVITY,291.2228,136.1554,HIGH_ACTIVITY: current activity 291.22 is more than 2.0x this grid's within-day baseline of 136.16
1388,2013-11-01 08:00:00,ACTIVITY_SPIKE,187.0307,84.2455,ACTIVITY_SPIKE: current activity 187.03 is more than 2.0x the immediately preceding hour's 84.25
1388,2013-11-01 10:00:00,HIGH_ACTIVITY,296.6105,129.8976,HIGH_ACTIVITY: current activity 296.61 is more than 2.0x this grid's within-day baseline of 129.90
1388,2013-11-01 11:00:00,HIGH_ACTIVITY,405.5492,129.8976,HIGH_ACTIVITY: current activity 405.55 is more than 2.0x this grid's within-day baseline of 129.90
1388,2013-11-01 12:00:00,HIGH_ACTIVITY,278.679,129.8976,HIGH_ACTIVITY: current activity 278.68 is more than 2.0x this grid's within-day baseline of 129.90
1396,2013-11-01 08:00:00,ACTIVITY_SPIKE,198.8563,94.3213,ACTIVITY_SPIKE: current activity 198.86 is more than 2.0x the immediately preceding hour's 94.32
1397,2013-11-01 17:00:00,HIGH_ACTIVITY,414.12,184.5235,HIGH_ACTIVITY: current activity 414.12 is more than 2.0x this grid's within-day baseline of 184.52
1397,2013-11-01 18:00:00,HIGH_ACTIVITY,391.8005,184.5235,HIGH_ACTIVITY: current activity 391.80 is more than 2.0x this grid's within-day baseline of 184.52
1398,2013-11-01 05:00:00,ACTIVITY_DROP,38.6774,211.1069,ACTIVITY_DROP: current activity 38.68 is below 0.25x this grid's within-day baseline of 211.11
1398,2013-11-01 06:00:00,ACTIVITY_DROP,42.9504,211.1069,ACTIVITY_DROP: current activity 42.95 is below 0.25x this grid's within-day baseline of 211.11
1398,2013-11-01 07:00:00,ACTIVITY_DROP,52.1669,211.1069,ACTIVITY_DROP: current activity 52.17 is below 0.25x this grid's within-day baseline of 211.11
1398,2013-11-01 11:00:00,HIGH_ACTIVITY,331.0161,156.2469,HIGH_ACTIVITY: current activity 331.02 is more than 2.0x this grid's within-day baseline of 156.25
1398,2013-11-01 15:00:00,HIGH_ACTIVITY,317.9674,156.2469,HIGH_ACTIVITY: current activity 317.97 is more than 2.0x this grid's within-day baseline of 156.25
1398,2013-11-01 16:00:00,HIGH_ACTIVITY,395.361,156.2469,HIGH_ACTIVITY: current activity 395.36 is more than 2.0x this grid's within-day baseline of 156.25
1398,2013-11-01 17:00:00,HIGH_ACTIVITY,518.7816,156.2469,HIGH_ACTIVITY: current activity 518.78 is more than 2.0x this grid's within-day baseline of 156.25
1398,2013-11-01 18:00:00,HIGH_ACTIVITY,469.2314,156.2469,HIGH_ACTIVITY: current activity 469.23 is more than 2.0x this grid's within-day baseline of 156.25
1398,2013-11-01 19:00:00,HIGH_ACTIVITY,370.1723,156.2469,HIGH_ACTIVITY: current activity 370.17 is more than 2.0x this grid's within-day baseline of 156.25
1399,2013-11-01 02:00:00,ACTIVITY_DROP,54.1391,244.0999,ACTIVITY_DROP: current activity 54.14 is below 0.25x this grid's within-day baseline of 244.10
1399,2013-11-01 03:00:00,ACTIVITY_DROP,54.4429,244.0999,ACTIVITY_DROP: current activity 54.44 is below 0.25x this grid's within-day baseline of 244.10
1399,2013-11-01 05:00:00,ACTIVITY_DROP,41.733,244.0999,ACTIVITY_DROP: current activity 41.73 is below 0.25x this grid's within-day baseline of 244.10
1399,2013-11-01 06:00:00,ACTIVITY_DROP,46.3269,244.0999,ACTIVITY_DROP: current activity 46.33 is below 0.25x this grid's within-day baseline of 244.10
1399,2013-11-01 07:00:00,ACTIVITY_DROP,56.5537,244.0999,ACTIVITY_DROP: current activity 56.55 is below 0.25x this grid's within-day baseline of 244.10
1399,2013-11-01 16:00:00,HIGH_ACTIVITY,410.8787,196.3418,HIGH_ACTIVITY: current activity 410.88 is more than 2.0x this grid's within-day baseline of 196.34
1399,2013-11-01 17:00:00,HIGH_ACTIVITY,510.2142,196.3418,HIGH_ACTIVITY: current activity 510.21 is more than 2.0x this grid's within-day baseline of 196.34
1399,2013-11-01 18:00:00,HIGH_ACTIVITY,461.1476,196.3418,HIGH_ACTIVITY: current activity 461.15 is more than 2.0x this grid's within-day baseline of 196.34
1400,2013-11-01 03:00:00,ACTIVITY_DROP,65.5731,284.9929,ACTIVITY_DROP: current activity 65.57 is below 0.25x this grid's within-day baseline of 284.99
1400,2013-11-01 04:00:00,ACTIVITY_DROP,68.6674,284.9929,ACTIVITY_DROP: current activity 68.67 is below 0.25x this grid's within-day baseline of 284.99
1400,2013-11-01 05:00:00,ACTIVITY_DROP,60.4853,284.9929,ACTIVITY_DROP: current activity 60.49 is below 0.25x this grid's within-day baseline of 284.99
1400,2013-11-01 06:00:00,ACTIVITY_DROP,64.8075,284.9929,ACTIVITY_DROP: current activity 64.81 is below 0.25x this grid's within-day baseline of 284.99
1436,2013-11-01 11:00:00,HIGH_ACTIVITY,268.6558,113.8634,HIGH_ACTIVITY: current activity 268.66 is more than 2.0x this grid's within-day baseline of 113.86
1436,2013-11-01 12:00:00,HIGH_ACTIVITY,244.0063,113.8634,HIGH_ACTIVITY: current activity 244.01 is more than 2.0x this grid's within-day baseline of 113.86
1437,2013-11-01 11:00:00,HIGH_ACTIVITY,313.2914,133.1341,HIGH_ACTIVITY: current activity 313.29 is more than 2.0x this grid's within-day baseline of 133.13
1437,2013-11-01 12:00:00,HIGH_ACTIVITY,286.3799,133.1341,HIGH_ACTIVITY: current activity 286.38 is more than 2.0x this grid's within-day baseline of 133.13
1456,2013-11-01 05:00:00,ACTIVITY_DROP,79.4405,321.1274,ACTIVITY_DROP: current activity 79.44 is below 0.25x this grid's within-day baseline of 321.13
1457,2013-11-01 01:00:00,ACTIVITY_DROP,67.313,304.8716,ACTIVITY_DROP: current activity 67.31 is below 0.25x this grid's within-day baseline of 304.87
1457,2013-11-01 02:00:00,ACTIVITY_DROP,53.7723,304.8716,ACTIVITY_DROP: current activity 53.77 is below 0.25x this grid's within-day baseline of 304.87
1457,2013-11-01 03:00:00,ACTIVITY_DROP,54.2279,304.8716,ACTIVITY_DROP: current activity 54.23 is below 0.25x this grid's within-day baseline of 304.87
1457,2013-11-01 04:00:00,ACTIVITY_DROP,54.7092,304.8716,ACTIVITY_DROP: current activity 54.71 is below 0.25x this grid's within-day baseline of 304.87
1457,2013-11-01 05:00:00,ACTIVITY_DROP,51.581,304.8716,ACTIVITY_DROP: current activity 51.58 is below 0.25x this grid's within-day baseline of 304.87
1457,2013-11-01 06:00:00,ACTIVITY_DROP,59.0873,304.8716,ACTIVITY_DROP: current activity 59.09 is below 0.25x this grid's within-day baseline of 304.87
1457,2013-11-01 07:00:00,ACTIVITY_DROP,68.4267,304.8716,ACTIVITY_DROP: current activity 68.43 is below 0.25x this grid's within-day baseline of 304.87
1458,2013-11-01 01:00:00,ACTIVITY_DROP,66.4898,304.4682,ACTIVITY_DROP: current activity 66.49 is below 0.25x this grid's within-day baseline of 304.47
1458,2013-11-01 02:00:00,ACTIVITY_DROP,53.1817,304.4682,ACTIVITY_DROP: current activity 53.18 is below 0.25x this grid's within-day baseline of 304.47
1458,2013-11-01 03:00:00,ACTIVITY_DROP,54.7648,304.4682,ACTIVITY_DROP: current activity 54.76 is below 0.25x this grid's within-day baseline of 304.47
1458,2013-11-01 04:00:00,ACTIVITY_DROP,55.1341,304.4682,ACTIVITY_DROP: current activity 55.13 is below 0.25x this grid's within-day baseline of 304.47
1458,2013-11-01 05:00:00,ACTIVITY_DROP,51.3694,304.4682,ACTIVITY_DROP: current activity 51.37 is below 0.25x this grid's within-day baseline of 304.47
1458,2013-11-01 06:00:00,ACTIVITY_DROP,55.8179,304.4682,ACTIVITY_DROP: current activity 55.82 is below 0.25x this grid's within-day baseline of 304.47
1458,2013-11-01 07:00:00,ACTIVITY_DROP,65.5177,304.4682,ACTIVITY_DROP: current activity 65.52 is below 0.25x this grid's within-day baseline of 304.47
1459,2013-11-01 01:00:00,ACTIVITY_DROP,63.1189,271.4757,ACTIVITY_DROP: current activity 63.12 is below 0.25x this grid's within-day baseline of 271.48
1459,2013-11-01 02:00:00,ACTIVITY_DROP,50.2151,271.4757,ACTIVITY_DROP: current activity 50.22 is below 0.25x this grid's within-day baseline of 271.48
1459,2013-11-01 03:00:00,ACTIVITY_DROP,51.7659,271.4757,ACTIVITY_DROP: current activity 51.77 is below 0.25x this grid's within-day baseline of 271.48
1459,2013-11-01 04:00:00,ACTIVITY_DROP,53.2455,271.4757,ACTIVITY_DROP: current activity 53.25 is below 0.25x this grid's within-day baseline of 271.48
1459,2013-11-01 05:00:00,ACTIVITY_DROP,48.5599,271.4757,ACTIVITY_DROP: current activity 48.56 is below 0.25x this grid's within-day baseline of 271.48
1459,2013-11-01 06:00:00,ACTIVITY_DROP,52.6849,271.4757,ACTIVITY_DROP: current activity 52.68 is below 0.25x this grid's within-day baseline of 271.48
1459,2013-11-01 07:00:00,ACTIVITY_DROP,62.7071,271.4757,ACTIVITY_DROP: current activity 62.71 is below 0.25x this grid's within-day baseline of 271.48
1472,2013-11-01 12:00:00,HIGH_ACTIVITY,191.0923,80.5942,HIGH_ACTIVITY: current activity 191.09 is more than 2.0x this grid's within-day baseline of 80.59
1473,2013-11-01 12:00:00,HIGH_ACTIVITY,192.6034,82.0575,HIGH_ACTIVITY: current activity 192.60 is more than 2.0x this grid's within-day baseline of 82.06
1474,2013-11-01 12:00:00,HIGH_ACTIVITY,201.047,90.2393,HIGH_ACTIVITY: current activity 201.05 is more than 2.0x this grid's within-day baseline of 90.24
1475,2013-11-01 12:00:00,HIGH_ACTIVITY,173.5292,79.3209,HIGH_ACTIVITY: current activity 173.53 is more than 2.0x this grid's within-day baseline of 79.32
1484,2013-11-01 16:00:00,HIGH_ACTIVITY,173.0224,85.9815,HIGH_ACTIVITY: current activity 173.02 is more than 2.0x this grid's within-day baseline of 85.98
1485,2013-11-01 11:00:00,HIGH_ACTIVITY,382.4788,156.7645,HIGH_ACTIVITY: current activity 382.48 is more than 2.0x this grid's within-day baseline of 156.76
1486,2013-11-01 08:00:00,ACTIVITY_SPIKE,191.8807,85.9706,ACTIVITY_SPIKE: current activity 191.88 is more than 2.0x the immediately preceding hour's 85.97
1486,2013-11-01 10:00:00,HIGH_ACTIVITY,307.6292,135.5434,HIGH_ACTIVITY: current activity 307.63 is more than 2.0x this grid's within-day baseline of 135.54
1486,2013-11-01 11:00:00,HIGH_ACTIVITY,422.3118,135.5434,HIGH_ACTIVITY: current activity 422.31 is more than 2.0x this grid's within-day baseline of 135.54
1486,2013-11-01 12:00:00,HIGH_ACTIVITY,290.655,135.5434,HIGH_ACTIVITY: current activity 290.65 is more than 2.0x this grid's within-day baseline of 135.54
1486,2013-11-01 17:00:00,HIGH_ACTIVITY,271.6041,135.5434,HIGH_ACTIVITY: current activity 271.60 is more than 2.0x this grid's within-day baseline of 135.54
1487,2013-11-01 08:00:00,ACTIVITY_SPIKE,195.4957,88.2297,ACTIVITY_SPIKE: current activity 195.50 is more than 2.0x the immediately preceding hour's 88.23
1487,2013-11-01 10:00:00,HIGH_ACTIVITY,308.8201,136.0709,HIGH_ACTIVITY: current activity 308.82 is more than 2.0x this grid's within-day baseline of 136.07
1487,2013-11-01 11:00:00,HIGH_ACTIVITY,422.1051,136.0709,HIGH_ACTIVITY: current activity 422.11 is more than 2.0x this grid's within-day baseline of 136.07
1487,2013-11-01 12:00:00,HIGH_ACTIVITY,291.0267,136.0709,HIGH_ACTIVITY: current activity 291.03 is more than 2.0x this grid's within-day baseline of 136.07
1488,2013-11-01 08:00:00,ACTIVITY_SPIKE,196.5102,89.0251,ACTIVITY_SPIKE: current activity 196.51 is more than 2.0x the immediately preceding hour's 89.03
1488,2013-11-01 10:00:00,HIGH_ACTIVITY,311.1737,139.0102,HIGH_ACTIVITY: current activity 311.17 is more than 2.0x this grid's within-day baseline of 139.01
1488,2013-11-01 11:00:00,HIGH_ACTIVITY,423.8462,139.0102,HIGH_ACTIVITY: current activity 423.85 is more than 2.0x this grid's within-day baseline of 139.01
1488,2013-11-01 12:00:00,HIGH_ACTIVITY,293.314,139.0102,HIGH_ACTIVITY: current activity 293.31 is more than 2.0x this grid's within-day baseline of 139.01
1489,2013-11-01 11:00:00,HIGH_ACTIVITY,407.0928,197.2575,HIGH_ACTIVITY: current activity 407.09 is more than 2.0x this grid's within-day baseline of 197.26
1494,2013-11-01 08:00:00,ACTIVITY_SPIKE,207.6148,102.0051,ACTIVITY_SPIKE: current activity 207.61 is more than 2.0x the immediately preceding hour's 102.01
1495,2013-11-01 08:00:00,ACTIVITY_SPIKE,271.3213,127.2679,ACTIVITY_SPIKE: current activity 271.32 is more than 2.0x the immediately preceding hour's 127.27
1496,2013-11-01 08:00:00,ACTIVITY_SPIKE,271.9171,127.589,ACTIVITY_SPIKE: current activity 271.92 is more than 2.0x the immediately preceding hour's 127.59
1497,2013-11-01 08:00:00,ACTIVITY_SPIKE,271.9171,127.589,ACTIVITY_SPIKE: current activity 271.92 is more than 2.0x the immediately preceding hour's 127.59
1498,2013-11-01 08:00:00,ACTIVITY_SPIKE,250.5811,121.2109,ACTIVITY_SPIKE: current activity 250.58 is more than 2.0x the immediately preceding hour's 121.21
1541,2013-11-01 11:00:00,HIGH_ACTIVITY,262.3349,104.6299,HIGH_ACTIVITY: current activity 262.33 is more than 2.0x this grid's within-day baseline of 104.63
1541,2013-11-01 12:00:00,HIGH_ACTIVITY,233.3469,104.6299,HIGH_ACTIVITY: current activity 233.35 is more than 2.0x this grid's within-day baseline of 104.63
1555,2013-11-01 01:00:00,ACTIVITY_DROP,130.4628,678.7004,ACTIVITY_DROP: current activity 130.46 is below 0.25x this grid's within-day baseline of 678.70
1555,2013-11-01 02:00:00,ACTIVITY_DROP,112.9228,678.7004,ACTIVITY_DROP: current activity 112.92 is below 0.25x this grid's within-day baseline of 678.70
1555,2013-11-01 03:00:00,ACTIVITY_DROP,94.8837,678.7004,ACTIVITY_DROP: current activity 94.88 is below 0.25x this grid's within-day baseline of 678.70
1555,2013-11-01 04:00:00,ACTIVITY_DROP,92.1032,678.7004,ACTIVITY_DROP: current activity 92.10 is below 0.25x this grid's within-day baseline of 678.70
1555,2013-11-01 05:00:00,ACTIVITY_DROP,94.4048,678.7004,ACTIVITY_DROP: current activity 94.40 is below 0.25x this grid's within-day baseline of 678.70
1555,2013-11-01 06:00:00,ACTIVITY_DROP,94.6304,678.7004,ACTIVITY_DROP: current activity 94.63 is below 0.25x this grid's within-day baseline of 678.70
1555,2013-11-01 07:00:00,ACTIVITY_DROP,117.4988,678.7004,ACTIVITY_DROP: current activity 117.50 is below 0.25x this grid's within-day baseline of 678.70
1555,2013-11-01 16:00:00,HIGH_ACTIVITY,1277.303,550.8584,HIGH_ACTIVITY: current activity 1277.30 is more than 2.0x this grid's within-day baseline of 550.86
1555,2013-11-01 17:00:00,HIGH_ACTIVITY,1576.3245,550.8584,HIGH_ACTIVITY: current activity 1576.32 is more than 2.0x this grid's within-day baseline of 550.86
1555,2013-11-01 18:00:00,HIGH_ACTIVITY,1435.9727,550.8584,HIGH_ACTIVITY: current activity 1435.97 is more than 2.0x this grid's within-day baseline of 550.86
1555,2013-11-01 19:00:00,HIGH_ACTIVITY,1149.7004,550.8584,HIGH_ACTIVITY: current activity 1149.70 is more than 2.0x this grid's within-day baseline of 550.86
1556,2013-11-01 01:00:00,ACTIVITY_DROP,75.2392,470.217,ACTIVITY_DROP: current activity 75.24 is below 0.25x this grid's within-day baseline of 470.22
1556,2013-11-01 02:00:00,ACTIVITY_DROP,62.1721,470.217,ACTIVITY_DROP: current activity 62.17 is below 0.25x this grid's within-day baseline of 470.22
1556,2013-11-01 03:00:00,ACTIVITY_DROP,58.4054,470.217,ACTIVITY_DROP: current activity 58.41 is below 0.25x this grid's within-day baseline of 470.22
1556,2013-11-01 04:00:00,ACTIVITY_DROP,57.6436,470.217,ACTIVITY_DROP: current activity 57.64 is below 0.25x this grid's within-day baseline of 470.22
1556,2013-11-01 05:00:00,ACTIVITY_DROP,55.4663,470.217,ACTIVITY_DROP: current activity 55.47 is below 0.25x this grid's within-day baseline of 470.22
1556,2013-11-01 06:00:00,ACTIVITY_DROP,58.0433,470.217,ACTIVITY_DROP: current activity 58.04 is below 0.25x this grid's within-day baseline of 470.22
1556,2013-11-01 07:00:00,ACTIVITY_DROP,69.815,470.217,ACTIVITY_DROP: current activity 69.81 is below 0.25x this grid's within-day baseline of 470.22
1556,2013-11-01 08:00:00,ACTIVITY_DROP,117.4587,470.217,ACTIVITY_DROP: current activity 117.46 is below 0.25x this grid's within-day baseline of 470.22
1556,2013-11-01 17:00:00,HIGH_ACTIVITY,896.4615,401.2519,HIGH_ACTIVITY: current activity 896.46 is more than 2.0x this grid's within-day baseline of 401.25
1556,2013-11-01 18:00:00,HIGH_ACTIVITY,815.3738,401.2519,HIGH_ACTIVITY: current activity 815.37 is more than 2.0x this grid's within-day baseline of 401.25
1557,2013-11-01 01:00:00,ACTIVITY_DROP,68.3292,335.0837,ACTIVITY_DROP: current activity 68.33 is below 0.25x this grid's within-day baseline of 335.08
1557,2013-11-01 02:00:00,ACTIVITY_DROP,56.3335,335.0837,ACTIVITY_DROP: current activity 56.33 is below 0.25x this grid's within-day baseline of 335.08
1557,2013-11-01 03:00:00,ACTIVITY_DROP,56.4817,335.0837,ACTIVITY_DROP: current activity 56.48 is below 0.25x this grid's within-day baseline of 335.08
1557,2013-11-01 04:00:00,ACTIVITY_DROP,56.7098,335.0837,ACTIVITY_DROP: current activity 56.71 is below 0.25x this grid's within-day baseline of 335.08
1557,2013-11-01 05:00:00,ACTIVITY_DROP,53.3611,335.0837,ACTIVITY_DROP: current activity 53.36 is below 0.25x this grid's within-day baseline of 335.08
1557,2013-11-01 06:00:00,ACTIVITY_DROP,55.8827,335.0837,ACTIVITY_DROP: current activity 55.88 is below 0.25x this grid's within-day baseline of 335.08
1557,2013-11-01 07:00:00,ACTIVITY_DROP,65.5287,335.0837,ACTIVITY_DROP: current activity 65.53 is below 0.25x this grid's within-day baseline of 335.08
1558,2013-11-01 01:00:00,ACTIVITY_DROP,68.0989,331.8344,ACTIVITY_DROP: current activity 68.10 is below 0.25x this grid's within-day baseline of 331.83
1558,2013-11-01 02:00:00,ACTIVITY_DROP,55.4121,331.8344,ACTIVITY_DROP: current activity 55.41 is below 0.25x this grid's within-day baseline of 331.83
1558,2013-11-01 03:00:00,ACTIVITY_DROP,56.5128,331.8344,ACTIVITY_DROP: current activity 56.51 is below 0.25x this grid's within-day baseline of 331.83
1558,2013-11-01 04:00:00,ACTIVITY_DROP,56.1807,331.8344,ACTIVITY_DROP: current activity 56.18 is below 0.25x this grid's within-day baseline of 331.83
1558,2013-11-01 05:00:00,ACTIVITY_DROP,53.0311,331.8344,ACTIVITY_DROP: current activity 53.03 is below 0.25x this grid's within-day baseline of 331.83
1558,2013-11-01 06:00:00,ACTIVITY_DROP,55.9138,331.8344,ACTIVITY_DROP: current activity 55.91 is below 0.25x this grid's within-day baseline of 331.83
1558,2013-11-01 07:00:00,ACTIVITY_DROP,65.4073,331.8344,ACTIVITY_DROP: current activity 65.41 is below 0.25x this grid's within-day baseline of 331.83
1559,2013-11-01 01:00:00,ACTIVITY_DROP,63.7314,305.2386,ACTIVITY_DROP: current activity 63.73 is below 0.25x this grid's within-day baseline of 305.24
1559,2013-11-01 02:00:00,ACTIVITY_DROP,51.369,305.2386,ACTIVITY_DROP: current activity 51.37 is below 0.25x this grid's within-day baseline of 305.24
1559,2013-11-01 03:00:00,ACTIVITY_DROP,53.2586,305.2386,ACTIVITY_DROP: current activity 53.26 is below 0.25x this grid's within-day baseline of 305.24
1559,2013-11-01 04:00:00,ACTIVITY_DROP,52.2414,305.2386,ACTIVITY_DROP: current activity 52.24 is below 0.25x this grid's within-day baseline of 305.24
1559,2013-11-01 05:00:00,ACTIVITY_DROP,49.3414,305.2386,ACTIVITY_DROP: current activity 49.34 is below 0.25x this grid's within-day baseline of 305.24
1559,2013-11-01 06:00:00,ACTIVITY_DROP,52.5504,305.2386,ACTIVITY_DROP: current activity 52.55 is below 0.25x this grid's within-day baseline of 305.24
1559,2013-11-01 07:00:00,ACTIVITY_DROP,61.0219,305.2386,ACTIVITY_DROP: current activity 61.02 is below 0.25x this grid's within-day baseline of 305.24
1574,2013-11-01 12:00:00,HIGH_ACTIVITY,190.7087,93.7512,HIGH_ACTIVITY: current activity 190.71 is more than 2.0x this grid's within-day baseline of 93.75
1583,2013-11-01 01:00:00,ACTIVITY_DROP,50.2288,216.4035,ACTIVITY_DROP: current activity 50.23 is below 0.25x this grid's within-day baseline of 216.40
1583,2013-11-01 02:00:00,ACTIVITY_DROP,45.737,216.4035,ACTIVITY_DROP: current activity 45.74 is below 0.25x this grid's within-day baseline of 216.40
1583,2013-11-01 04:00:00,ACTIVITY_DROP,42.8644,216.4035,ACTIVITY_DROP: current activity 42.86 is below 0.25x this grid's within-day baseline of 216.40
1583,2013-11-01 05:00:00,ACTIVITY_DROP,48.2426,216.4035,ACTIVITY_DROP: current activity 48.24 is below 0.25x this grid's within-day baseline of 216.40
1583,2013-11-01 10:00:00,HIGH_ACTIVITY,395.0691,148.3805,HIGH_ACTIVITY: current activity 395.07 is more than 2.0x this grid's within-day baseline of 148.38
1583,2013-11-01 11:00:00,HIGH_ACTIVITY,667.8742,148.3805,HIGH_ACTIVITY: current activity 667.87 is more than 2.0x this grid's within-day baseline of 148.38
1583,2013-11-01 12:00:00,HIGH_ACTIVITY,659.2645,148.3805,HIGH_ACTIVITY: current activity 659.26 is more than 2.0x this grid's within-day baseline of 148.38
1583,2013-11-01 13:00:00,HIGH_ACTIVITY,746.575,148.3805,HIGH_ACTIVITY: current activity 746.58 is more than 2.0x this grid's within-day baseline of 148.38
1583,2013-11-01 14:00:00,HIGH_ACTIVITY,821.8149,148.3805,HIGH_ACTIVITY: current activity 821.81 is more than 2.0x this grid's within-day baseline of 148.38
1583,2013-11-01 15:00:00,HIGH_ACTIVITY,1093.3126,148.3805,HIGH_ACTIVITY: current activity 1093.31 is more than 2.0x this grid's within-day baseline of 148.38
1583,2013-11-01 16:00:00,HIGH_ACTIVITY,1381.3653,148.3805,HIGH_ACTIVITY: current activity 1381.37 is more than 2.0x this grid's within-day baseline of 148.38
1583,2013-11-01 17:00:00,HIGH_ACTIVITY,1395.3138,148.3805,HIGH_ACTIVITY: current activity 1395.31 is more than 2.0x this grid's within-day baseline of 148.38
1583,2013-11-01 18:00:00,HIGH_ACTIVITY,1020.7989,148.3805,HIGH_ACTIVITY: current activity 1020.80 is more than 2.0x this grid's within-day baseline of 148.38
1583,2013-11-01 19:00:00,HIGH_ACTIVITY,641.4112,148.3805,HIGH_ACTIVITY: current activity 641.41 is more than 2.0x this grid's within-day baseline of 148.38
1584,2013-11-01 04:00:00,ACTIVITY_DROP,63.6619,273.104,ACTIVITY_DROP: current activity 63.66 is below 0.25x this grid's within-day baseline of 273.10
1584,2013-11-01 09:00:00,ACTIVITY_SPIKE,273.104,108.2416,ACTIVITY_SPIKE: current activity 273.10 is more than 2.0x the immediately preceding hour's 108.24
1584,2013-11-01 10:00:00,HIGH_ACTIVITY,692.6208,245.8475,HIGH_ACTIVITY: current activity 692.62 is more than 2.0x this grid's within-day baseline of 245.85
1584,2013-11-01 10:00:00,ACTIVITY_SPIKE,692.6208,273.104,ACTIVITY_SPIKE: current activity 692.62 is more than 2.0x the immediately preceding hour's 273.10
1584,2013-11-01 11:00:00,HIGH_ACTIVITY,1158.5052,245.8475,HIGH_ACTIVITY: current activity 1158.51 is more than 2.0x this grid's within-day baseline of 245.85
1584,2013-11-01 12:00:00,HIGH_ACTIVITY,1167.0884,245.8475,HIGH_ACTIVITY: current activity 1167.09 is more than 2.0x this grid's within-day baseline of 245.85
1584,2013-11-01 13:00:00,HIGH_ACTIVITY,1337.6393,245.8475,HIGH_ACTIVITY: current activity 1337.64 is more than 2.0x this grid's within-day baseline of 245.85
1584,2013-11-01 14:00:00,HIGH_ACTIVITY,1407.9796,245.8475,HIGH_ACTIVITY: current activity 1407.98 is more than 2.0x this grid's within-day baseline of 245.85
1584,2013-11-01 15:00:00,HIGH_ACTIVITY,1970.3022,245.8475,HIGH_ACTIVITY: current activity 1970.30 is more than 2.0x this grid's within-day baseline of 245.85
1584,2013-11-01 16:00:00,HIGH_ACTIVITY,2475.2188,245.8475,HIGH_ACTIVITY: current activity 2475.22 is more than 2.0x this grid's within-day baseline of 245.85
1584,2013-11-01 17:00:00,HIGH_ACTIVITY,2473.835,245.8475,HIGH_ACTIVITY: current activity 2473.84 is more than 2.0x this grid's within-day baseline of 245.85
1584,2013-11-01 18:00:00,HIGH_ACTIVITY,1808.5236,245.8475,HIGH_ACTIVITY: current activity 1808.52 is more than 2.0x this grid's within-day baseline of 245.85
1584,2013-11-01 19:00:00,HIGH_ACTIVITY,1120.0504,245.8475,HIGH_ACTIVITY: current activity 1120.05 is more than 2.0x this grid's within-day baseline of 245.85
1585,2013-11-01 10:00:00,HIGH_ACTIVITY,507.0591,181.1605,HIGH_ACTIVITY: current activity 507.06 is more than 2.0x this grid's within-day baseline of 181.16
1585,2013-11-01 10:00:00,ACTIVITY_SPIKE,507.0591,216.4306,ACTIVITY_SPIKE: current activity 507.06 is more than 2.0x the immediately preceding hour's 216.43
1585,2013-11-01 11:00:00,HIGH_ACTIVITY,794.5133,181.1605,HIGH_ACTIVITY: current activity 794.51 is more than 2.0x this grid's within-day baseline of 181.16
1585,2013-11-01 12:00:00,HIGH_ACTIVITY,734.8677,181.1605,HIGH_ACTIVITY: current activity 734.87 is more than 2.0x this grid's within-day baseline of 181.16
1585,2013-11-01 13:00:00,HIGH_ACTIVITY,733.3684,181.1605,HIGH_ACTIVITY: current activity 733.37 is more than 2.0x this grid's within-day baseline of 181.16
1585,2013-11-01 14:00:00,HIGH_ACTIVITY,798.7009,181.1605,HIGH_ACTIVITY: current activity 798.70 is more than 2.0x this grid's within-day baseline of 181.16
1585,2013-11-01 15:00:00,HIGH_ACTIVITY,1077.3699,181.1605,HIGH_ACTIVITY: current activity 1077.37 is more than 2.0x this grid's within-day baseline of 181.16
1585,2013-11-01 16:00:00,HIGH_ACTIVITY,1312.1117,181.1605,HIGH_ACTIVITY: current activity 1312.11 is more than 2.0x this grid's within-day baseline of 181.16
1585,2013-11-01 17:00:00,HIGH_ACTIVITY,1333.7678,181.1605,HIGH_ACTIVITY: current activity 1333.77 is more than 2.0x this grid's within-day baseline of 181.16
1585,2013-11-01 18:00:00,HIGH_ACTIVITY,1003.9505,181.1605,HIGH_ACTIVITY: current activity 1003.95 is more than 2.0x this grid's within-day baseline of 181.16
1585,2013-11-01 19:00:00,HIGH_ACTIVITY,606.1292,181.1605,HIGH_ACTIVITY: current activity 606.13 is more than 2.0x this grid's within-day baseline of 181.16
1586,2013-11-01 08:00:00,ACTIVITY_SPIKE,189.0295,84.0991,ACTIVITY_SPIKE: current activity 189.03 is more than 2.0x the immediately preceding hour's 84.10
1586,2013-11-01 10:00:00,HIGH_ACTIVITY,385.3503,181.4084,HIGH_ACTIVITY: current activity 385.35 is more than 2.0x this grid's within-day baseline of 181.41
1586,2013-11-01 10:00:00,ACTIVITY_SPIKE,385.3503,181.4084,ACTIVITY_SPIKE: current activity 385.35 is more than 2.0x the immediately preceding hour's 181.41
1586,2013-11-01 11:00:00,HIGH_ACTIVITY,559.9569,181.4084,HIGH_ACTIVITY: current activity 559.96 is more than 2.0x this grid's within-day baseline of 181.41
1586,2013-11-01 12:00:00,HIGH_ACTIVITY,462.7015,181.4084,HIGH_ACTIVITY: current activity 462.70 is more than 2.0x this grid's within-day baseline of 181.41
1586,2013-11-01 13:00:00,HIGH_ACTIVITY,367.7802,181.4084,HIGH_ACTIVITY: current activity 367.78 is more than 2.0x this grid's within-day baseline of 181.41
1586,2013-11-01 14:00:00,HIGH_ACTIVITY,420.9011,181.4084,HIGH_ACTIVITY: current activity 420.90 is more than 2.0x this grid's within-day baseline of 181.41
1586,2013-11-01 15:00:00,HIGH_ACTIVITY,530.5926,181.4084,HIGH_ACTIVITY: current activity 530.59 is more than 2.0x this grid's within-day baseline of 181.41
1586,2013-11-01 16:00:00,HIGH_ACTIVITY,611.0273,181.4084,HIGH_ACTIVITY: current activity 611.03 is more than 2.0x this grid's within-day baseline of 181.41
1586,2013-11-01 17:00:00,HIGH_ACTIVITY,646.3214,181.4084,HIGH_ACTIVITY: current activity 646.32 is more than 2.0x this grid's within-day baseline of 181.41
1586,2013-11-01 18:00:00,HIGH_ACTIVITY,512.6194,181.4084,HIGH_ACTIVITY: current activity 512.62 is more than 2.0x this grid's within-day baseline of 181.41
1587,2013-11-01 08:00:00,ACTIVITY_SPIKE,192.3342,86.1953,ACTIVITY_SPIKE: current activity 192.33 is more than 2.0x the immediately preceding hour's 86.20
1587,2013-11-01 10:00:00,HIGH_ACTIVITY,359.2878,171.2572,HIGH_ACTIVITY: current activity 359.29 is more than 2.0x this grid's within-day baseline of 171.26
1587,2013-11-01 10:00:00,ACTIVITY_SPIKE,359.2878,177.4164,ACTIVITY_SPIKE: current activity 359.29 is more than 2.0x the immediately preceding hour's 177.42
1587,2013-11-01 11:00:00,HIGH_ACTIVITY,512.3135,171.2572,HIGH_ACTIVITY: current activity 512.31 is more than 2.0x this grid's within-day baseline of 171.26
1587,2013-11-01 12:00:00,HIGH_ACTIVITY,403.5549,171.2572,HIGH_ACTIVITY: current activity 403.55 is more than 2.0x this grid's within-day baseline of 171.26
1587,2013-11-01 15:00:00,HIGH_ACTIVITY,411.9013,171.2572,HIGH_ACTIVITY: current activity 411.90 is more than 2.0x this grid's within-day baseline of 171.26
1587,2013-11-01 16:00:00,HIGH_ACTIVITY,470.0664,171.2572,HIGH_ACTIVITY: current activity 470.07 is more than 2.0x this grid's within-day baseline of 171.26
1587,2013-11-01 17:00:00,HIGH_ACTIVITY,514.2225,171.2572,HIGH_ACTIVITY: current activity 514.22 is more than 2.0x this grid's within-day baseline of 171.26
1587,2013-11-01 18:00:00,HIGH_ACTIVITY,412.538,171.2572,HIGH_ACTIVITY: current activity 412.54 is more than 2.0x this grid's within-day baseline of 171.26
1588,2013-11-01 11:00:00,HIGH_ACTIVITY,480.9379,229.6281,HIGH_ACTIVITY: current activity 480.94 is more than 2.0x this grid's within-day baseline of 229.63
1595,2013-11-01 08:00:00,ACTIVITY_SPIKE,269.1317,126.0889,ACTIVITY_SPIKE: current activity 269.13 is more than 2.0x the immediately preceding hour's 126.09
1596,2013-11-01 08:00:00,ACTIVITY_SPIKE,271.9171,127.589,ACTIVITY_SPIKE: current activity 271.92 is more than 2.0x the immediately preceding hour's 127.59
1597,2013-11-01 08:00:00,ACTIVITY_SPIKE,271.4008,127.4194,ACTIVITY_SPIKE: current activity 271.40 is more than 2.0x the immediately preceding hour's 127.42
1641,2013-11-01 10:00:00,HIGH_ACTIVITY,561.7454,263.3222,HIGH_ACTIVITY: current activity 561.75 is more than 2.0x this grid's within-day baseline of 263.32
1641,2013-11-01 11:00:00,HIGH_ACTIVITY,840.1429,263.3222,HIGH_ACTIVITY: current activity 840.14 is more than 2.0x this grid's within-day baseline of 263.32
1641,2013-11-01 12:00:00,HIGH_ACTIVITY,623.6382,263.3222,HIGH_ACTIVITY: current activity 623.64 is more than 2.0x this grid's within-day baseline of 263.32
1641,2013-11-01 15:00:00,HIGH_ACTIVITY,537.1971,263.3222,HIGH_ACTIVITY: current activity 537.20 is more than 2.0x this grid's within-day baseline of 263.32
1641,2013-11-01 17:00:00,HIGH_ACTIVITY,535.0048,263.3222,HIGH_ACTIVITY: current activity 535.00 is more than 2.0x this grid's within-day baseline of 263.32
1641,2013-11-01 18:00:00,HIGH_ACTIVITY,548.4705,263.3222,HIGH_ACTIVITY: current activity 548.47 is more than 2.0x this grid's within-day baseline of 263.32
1642,2013-11-01 10:00:00,HIGH_ACTIVITY,158.2816,78.108,HIGH_ACTIVITY: current activity 158.28 is more than 2.0x this grid's within-day baseline of 78.11
1642,2013-11-01 11:00:00,HIGH_ACTIVITY,205.5145,78.108,HIGH_ACTIVITY: current activity 205.51 is more than 2.0x this grid's within-day baseline of 78.11
1642,2013-11-01 12:00:00,HIGH_ACTIVITY,194.1436,78.108,HIGH_ACTIVITY: current activity 194.14 is more than 2.0x this grid's within-day baseline of 78.11
1642,2013-11-01 15:00:00,HIGH_ACTIVITY,168.8932,78.108,HIGH_ACTIVITY: current activity 168.89 is more than 2.0x this grid's within-day baseline of 78.11
1646,2013-11-01 18:00:00,HIGH_ACTIVITY,641.5263,279.4993,HIGH_ACTIVITY: current activity 641.53 is more than 2.0x this grid's within-day baseline of 279.50
1647,2013-11-01 18:00:00,HIGH_ACTIVITY,789.2785,310.2395,HIGH_ACTIVITY: current activity 789.28 is more than 2.0x this grid's within-day baseline of 310.24
1649,2013-11-01 17:00:00,HIGH_ACTIVITY,673.1702,318.3944,HIGH_ACTIVITY: current activity 673.17 is more than 2.0x this grid's within-day baseline of 318.39
1654,2013-11-01 01:00:00,ACTIVITY_DROP,151.1264,826.2044,ACTIVITY_DROP: current activity 151.13 is below 0.25x this grid's within-day baseline of 826.20
1654,2013-11-01 02:00:00,ACTIVITY_DROP,135.5911,826.2044,ACTIVITY_DROP: current activity 135.59 is below 0.25x this grid's within-day baseline of 826.20
1654,2013-11-01 03:00:00,ACTIVITY_DROP,139.0631,826.2044,ACTIVITY_DROP: current activity 139.06 is below 0.25x this grid's within-day baseline of 826.20
1654,2013-11-01 04:00:00,ACTIVITY_DROP,136.6883,826.2044,ACTIVITY_DROP: current activity 136.69 is below 0.25x this grid's within-day baseline of 826.20
1654,2013-11-01 05:00:00,ACTIVITY_DROP,141.9474,826.2044,ACTIVITY_DROP: current activity 141.95 is below 0.25x this grid's within-day baseline of 826.20
1654,2013-11-01 06:00:00,ACTIVITY_DROP,149.6722,826.2044,ACTIVITY_DROP: current activity 149.67 is below 0.25x this grid's within-day baseline of 826.20
1654,2013-11-01 07:00:00,ACTIVITY_DROP,159.8088,826.2044,ACTIVITY_DROP: current activity 159.81 is below 0.25x this grid's within-day baseline of 826.20
1654,2013-11-01 16:00:00,HIGH_ACTIVITY,1442.8074,635.3208,HIGH_ACTIVITY: current activity 1442.81 is more than 2.0x this grid's within-day baseline of 635.32
1654,2013-11-01 17:00:00,HIGH_ACTIVITY,1761.8083,635.3208,HIGH_ACTIVITY: current activity 1761.81 is more than 2.0x this grid's within-day baseline of 635.32
1654,2013-11-01 18:00:00,HIGH_ACTIVITY,1573.0753,635.3208,HIGH_ACTIVITY: current activity 1573.08 is more than 2.0x this grid's within-day baseline of 635.32
1654,2013-11-01 19:00:00,HIGH_ACTIVITY,1290.2846,635.3208,HIGH_ACTIVITY: current activity 1290.28 is more than 2.0x this grid's within-day baseline of 635.32
1655,2013-11-01 01:00:00,ACTIVITY_DROP,105.2488,847.759,ACTIVITY_DROP: current activity 105.25 is below 0.25x this grid's within-day baseline of 847.76
1655,2013-11-01 02:00:00,ACTIVITY_DROP,87.3835,847.759,ACTIVITY_DROP: current activity 87.38 is below 0.25x this grid's within-day baseline of 847.76
1655,2013-11-01 03:00:00,ACTIVITY_DROP,66.782,847.759,ACTIVITY_DROP: current activity 66.78 is below 0.25x this grid's within-day baseline of 847.76
1655,2013-11-01 04:00:00,ACTIVITY_DROP,61.6039,847.759,ACTIVITY_DROP: current activity 61.60 is below 0.25x this grid's within-day baseline of 847.76
1655,2013-11-01 05:00:00,ACTIVITY_DROP,64.5588,847.759,ACTIVITY_DROP: current activity 64.56 is below 0.25x this grid's within-day baseline of 847.76
1655,2013-11-01 06:00:00,ACTIVITY_DROP,67.45,847.759,ACTIVITY_DROP: current activity 67.45 is below 0.25x this grid's within-day baseline of 847.76
1655,2013-11-01 07:00:00,ACTIVITY_DROP,88.444,847.759,ACTIVITY_DROP: current activity 88.44 is below 0.25x this grid's within-day baseline of 847.76
1655,2013-11-01 08:00:00,ACTIVITY_SPIKE,243.1032,88.444,ACTIVITY_SPIKE: current activity 243.10 is more than 2.0x the immediately preceding hour's 88.44
1655,2013-11-01 10:00:00,ACTIVITY_SPIKE,710.4379,329.9394,ACTIVITY_SPIKE: current activity 710.44 is more than 2.0x the immediately preceding hour's 329.94
1655,2013-11-01 15:00:00,HIGH_ACTIVITY,1590.4581,710.4379,HIGH_ACTIVITY: current activity 1590.46 is more than 2.0x this grid's within-day baseline of 710.44
1655,2013-11-01 16:00:00,HIGH_ACTIVITY,1886.6428,710.4379,HIGH_ACTIVITY: current activity 1886.64 is more than 2.0x this grid's within-day baseline of 710.44
1655,2013-11-01 17:00:00,HIGH_ACTIVITY,2349.0025,710.4379,HIGH_ACTIVITY: current activity 2349.00 is more than 2.0x this grid's within-day baseline of 710.44
1655,2013-11-01 18:00:00,HIGH_ACTIVITY,2119.2484,710.4379,HIGH_ACTIVITY: current activity 2119.25 is more than 2.0x this grid's within-day baseline of 710.44
1655,2013-11-01 19:00:00,HIGH_ACTIVITY,1670.4955,710.4379,HIGH_ACTIVITY: current activity 1670.50 is more than 2.0x this grid's within-day baseline of 710.44
1656,2013-11-01 01:00:00,ACTIVITY_DROP,102.4507,818.2827,ACTIVITY_DROP: current activity 102.45 is below 0.25x this grid's within-day baseline of 818.28
1656,2013-11-01 02:00:00,ACTIVITY_DROP,84.9211,818.2827,ACTIVITY_DROP: current activity 84.92 is below 0.25x this grid's within-day baseline of 818.28
1656,2013-11-01 03:00:00,ACTIVITY_DROP,66.0109,818.2827,ACTIVITY_DROP: current activity 66.01 is below 0.25x this grid's within-day baseline of 818.28
1656,2013-11-01 04:00:00,ACTIVITY_DROP,61.1508,818.2827,ACTIVITY_DROP: current activity 61.15 is below 0.25x this grid's within-day baseline of 818.28
1656,2013-11-01 05:00:00,ACTIVITY_DROP,63.6687,818.2827,ACTIVITY_DROP: current activity 63.67 is below 0.25x this grid's within-day baseline of 818.28
1656,2013-11-01 06:00:00,ACTIVITY_DROP,66.5841,818.2827,ACTIVITY_DROP: current activity 66.58 is below 0.25x this grid's within-day baseline of 818.28
1656,2013-11-01 07:00:00,ACTIVITY_DROP,86.6937,818.2827,ACTIVITY_DROP: current activity 86.69 is below 0.25x this grid's within-day baseline of 818.28
1656,2013-11-01 08:00:00,ACTIVITY_SPIKE,231.4656,86.6937,ACTIVITY_SPIKE: current activity 231.47 is more than 2.0x the immediately preceding hour's 86.69
1656,2013-11-01 10:00:00,ACTIVITY_SPIKE,674.7703,317.1927,ACTIVITY_SPIKE: current activity 674.77 is more than 2.0x the immediately preceding hour's 317.19
1656,2013-11-01 15:00:00,HIGH_ACTIVITY,1499.2465,674.7703,HIGH_ACTIVITY: current activity 1499.25 is more than 2.0x this grid's within-day baseline of 674.77
1656,2013-11-01 16:00:00,HIGH_ACTIVITY,1785.0543,674.7703,HIGH_ACTIVITY: current activity 1785.05 is more than 2.0x this grid's within-day baseline of 674.77
1656,2013-11-01 17:00:00,HIGH_ACTIVITY,2213.5675,674.7703,HIGH_ACTIVITY: current activity 2213.57 is more than 2.0x this grid's within-day baseline of 674.77
1656,2013-11-01 18:00:00,HIGH_ACTIVITY,1997.659,674.7703,HIGH_ACTIVITY: current activity 1997.66 is more than 2.0x this grid's within-day baseline of 674.77
1656,2013-11-01 19:00:00,HIGH_ACTIVITY,1577.2606,674.7703,HIGH_ACTIVITY: current activity 1577.26 is more than 2.0x this grid's within-day baseline of 674.77
1657,2013-11-01 01:00:00,ACTIVITY_DROP,77.2081,518.1958,ACTIVITY_DROP: current activity 77.21 is below 0.25x this grid's within-day baseline of 518.20
1657,2013-11-01 02:00:00,ACTIVITY_DROP,63.8365,518.1958,ACTIVITY_DROP: current activity 63.84 is below 0.25x this grid's within-day baseline of 518.20
1657,2013-11-01 03:00:00,ACTIVITY_DROP,58.954,518.1958,ACTIVITY_DROP: current activity 58.95 is below 0.25x this grid's within-day baseline of 518.20
1657,2013-11-01 04:00:00,ACTIVITY_DROP,57.9113,518.1958,ACTIVITY_DROP: current activity 57.91 is below 0.25x this grid's within-day baseline of 518.20
1657,2013-11-01 05:00:00,ACTIVITY_DROP,56.0667,518.1958,ACTIVITY_DROP: current activity 56.07 is below 0.25x this grid's within-day baseline of 518.20
1657,2013-11-01 06:00:00,ACTIVITY_DROP,58.6594,518.1958,ACTIVITY_DROP: current activity 58.66 is below 0.25x this grid's within-day baseline of 518.20
1657,2013-11-01 07:00:00,ACTIVITY_DROP,71.0384,518.1958,ACTIVITY_DROP: current activity 71.04 is below 0.25x this grid's within-day baseline of 518.20
1657,2013-11-01 08:00:00,ACTIVITY_DROP,125.695,518.1958,ACTIVITY_DROP: current activity 125.69 is below 0.25x this grid's within-day baseline of 518.20
1657,2013-11-01 16:00:00,HIGH_ACTIVITY,866.6384,415.0956,HIGH_ACTIVITY: current activity 866.64 is more than 2.0x this grid's within-day baseline of 415.10
1657,2013-11-01 17:00:00,HIGH_ACTIVITY,991.7618,415.0956,HIGH_ACTIVITY: current activity 991.76 is more than 2.0x this grid's within-day baseline of 415.10
1657,2013-11-01 18:00:00,HIGH_ACTIVITY,900.9217,415.0956,HIGH_ACTIVITY: current activity 900.92 is more than 2.0x this grid's within-day baseline of 415.10
1658,2013-11-01 01:00:00,ACTIVITY_DROP,68.2428,333.8645,ACTIVITY_DROP: current activity 68.24 is below 0.25x this grid's within-day baseline of 333.86
1658,2013-11-01 02:00:00,ACTIVITY_DROP,55.9878,333.8645,ACTIVITY_DROP: current activity 55.99 is below 0.25x this grid's within-day baseline of 333.86
1658,2013-11-01 03:00:00,ACTIVITY_DROP,56.4934,333.8645,ACTIVITY_DROP: current activity 56.49 is below 0.25x this grid's within-day baseline of 333.86
1658,2013-11-01 04:00:00,ACTIVITY_DROP,56.5114,333.8645,ACTIVITY_DROP: current activity 56.51 is below 0.25x this grid's within-day baseline of 333.86
1658,2013-11-01 05:00:00,ACTIVITY_DROP,53.2373,333.8645,ACTIVITY_DROP: current activity 53.24 is below 0.25x this grid's within-day baseline of 333.86
1658,2013-11-01 06:00:00,ACTIVITY_DROP,55.8944,333.8645,ACTIVITY_DROP: current activity 55.89 is below 0.25x this grid's within-day baseline of 333.86
1658,2013-11-01 07:00:00,ACTIVITY_DROP,65.4833,333.8645,ACTIVITY_DROP: current activity 65.48 is below 0.25x this grid's within-day baseline of 333.86
1659,2013-11-01 01:00:00,ACTIVITY_DROP,59.3133,282.8378,ACTIVITY_DROP: current activity 59.31 is below 0.25x this grid's within-day baseline of 282.84
1659,2013-11-01 02:00:00,ACTIVITY_DROP,48.4045,282.8378,ACTIVITY_DROP: current activity 48.40 is below 0.25x this grid's within-day baseline of 282.84
1659,2013-11-01 03:00:00,ACTIVITY_DROP,50.1911,282.8378,ACTIVITY_DROP: current activity 50.19 is below 0.25x this grid's within-day baseline of 282.84
1659,2013-11-01 04:00:00,ACTIVITY_DROP,48.8561,282.8378,ACTIVITY_DROP: current activity 48.86 is below 0.25x this grid's within-day baseline of 282.84
1659,2013-11-01 05:00:00,ACTIVITY_DROP,45.9086,282.8378,ACTIVITY_DROP: current activity 45.91 is below 0.25x this grid's within-day baseline of 282.84
1659,2013-11-01 06:00:00,ACTIVITY_DROP,49.1712,282.8378,ACTIVITY_DROP: current activity 49.17 is below 0.25x this grid's within-day baseline of 282.84
1659,2013-11-01 07:00:00,ACTIVITY_DROP,56.2907,282.8378,ACTIVITY_DROP: current activity 56.29 is below 0.25x this grid's within-day baseline of 282.84
1680,2013-11-01 11:00:00,HIGH_ACTIVITY,165.8052,78.0999,HIGH_ACTIVITY: current activity 165.81 is more than 2.0x this grid's within-day baseline of 78.10
1683,2013-11-01 00:00:00,ACTIVITY_DROP,56.7992,227.7596,ACTIVITY_DROP: current activity 56.80 is below 0.25x this grid's within-day baseline of 227.76
1683,2013-11-01 01:00:00,ACTIVITY_DROP,50.6772,227.7596,ACTIVITY_DROP: current activity 50.68 is below 0.25x this grid's within-day baseline of 227.76
1683,2013-11-01 02:00:00,ACTIVITY_DROP,46.0418,227.7596,ACTIVITY_DROP: current activity 46.04 is below 0.25x this grid's within-day baseline of 227.76
1683,2013-11-01 04:00:00,ACTIVITY_DROP,43.1685,227.7596,ACTIVITY_DROP: current activity 43.17 is below 0.25x this grid's within-day baseline of 227.76
1683,2013-11-01 05:00:00,ACTIVITY_DROP,48.9169,227.7596,ACTIVITY_DROP: current activity 48.92 is below 0.25x this grid's within-day baseline of 227.76
1683,2013-11-01 10:00:00,HIGH_ACTIVITY,411.0269,152.431,HIGH_ACTIVITY: current activity 411.03 is more than 2.0x this grid's within-day baseline of 152.43
1683,2013-11-01 11:00:00,HIGH_ACTIVITY,695.1691,152.431,HIGH_ACTIVITY: current activity 695.17 is more than 2.0x this grid's within-day baseline of 152.43
1683,2013-11-01 12:00:00,HIGH_ACTIVITY,686.8343,152.431,HIGH_ACTIVITY: current activity 686.83 is more than 2.0x this grid's within-day baseline of 152.43
1683,2013-11-01 13:00:00,HIGH_ACTIVITY,774.4732,152.431,HIGH_ACTIVITY: current activity 774.47 is more than 2.0x this grid's within-day baseline of 152.43
1683,2013-11-01 14:00:00,HIGH_ACTIVITY,860.2935,152.431,HIGH_ACTIVITY: current activity 860.29 is more than 2.0x this grid's within-day baseline of 152.43
1683,2013-11-01 15:00:00,HIGH_ACTIVITY,1136.8889,152.431,HIGH_ACTIVITY: current activity 1136.89 is more than 2.0x this grid's within-day baseline of 152.43
1683,2013-11-01 16:00:00,HIGH_ACTIVITY,1432.8275,152.431,HIGH_ACTIVITY: current activity 1432.83 is more than 2.0x this grid's within-day baseline of 152.43
1683,2013-11-01 17:00:00,HIGH_ACTIVITY,1448.1233,152.431,HIGH_ACTIVITY: current activity 1448.12 is more than 2.0x this grid's within-day baseline of 152.43
1683,2013-11-01 18:00:00,HIGH_ACTIVITY,1060.8406,152.431,HIGH_ACTIVITY: current activity 1060.84 is more than 2.0x this grid's within-day baseline of 152.43
1683,2013-11-01 19:00:00,HIGH_ACTIVITY,662.8432,152.431,HIGH_ACTIVITY: current activity 662.84 is more than 2.0x this grid's within-day baseline of 152.43
1684,2013-11-01 04:00:00,ACTIVITY_DROP,66.4892,289.6982,ACTIVITY_DROP: current activity 66.49 is below 0.25x this grid's within-day baseline of 289.70
1684,2013-11-01 09:00:00,ACTIVITY_SPIKE,289.6982,112.4524,ACTIVITY_SPIKE: current activity 289.70 is more than 2.0x the immediately preceding hour's 112.45
1684,2013-11-01 10:00:00,HIGH_ACTIVITY,732.4547,258.0465,HIGH_ACTIVITY: current activity 732.45 is more than 2.0x this grid's within-day baseline of 258.05
1684,2013-11-01 10:00:00,ACTIVITY_SPIKE,732.4547,289.6982,ACTIVITY_SPIKE: current activity 732.45 is more than 2.0x the immediately preceding hour's 289.70
1684,2013-11-01 11:00:00,HIGH_ACTIVITY,1223.9573,258.0465,HIGH_ACTIVITY: current activity 1223.96 is more than 2.0x this grid's within-day baseline of 258.05
1684,2013-11-01 12:00:00,HIGH_ACTIVITY,1226.998,258.0465,HIGH_ACTIVITY: current activity 1227.00 is more than 2.0x this grid's within-day baseline of 258.05
1684,2013-11-01 13:00:00,HIGH_ACTIVITY,1403.5242,258.0465,HIGH_ACTIVITY: current activity 1403.52 is more than 2.0x this grid's within-day baseline of 258.05
1684,2013-11-01 14:00:00,HIGH_ACTIVITY,1477.7155,258.0465,HIGH_ACTIVITY: current activity 1477.72 is more than 2.0x this grid's within-day baseline of 258.05
1684,2013-11-01 15:00:00,HIGH_ACTIVITY,2065.7634,258.0465,HIGH_ACTIVITY: current activity 2065.76 is more than 2.0x this grid's within-day baseline of 258.05
1684,2013-11-01 16:00:00,HIGH_ACTIVITY,2591.8317,258.0465,HIGH_ACTIVITY: current activity 2591.83 is more than 2.0x this grid's within-day baseline of 258.05
1684,2013-11-01 17:00:00,HIGH_ACTIVITY,2591.8009,258.0465,HIGH_ACTIVITY: current activity 2591.80 is more than 2.0x this grid's within-day baseline of 258.05
1684,2013-11-01 18:00:00,HIGH_ACTIVITY,1899.0063,258.0465,HIGH_ACTIVITY: current activity 1899.01 is more than 2.0x this grid's within-day baseline of 258.05
1684,2013-11-01 19:00:00,HIGH_ACTIVITY,1177.4522,258.0465,HIGH_ACTIVITY: current activity 1177.45 is more than 2.0x this grid's within-day baseline of 258.05
1685,2013-11-01 10:00:00,HIGH_ACTIVITY,522.1913,182.7943,HIGH_ACTIVITY: current activity 522.19 is more than 2.0x this grid's within-day baseline of 182.79
1685,2013-11-01 10:00:00,ACTIVITY_SPIKE,522.1913,228.1942,ACTIVITY_SPIKE: current activity 522.19 is more than 2.0x the immediately preceding hour's 228.19
1685,2013-11-01 11:00:00,HIGH_ACTIVITY,805.9062,182.7943,HIGH_ACTIVITY: current activity 805.91 is more than 2.0x this grid's within-day baseline of 182.79
1685,2013-11-01 12:00:00,HIGH_ACTIVITY,737.9938,182.7943,HIGH_ACTIVITY: current activity 737.99 is more than 2.0x this grid's within-day baseline of 182.79
1685,2013-11-01 13:00:00,HIGH_ACTIVITY,744.365,182.7943,HIGH_ACTIVITY: current activity 744.37 is more than 2.0x this grid's within-day baseline of 182.79
1685,2013-11-01 14:00:00,HIGH_ACTIVITY,815.5957,182.7943,HIGH_ACTIVITY: current activity 815.60 is more than 2.0x this grid's within-day baseline of 182.79
1685,2013-11-01 15:00:00,HIGH_ACTIVITY,1094.6993,182.7943,HIGH_ACTIVITY: current activity 1094.70 is more than 2.0x this grid's within-day baseline of 182.79
1685,2013-11-01 16:00:00,HIGH_ACTIVITY,1335.7712,182.7943,HIGH_ACTIVITY: current activity 1335.77 is more than 2.0x this grid's within-day baseline of 182.79
1685,2013-11-01 17:00:00,HIGH_ACTIVITY,1350.1119,182.7943,HIGH_ACTIVITY: current activity 1350.11 is more than 2.0x this grid's within-day baseline of 182.79
1685,2013-11-01 18:00:00,HIGH_ACTIVITY,1023.4556,182.7943,HIGH_ACTIVITY: current activity 1023.46 is more than 2.0x this grid's within-day baseline of 182.79
1685,2013-11-01 19:00:00,HIGH_ACTIVITY,619.3183,182.7943,HIGH_ACTIVITY: current activity 619.32 is more than 2.0x this grid's within-day baseline of 182.79
1686,2013-11-01 08:00:00,ACTIVITY_SPIKE,188.0873,83.4937,ACTIVITY_SPIKE: current activity 188.09 is more than 2.0x the immediately preceding hour's 83.49
1686,2013-11-01 10:00:00,HIGH_ACTIVITY,399.6777,184.2715,HIGH_ACTIVITY: current activity 399.68 is more than 2.0x this grid's within-day baseline of 184.27
1686,2013-11-01 10:00:00,ACTIVITY_SPIKE,399.6777,184.2715,ACTIVITY_SPIKE: current activity 399.68 is more than 2.0x the immediately preceding hour's 184.27
1686,2013-11-01 11:00:00,HIGH_ACTIVITY,585.595,184.2715,HIGH_ACTIVITY: current activity 585.60 is more than 2.0x this grid's within-day baseline of 184.27
1686,2013-11-01 12:00:00,HIGH_ACTIVITY,494.6749,184.2715,HIGH_ACTIVITY: current activity 494.67 is more than 2.0x this grid's within-day baseline of 184.27
1686,2013-11-01 13:00:00,HIGH_ACTIVITY,405.9835,184.2715,HIGH_ACTIVITY: current activity 405.98 is more than 2.0x this grid's within-day baseline of 184.27
1686,2013-11-01 14:00:00,HIGH_ACTIVITY,468.0654,184.2715,HIGH_ACTIVITY: current activity 468.07 is more than 2.0x this grid's within-day baseline of 184.27
1686,2013-11-01 15:00:00,HIGH_ACTIVITY,593.8644,184.2715,HIGH_ACTIVITY: current activity 593.86 is more than 2.0x this grid's within-day baseline of 184.27
1686,2013-11-01 16:00:00,HIGH_ACTIVITY,686.2249,184.2715,HIGH_ACTIVITY: current activity 686.22 is more than 2.0x this grid's within-day baseline of 184.27
1686,2013-11-01 17:00:00,HIGH_ACTIVITY,716.5413,184.2715,HIGH_ACTIVITY: current activity 716.54 is more than 2.0x this grid's within-day baseline of 184.27
1686,2013-11-01 18:00:00,HIGH_ACTIVITY,565.7519,184.2715,HIGH_ACTIVITY: current activity 565.75 is more than 2.0x this grid's within-day baseline of 184.27
1687,2013-11-01 08:00:00,ACTIVITY_SPIKE,204.5441,101.0886,ACTIVITY_SPIKE: current activity 204.54 is more than 2.0x the immediately preceding hour's 101.09
1687,2013-11-01 11:00:00,HIGH_ACTIVITY,557.6512,204.5441,HIGH_ACTIVITY: current activity 557.65 is more than 2.0x this grid's within-day baseline of 204.54
1687,2013-11-01 12:00:00,HIGH_ACTIVITY,485.2511,204.5441,HIGH_ACTIVITY: current activity 485.25 is more than 2.0x this grid's within-day baseline of 204.54
1687,2013-11-01 14:00:00,HIGH_ACTIVITY,460.1388,204.5441,HIGH_ACTIVITY: current activity 460.14 is more than 2.0x this grid's within-day baseline of 204.54
1687,2013-11-01 15:00:00,HIGH_ACTIVITY,572.8483,204.5441,HIGH_ACTIVITY: current activity 572.85 is more than 2.0x this grid's within-day baseline of 204.54
1687,2013-11-01 16:00:00,HIGH_ACTIVITY,651.0544,204.5441,HIGH_ACTIVITY: current activity 651.05 is more than 2.0x this grid's within-day baseline of 204.54
1687,2013-11-01 17:00:00,HIGH_ACTIVITY,684.2545,204.5441,HIGH_ACTIVITY: current activity 684.25 is more than 2.0x this grid's within-day baseline of 204.54
1687,2013-11-01 18:00:00,HIGH_ACTIVITY,555.8967,204.5441,HIGH_ACTIVITY: current activity 555.90 is more than 2.0x this grid's within-day baseline of 204.54
1736,2013-11-01 12:00:00,HIGH_ACTIVITY,159.4128,78.9373,HIGH_ACTIVITY: current activity 159.41 is more than 2.0x this grid's within-day baseline of 78.94
1741,2013-11-01 10:00:00,HIGH_ACTIVITY,402.4066,187.1738,HIGH_ACTIVITY: current activity 402.41 is more than 2.0x this grid's within-day baseline of 187.17
1741,2013-11-01 11:00:00,HIGH_ACTIVITY,593.8376,187.1738,HIGH_ACTIVITY: current activity 593.84 is more than 2.0x this grid's within-day baseline of 187.17
1741,2013-11-01 12:00:00,HIGH_ACTIVITY,456.2686,187.1738,HIGH_ACTIVITY: current activity 456.27 is more than 2.0x this grid's within-day baseline of 187.17
1741,2013-11-01 15:00:00,HIGH_ACTIVITY,377.8796,187.1738,HIGH_ACTIVITY: current activity 377.88 is more than 2.0x this grid's within-day baseline of 187.17
1741,2013-11-01 17:00:00,HIGH_ACTIVITY,383.1727,187.1738,HIGH_ACTIVITY: current activity 383.17 is more than 2.0x this grid's within-day baseline of 187.17
1741,2013-11-01 18:00:00,HIGH_ACTIVITY,390.6366,187.1738,HIGH_ACTIVITY: current activity 390.64 is more than 2.0x this grid's within-day baseline of 187.17
1742,2013-11-01 10:00:00,HIGH_ACTIVITY,518.4375,242.0133,HIGH_ACTIVITY: current activity 518.44 is more than 2.0x this grid's within-day baseline of 242.01
1742,2013-11-01 11:00:00,HIGH_ACTIVITY,771.5755,242.0133,HIGH_ACTIVITY: current activity 771.58 is more than 2.0x this grid's within-day baseline of 242.01
1742,2013-11-01 12:00:00,HIGH_ACTIVITY,577.3385,242.0133,HIGH_ACTIVITY: current activity 577.34 is more than 2.0x this grid's within-day baseline of 242.01
1742,2013-11-01 15:00:00,HIGH_ACTIVITY,498.6623,242.0133,HIGH_ACTIVITY: current activity 498.66 is more than 2.0x this grid's within-day baseline of 242.01
1742,2013-11-01 17:00:00,HIGH_ACTIVITY,492.2128,242.0133,HIGH_ACTIVITY: current activity 492.21 is more than 2.0x this grid's within-day baseline of 242.01
1742,2013-11-01 18:00:00,HIGH_ACTIVITY,505.1014,242.0133,HIGH_ACTIVITY: current activity 505.10 is more than 2.0x this grid's within-day baseline of 242.01
1746,2013-11-01 18:00:00,HIGH_ACTIVITY,305.9802,127.8267,HIGH_ACTIVITY: current activity 305.98 is more than 2.0x this grid's within-day baseline of 127.83
1747,2013-11-01 18:00:00,HIGH_ACTIVITY,789.2766,310.238,HIGH_ACTIVITY: current activity 789.28 is more than 2.0x this grid's within-day baseline of 310.24
1749,2013-11-01 17:00:00,HIGH_ACTIVITY,673.1702,318.3944,HIGH_ACTIVITY: current activity 673.17 is more than 2.0x this grid's within-day baseline of 318.39
1751,2013-11-01 10:00:00,HIGH_ACTIVITY,315.7148,154.9605,HIGH_ACTIVITY: current activity 315.71 is more than 2.0x this grid's within-day baseline of 154.96
1751,2013-11-01 14:00:00,HIGH_ACTIVITY,382.5756,154.9605,HIGH_ACTIVITY: current activity 382.58 is more than 2.0x this grid's within-day baseline of 154.96
1751,2013-11-01 15:00:00,HIGH_ACTIVITY,380.5155,154.9605,HIGH_ACTIVITY: current activity 380.52 is more than 2.0x this grid's within-day baseline of 154.96
1754,2013-11-01 02:00:00,ACTIVITY_DROP,141.322,678.3841,ACTIVITY_DROP: current activity 141.32 is below 0.25x this grid's within-day baseline of 678.38
1754,2013-11-01 03:00:00,ACTIVITY_DROP,154.7056,678.3841,ACTIVITY_DROP: current activity 154.71 is below 0.25x this grid's within-day baseline of 678.38
1754,2013-11-01 04:00:00,ACTIVITY_DROP,141.1275,678.3841,ACTIVITY_DROP: current activity 141.13 is below 0.25x this grid's within-day baseline of 678.38
1754,2013-11-01 05:00:00,ACTIVITY_DROP,134.2537,678.3841,ACTIVITY_DROP: current activity 134.25 is below 0.25x this grid's within-day baseline of 678.38
1754,2013-11-01 06:00:00,ACTIVITY_DROP,136.7047,678.3841,ACTIVITY_DROP: current activity 136.70 is below 0.25x this grid's within-day baseline of 678.38
1754,2013-11-01 16:00:00,HIGH_ACTIVITY,1270.4753,585.2133,HIGH_ACTIVITY: current activity 1270.48 is more than 2.0x this grid's within-day baseline of 585.21
1754,2013-11-01 17:00:00,HIGH_ACTIVITY,1482.6698,585.2133,HIGH_ACTIVITY: current activity 1482.67 is more than 2.0x this grid's within-day baseline of 585.21
1754,2013-11-01 18:00:00,HIGH_ACTIVITY,1348.533,585.2133,HIGH_ACTIVITY: current activity 1348.53 is more than 2.0x this grid's within-day baseline of 585.21
1755,2013-11-01 01:00:00,ACTIVITY_DROP,105.2067,847.2778,ACTIVITY_DROP: current activity 105.21 is below 0.25x this grid's within-day baseline of 847.28
1755,2013-11-01 02:00:00,ACTIVITY_DROP,87.215,847.2778,ACTIVITY_DROP: current activity 87.22 is below 0.25x this grid's within-day baseline of 847.28
1755,2013-11-01 03:00:00,ACTIVITY_DROP,66.7851,847.2778,ACTIVITY_DROP: current activity 66.79 is below 0.25x this grid's within-day baseline of 847.28
1755,2013-11-01 04:00:00,ACTIVITY_DROP,61.5032,847.2778,ACTIVITY_DROP: current activity 61.50 is below 0.25x this grid's within-day baseline of 847.28
1755,2013-11-01 05:00:00,ACTIVITY_DROP,64.4971,847.2778,ACTIVITY_DROP: current activity 64.50 is below 0.25x this grid's within-day baseline of 847.28
1755,2013-11-01 06:00:00,ACTIVITY_DROP,67.4531,847.2778,ACTIVITY_DROP: current activity 67.45 is below 0.25x this grid's within-day baseline of 847.28
1755,2013-11-01 07:00:00,ACTIVITY_DROP,88.4127,847.2778,ACTIVITY_DROP: current activity 88.41 is below 0.25x this grid's within-day baseline of 847.28
1755,2013-11-01 08:00:00,ACTIVITY_SPIKE,243.0295,88.4127,ACTIVITY_SPIKE: current activity 243.03 is more than 2.0x the immediately preceding hour's 88.41
1755,2013-11-01 10:00:00,ACTIVITY_SPIKE,709.7238,329.5217,ACTIVITY_SPIKE: current activity 709.72 is more than 2.0x the immediately preceding hour's 329.52
1755,2013-11-01 15:00:00,HIGH_ACTIVITY,1588.7589,709.7238,HIGH_ACTIVITY: current activity 1588.76 is more than 2.0x this grid's within-day baseline of 709.72
1755,2013-11-01 16:00:00,HIGH_ACTIVITY,1885.3572,709.7238,HIGH_ACTIVITY: current activity 1885.36 is more than 2.0x this grid's within-day baseline of 709.72
1755,2013-11-01 17:00:00,HIGH_ACTIVITY,2346.9921,709.7238,HIGH_ACTIVITY: current activity 2346.99 is more than 2.0x this grid's within-day baseline of 709.72
1755,2013-11-01 18:00:00,HIGH_ACTIVITY,2117.4414,709.7238,HIGH_ACTIVITY: current activity 2117.44 is more than 2.0x this grid's within-day baseline of 709.72
1755,2013-11-01 19:00:00,HIGH_ACTIVITY,1668.4927,709.7238,HIGH_ACTIVITY: current activity 1668.49 is more than 2.0x this grid's within-day baseline of 709.72
1756,2013-11-01 01:00:00,ACTIVITY_DROP,105.0659,845.7072,ACTIVITY_DROP: current activity 105.07 is below 0.25x this grid's within-day baseline of 845.71
1756,2013-11-01 02:00:00,ACTIVITY_DROP,86.7927,845.7072,ACTIVITY_DROP: current activity 86.79 is below 0.25x this grid's within-day baseline of 845.71
1756,2013-11-01 03:00:00,ACTIVITY_DROP,66.7762,845.7072,ACTIVITY_DROP: current activity 66.78 is below 0.25x this grid's within-day baseline of 845.71
1756,2013-11-01 04:00:00,ACTIVITY_DROP,61.2621,845.7072,ACTIVITY_DROP: current activity 61.26 is below 0.25x this grid's within-day baseline of 845.71
1756,2013-11-01 05:00:00,ACTIVITY_DROP,64.341,845.7072,ACTIVITY_DROP: current activity 64.34 is below 0.25x this grid's within-day baseline of 845.71
1756,2013-11-01 06:00:00,ACTIVITY_DROP,67.4428,845.7072,ACTIVITY_DROP: current activity 67.44 is below 0.25x this grid's within-day baseline of 845.71
1756,2013-11-01 07:00:00,ACTIVITY_DROP,88.3012,845.7072,ACTIVITY_DROP: current activity 88.30 is below 0.25x this grid's within-day baseline of 845.71
1756,2013-11-01 08:00:00,ACTIVITY_SPIKE,242.6637,88.3012,ACTIVITY_SPIKE: current activity 242.66 is more than 2.0x the immediately preceding hour's 88.30
1756,2013-11-01 10:00:00,ACTIVITY_SPIKE,707.5024,328.3403,ACTIVITY_SPIKE: current activity 707.50 is more than 2.0x the immediately preceding hour's 328.34
1756,2013-11-01 15:00:00,HIGH_ACTIVITY,1583.4019,707.5024,HIGH_ACTIVITY: current activity 1583.40 is more than 2.0x this grid's within-day baseline of 707.50
1756,2013-11-01 16:00:00,HIGH_ACTIVITY,1880.781,707.5024,HIGH_ACTIVITY: current activity 1880.78 is more than 2.0x this grid's within-day baseline of 707.50
1756,2013-11-01 17:00:00,HIGH_ACTIVITY,2340.2117,707.5024,HIGH_ACTIVITY: current activity 2340.21 is more than 2.0x this grid's within-day baseline of 707.50
1756,2013-11-01 18:00:00,HIGH_ACTIVITY,2111.3302,707.5024,HIGH_ACTIVITY: current activity 2111.33 is more than 2.0x this grid's within-day baseline of 707.50
1756,2013-11-01 19:00:00,HIGH_ACTIVITY,1662.3992,707.5024,HIGH_ACTIVITY: current activity 1662.40 is more than 2.0x this grid's within-day baseline of 707.50
1757,2013-11-01 01:00:00,ACTIVITY_DROP,99.2307,784.4281,ACTIVITY_DROP: current activity 99.23 is below 0.25x this grid's within-day baseline of 784.43
1757,2013-11-01 02:00:00,ACTIVITY_DROP,82.3065,784.4281,ACTIVITY_DROP: current activity 82.31 is below 0.25x this grid's within-day baseline of 784.43
1757,2013-11-01 03:00:00,ACTIVITY_DROP,65.1051,784.4281,ACTIVITY_DROP: current activity 65.11 is below 0.25x this grid's within-day baseline of 784.43
1757,2013-11-01 04:00:00,ACTIVITY_DROP,60.7957,784.4281,ACTIVITY_DROP: current activity 60.80 is below 0.25x this grid's within-day baseline of 784.43
1757,2013-11-01 05:00:00,ACTIVITY_DROP,62.7278,784.4281,ACTIVITY_DROP: current activity 62.73 is below 0.25x this grid's within-day baseline of 784.43
1757,2013-11-01 06:00:00,ACTIVITY_DROP,65.5667,784.4281,ACTIVITY_DROP: current activity 65.57 is below 0.25x this grid's within-day baseline of 784.43
1757,2013-11-01 07:00:00,ACTIVITY_DROP,84.7091,784.4281,ACTIVITY_DROP: current activity 84.71 is below 0.25x this grid's within-day baseline of 784.43
1757,2013-11-01 08:00:00,ACTIVITY_SPIKE,217.9242,84.7091,ACTIVITY_SPIKE: current activity 217.92 is more than 2.0x the immediately preceding hour's 84.71
1757,2013-11-01 10:00:00,ACTIVITY_SPIKE,634.0638,302.9487,ACTIVITY_SPIKE: current activity 634.06 is more than 2.0x the immediately preceding hour's 302.95
1757,2013-11-01 15:00:00,HIGH_ACTIVITY,1394.8735,634.0638,HIGH_ACTIVITY: current activity 1394.87 is more than 2.0x this grid's within-day baseline of 634.06
1757,2013-11-01 16:00:00,HIGH_ACTIVITY,1667.7731,634.0638,HIGH_ACTIVITY: current activity 1667.77 is more than 2.0x this grid's within-day baseline of 634.06
1757,2013-11-01 17:00:00,HIGH_ACTIVITY,2057.7176,634.0638,HIGH_ACTIVITY: current activity 2057.72 is more than 2.0x this grid's within-day baseline of 634.06
1757,2013-11-01 18:00:00,HIGH_ACTIVITY,1857.7792,634.0638,HIGH_ACTIVITY: current activity 1857.78 is more than 2.0x this grid's within-day baseline of 634.06
1757,2013-11-01 19:00:00,HIGH_ACTIVITY,1471.0391,634.0638,HIGH_ACTIVITY: current activity 1471.04 is more than 2.0x this grid's within-day baseline of 634.06
1758,2013-11-01 01:00:00,ACTIVITY_DROP,70.9211,379.3255,ACTIVITY_DROP: current activity 70.92 is below 0.25x this grid's within-day baseline of 379.33
1758,2013-11-01 02:00:00,ACTIVITY_DROP,58.2515,379.3255,ACTIVITY_DROP: current activity 58.25 is below 0.25x this grid's within-day baseline of 379.33
1758,2013-11-01 03:00:00,ACTIVITY_DROP,56.9672,379.3255,ACTIVITY_DROP: current activity 56.97 is below 0.25x this grid's within-day baseline of 379.33
1758,2013-11-01 04:00:00,ACTIVITY_DROP,56.355,379.3255,ACTIVITY_DROP: current activity 56.36 is below 0.25x this grid's within-day baseline of 379.33
1758,2013-11-01 05:00:00,ACTIVITY_DROP,53.6837,379.3255,ACTIVITY_DROP: current activity 53.68 is below 0.25x this grid's within-day baseline of 379.33
1758,2013-11-01 06:00:00,ACTIVITY_DROP,56.4362,379.3255,ACTIVITY_DROP: current activity 56.44 is below 0.25x this grid's within-day baseline of 379.33
1758,2013-11-01 07:00:00,ACTIVITY_DROP,66.8371,379.3255,ACTIVITY_DROP: current activity 66.84 is below 0.25x this grid's within-day baseline of 379.33
1759,2013-11-01 01:00:00,ACTIVITY_DROP,43.752,184.1603,ACTIVITY_DROP: current activity 43.75 is below 0.25x this grid's within-day baseline of 184.16
1759,2013-11-01 02:00:00,ACTIVITY_DROP,37.2218,184.1603,ACTIVITY_DROP: current activity 37.22 is below 0.25x this grid's within-day baseline of 184.16
1759,2013-11-01 03:00:00,ACTIVITY_DROP,38.6673,184.1603,ACTIVITY_DROP: current activity 38.67 is below 0.25x this grid's within-day baseline of 184.16
1759,2013-11-01 04:00:00,ACTIVITY_DROP,36.4449,184.1603,ACTIVITY_DROP: current activity 36.44 is below 0.25x this grid's within-day baseline of 184.16
1759,2013-11-01 05:00:00,ACTIVITY_DROP,33.5324,184.1603,ACTIVITY_DROP: current activity 33.53 is below 0.25x this grid's within-day baseline of 184.16
1759,2013-11-01 06:00:00,ACTIVITY_DROP,36.8831,184.1603,ACTIVITY_DROP: current activity 36.88 is below 0.25x this grid's within-day baseline of 184.16
1759,2013-11-01 07:00:00,ACTIVITY_DROP,39.9471,184.1603,ACTIVITY_DROP: current activity 39.95 is below 0.25x this grid's within-day baseline of 184.16
1783,2013-11-01 10:00:00,HIGH_ACTIVITY,442.7051,151.7127,HIGH_ACTIVITY: current activity 442.71 is more than 2.0x this grid's within-day baseline of 151.71
1783,2013-11-01 11:00:00,HIGH_ACTIVITY,586.8848,151.7127,HIGH_ACTIVITY: current activity 586.88 is more than 2.0x this grid's within-day baseline of 151.71
1783,2013-11-01 12:00:00,HIGH_ACTIVITY,415.4074,151.7127,HIGH_ACTIVITY: current activity 415.41 is more than 2.0x this grid's within-day baseline of 151.71
1783,2013-11-01 13:00:00,HIGH_ACTIVITY,360.6934,151.7127,HIGH_ACTIVITY: current activity 360.69 is more than 2.0x this grid's within-day baseline of 151.71
1783,2013-11-01 14:00:00,HIGH_ACTIVITY,420.3647,151.7127,HIGH_ACTIVITY: current activity 420.36 is more than 2.0x this grid's within-day baseline of 151.71
1783,2013-11-01 15:00:00,HIGH_ACTIVITY,476.0508,151.7127,HIGH_ACTIVITY: current activity 476.05 is more than 2.0x this grid's within-day baseline of 151.71
1783,2013-11-01 16:00:00,HIGH_ACTIVITY,580.644,151.7127,HIGH_ACTIVITY: current activity 580.64 is more than 2.0x this grid's within-day baseline of 151.71
1783,2013-11-01 17:00:00,HIGH_ACTIVITY,586.7115,151.7127,HIGH_ACTIVITY: current activity 586.71 is more than 2.0x this grid's within-day baseline of 151.71
1783,2013-11-01 18:00:00,HIGH_ACTIVITY,501.2021,151.7127,HIGH_ACTIVITY: current activity 501.20 is more than 2.0x this grid's within-day baseline of 151.71
1783,2013-11-01 19:00:00,HIGH_ACTIVITY,327.9101,151.7127,HIGH_ACTIVITY: current activity 327.91 is more than 2.0x this grid's within-day baseline of 151.71
1784,2013-11-01 10:00:00,HIGH_ACTIVITY,488.029,163.7796,HIGH_ACTIVITY: current activity 488.03 is more than 2.0x this grid's within-day baseline of 163.78
1784,2013-11-01 11:00:00,HIGH_ACTIVITY,650.9353,163.7796,HIGH_ACTIVITY: current activity 650.94 is more than 2.0x this grid's within-day baseline of 163.78
1784,2013-11-01 12:00:00,HIGH_ACTIVITY,476.7828,163.7796,HIGH_ACTIVITY: current activity 476.78 is more than 2.0x this grid's within-day baseline of 163.78
1784,2013-11-01 13:00:00,HIGH_ACTIVITY,423.5984,163.7796,HIGH_ACTIVITY: current activity 423.60 is more than 2.0x this grid's within-day baseline of 163.78
1784,2013-11-01 14:00:00,HIGH_ACTIVITY,490.7327,163.7796,HIGH_ACTIVITY: current activity 490.73 is more than 2.0x this grid's within-day baseline of 163.78
1784,2013-11-01 15:00:00,HIGH_ACTIVITY,570.2539,163.7796,HIGH_ACTIVITY: current activity 570.25 is more than 2.0x this grid's within-day baseline of 163.78
1784,2013-11-01 16:00:00,HIGH_ACTIVITY,694.4939,163.7796,HIGH_ACTIVITY: current activity 694.49 is more than 2.0x this grid's within-day baseline of 163.78
1784,2013-11-01 17:00:00,HIGH_ACTIVITY,697.1296,163.7796,HIGH_ACTIVITY: current activity 697.13 is more than 2.0x this grid's within-day baseline of 163.78
1784,2013-11-01 18:00:00,HIGH_ACTIVITY,584.9884,163.7796,HIGH_ACTIVITY: current activity 584.99 is more than 2.0x this grid's within-day baseline of 163.78
1784,2013-11-01 19:00:00,HIGH_ACTIVITY,373.9179,163.7796,HIGH_ACTIVITY: current activity 373.92 is more than 2.0x this grid's within-day baseline of 163.78
1785,2013-11-01 10:00:00,HIGH_ACTIVITY,483.5129,154.4234,HIGH_ACTIVITY: current activity 483.51 is more than 2.0x this grid's within-day baseline of 154.42
1785,2013-11-01 11:00:00,HIGH_ACTIVITY,642.0319,154.4234,HIGH_ACTIVITY: current activity 642.03 is more than 2.0x this grid's within-day baseline of 154.42
1785,2013-11-01 12:00:00,HIGH_ACTIVITY,490.1267,154.4234,HIGH_ACTIVITY: current activity 490.13 is more than 2.0x this grid's within-day baseline of 154.42
1785,2013-11-01 13:00:00,HIGH_ACTIVITY,441.611,154.4234,HIGH_ACTIVITY: current activity 441.61 is more than 2.0x this grid's within-day baseline of 154.42
1785,2013-11-01 14:00:00,HIGH_ACTIVITY,530.4918,154.4234,HIGH_ACTIVITY: current activity 530.49 is more than 2.0x this grid's within-day baseline of 154.42
1785,2013-11-01 15:00:00,HIGH_ACTIVITY,638.1902,154.4234,HIGH_ACTIVITY: current activity 638.19 is more than 2.0x this grid's within-day baseline of 154.42
1785,2013-11-01 16:00:00,HIGH_ACTIVITY,759.6421,154.4234,HIGH_ACTIVITY: current activity 759.64 is more than 2.0x this grid's within-day baseline of 154.42
1785,2013-11-01 17:00:00,HIGH_ACTIVITY,751.5029,154.4234,HIGH_ACTIVITY: current activity 751.50 is more than 2.0x this grid's within-day baseline of 154.42
1785,2013-11-01 18:00:00,HIGH_ACTIVITY,634.2023,154.4234,HIGH_ACTIVITY: current activity 634.20 is more than 2.0x this grid's within-day baseline of 154.42
1785,2013-11-01 19:00:00,HIGH_ACTIVITY,383.1,154.4234,HIGH_ACTIVITY: current activity 383.10 is more than 2.0x this grid's within-day baseline of 154.42
1786,2013-11-01 10:00:00,HIGH_ACTIVITY,358.9436,144.9851,HIGH_ACTIVITY: current activity 358.94 is more than 2.0x this grid's within-day baseline of 144.99
1786,2013-11-01 11:00:00,HIGH_ACTIVITY,482.7366,144.9851,HIGH_ACTIVITY: current activity 482.74 is more than 2.0x this grid's within-day baseline of 144.99
1786,2013-11-01 12:00:00,HIGH_ACTIVITY,452.1284,144.9851,HIGH_ACTIVITY: current activity 452.13 is more than 2.0x this grid's within-day baseline of 144.99
1786,2013-11-01 13:00:00,HIGH_ACTIVITY,405.8061,144.9851,HIGH_ACTIVITY: current activity 405.81 is more than 2.0x this grid's within-day baseline of 144.99
1786,2013-11-01 14:00:00,HIGH_ACTIVITY,468.8337,144.9851,HIGH_ACTIVITY: current activity 468.83 is more than 2.0x this grid's within-day baseline of 144.99
1786,2013-11-01 15:00:00,HIGH_ACTIVITY,589.2371,144.9851,HIGH_ACTIVITY: current activity 589.24 is more than 2.0x this grid's within-day baseline of 144.99
1786,2013-11-01 16:00:00,HIGH_ACTIVITY,702.236,144.9851,HIGH_ACTIVITY: current activity 702.24 is more than 2.0x this grid's within-day baseline of 144.99
1786,2013-11-01 17:00:00,HIGH_ACTIVITY,704.6448,144.9851,HIGH_ACTIVITY: current activity 704.64 is more than 2.0x this grid's within-day baseline of 144.99
1786,2013-11-01 18:00:00,HIGH_ACTIVITY,562.076,144.9851,HIGH_ACTIVITY: current activity 562.08 is more than 2.0x this grid's within-day baseline of 144.99
1786,2013-11-01 19:00:00,HIGH_ACTIVITY,329.1847,144.9851,HIGH_ACTIVITY: current activity 329.18 is more than 2.0x this grid's within-day baseline of 144.99
1787,2013-11-01 17:00:00,HIGH_ACTIVITY,561.8873,275.2837,HIGH_ACTIVITY: current activity 561.89 is more than 2.0x this grid's within-day baseline of 275.28
1794,2013-11-01 07:00:00,ACTIVITY_SPIKE,244.0341,118.5724,ACTIVITY_SPIKE: current activity 244.03 is more than 2.0x the immediately preceding hour's 118.57
1795,2013-11-01 07:00:00,ACTIVITY_SPIKE,263.0413,131.4437,ACTIVITY_SPIKE: current activity 263.04 is more than 2.0x the immediately preceding hour's 131.44
1841,2013-11-01 10:00:00,HIGH_ACTIVITY,326.0136,150.5392,HIGH_ACTIVITY: current activity 326.01 is more than 2.0x this grid's within-day baseline of 150.54
1841,2013-11-01 11:00:00,HIGH_ACTIVITY,476.1816,150.5392,HIGH_ACTIVITY: current activity 476.18 is more than 2.0x this grid's within-day baseline of 150.54
1841,2013-11-01 12:00:00,HIGH_ACTIVITY,375.9998,150.5392,HIGH_ACTIVITY: current activity 376.00 is more than 2.0x this grid's within-day baseline of 150.54
1841,2013-11-01 15:00:00,HIGH_ACTIVITY,301.3318,150.5392,HIGH_ACTIVITY: current activity 301.33 is more than 2.0x this grid's within-day baseline of 150.54
1841,2013-11-01 17:00:00,HIGH_ACTIVITY,310.828,150.5392,HIGH_ACTIVITY: current activity 310.83 is more than 2.0x this grid's within-day baseline of 150.54
1841,2013-11-01 18:00:00,HIGH_ACTIVITY,314.6937,150.5392,HIGH_ACTIVITY: current activity 314.69 is more than 2.0x this grid's within-day baseline of 150.54
1842,2013-11-01 10:00:00,HIGH_ACTIVITY,578.2544,271.1343,HIGH_ACTIVITY: current activity 578.25 is more than 2.0x this grid's within-day baseline of 271.13
1842,2013-11-01 11:00:00,HIGH_ACTIVITY,866.1219,271.1343,HIGH_ACTIVITY: current activity 866.12 is more than 2.0x this grid's within-day baseline of 271.13
1842,2013-11-01 12:00:00,HIGH_ACTIVITY,640.9991,271.1343,HIGH_ACTIVITY: current activity 641.00 is more than 2.0x this grid's within-day baseline of 271.13
1842,2013-11-01 15:00:00,HIGH_ACTIVITY,553.3144,271.1343,HIGH_ACTIVITY: current activity 553.31 is more than 2.0x this grid's within-day baseline of 271.13
1842,2013-11-01 17:00:00,HIGH_ACTIVITY,551.2047,271.1343,HIGH_ACTIVITY: current activity 551.20 is more than 2.0x this grid's within-day baseline of 271.13
1842,2013-11-01 18:00:00,HIGH_ACTIVITY,564.6131,271.1343,HIGH_ACTIVITY: current activity 564.61 is more than 2.0x this grid's within-day baseline of 271.13
1843,2013-11-01 10:00:00,HIGH_ACTIVITY,372.6467,177.0301,HIGH_ACTIVITY: current activity 372.65 is more than 2.0x this grid's within-day baseline of 177.03
1843,2013-11-01 11:00:00,HIGH_ACTIVITY,542.6624,177.0301,HIGH_ACTIVITY: current activity 542.66 is more than 2.0x this grid's within-day baseline of 177.03
1843,2013-11-01 12:00:00,HIGH_ACTIVITY,422.2538,177.0301,HIGH_ACTIVITY: current activity 422.25 is more than 2.0x this grid's within-day baseline of 177.03
1843,2013-11-01 15:00:00,HIGH_ACTIVITY,365.2215,177.0301,HIGH_ACTIVITY: current activity 365.22 is more than 2.0x this grid's within-day baseline of 177.03
1843,2013-11-01 18:00:00,HIGH_ACTIVITY,359.7182,177.0301,HIGH_ACTIVITY: current activity 359.72 is more than 2.0x this grid's within-day baseline of 177.03
1848,2013-11-01 07:00:00,ACTIVITY_SPIKE,326.411,120.0267,ACTIVITY_SPIKE: current activity 326.41 is more than 2.0x the immediately preceding hour's 120.03
1849,2013-11-01 07:00:00,ACTIVITY_SPIKE,266.5123,131.2811,ACTIVITY_SPIKE: current activity 266.51 is more than 2.0x the immediately preceding hour's 131.28
1855,2013-11-01 01:00:00,ACTIVITY_DROP,125.3671,790.2626,ACTIVITY_DROP: current activity 125.37 is below 0.25x this grid's within-day baseline of 790.26
1855,2013-11-01 02:00:00,ACTIVITY_DROP,96.1118,790.2626,ACTIVITY_DROP: current activity 96.11 is below 0.25x this grid's within-day baseline of 790.26
1855,2013-11-01 03:00:00,ACTIVITY_DROP,84.6124,790.2626,ACTIVITY_DROP: current activity 84.61 is below 0.25x this grid's within-day baseline of 790.26
1855,2013-11-01 04:00:00,ACTIVITY_DROP,75.9163,790.2626,ACTIVITY_DROP: current activity 75.92 is below 0.25x this grid's within-day baseline of 790.26
1855,2013-11-01 05:00:00,ACTIVITY_DROP,74.6503,790.2626,ACTIVITY_DROP: current activity 74.65 is below 0.25x this grid's within-day baseline of 790.26
1855,2013-11-01 06:00:00,ACTIVITY_DROP,76.259,790.2626,ACTIVITY_DROP: current activity 76.26 is below 0.25x this grid's within-day baseline of 790.26
1855,2013-11-01 07:00:00,ACTIVITY_DROP,104.8943,790.2626,ACTIVITY_DROP: current activity 104.89 is below 0.25x this grid's within-day baseline of 790.26
1855,2013-11-01 08:00:00,ACTIVITY_SPIKE,243.3095,104.8943,ACTIVITY_SPIKE: current activity 243.31 is more than 2.0x the immediately preceding hour's 104.89
1855,2013-11-01 10:00:00,ACTIVITY_SPIKE,670.2479,326.7057,ACTIVITY_SPIKE: current activity 670.25 is more than 2.0x the immediately preceding hour's 326.71
1855,2013-11-01 15:00:00,HIGH_ACTIVITY,1467.6203,670.2479,HIGH_ACTIVITY: current activity 1467.62 is more than 2.0x this grid's within-day baseline of 670.25
1855,2013-11-01 16:00:00,HIGH_ACTIVITY,1730.9067,670.2479,HIGH_ACTIVITY: current activity 1730.91 is more than 2.0x this grid's within-day baseline of 670.25
1855,2013-11-01 17:00:00,HIGH_ACTIVITY,2120.2296,670.2479,HIGH_ACTIVITY: current activity 2120.23 is more than 2.0x this grid's within-day baseline of 670.25
1855,2013-11-01 18:00:00,HIGH_ACTIVITY,1918.7208,670.2479,HIGH_ACTIVITY: current activity 1918.72 is more than 2.0x this grid's within-day baseline of 670.25
1855,2013-11-01 19:00:00,HIGH_ACTIVITY,1519.8963,670.2479,HIGH_ACTIVITY: current activity 1519.90 is more than 2.0x this grid's within-day baseline of 670.25
1856,2013-11-01 01:00:00,ACTIVITY_DROP,109.1259,833.2703,ACTIVITY_DROP: current activity 109.13 is below 0.25x this grid's within-day baseline of 833.27
1856,2013-11-01 02:00:00,ACTIVITY_DROP,88.181,833.2703,ACTIVITY_DROP: current activity 88.18 is below 0.25x this grid's within-day baseline of 833.27
1856,2013-11-01 03:00:00,ACTIVITY_DROP,70.4702,833.2703,ACTIVITY_DROP: current activity 70.47 is below 0.25x this grid's within-day baseline of 833.27
1856,2013-11-01 04:00:00,ACTIVITY_DROP,63.9681,833.2703,ACTIVITY_DROP: current activity 63.97 is below 0.25x this grid's within-day baseline of 833.27
1856,2013-11-01 05:00:00,ACTIVITY_DROP,66.2724,833.2703,ACTIVITY_DROP: current activity 66.27 is below 0.25x this grid's within-day baseline of 833.27
1856,2013-11-01 06:00:00,ACTIVITY_DROP,69.2923,833.2703,ACTIVITY_DROP: current activity 69.29 is below 0.25x this grid's within-day baseline of 833.27
1856,2013-11-01 07:00:00,ACTIVITY_DROP,91.6832,833.2703,ACTIVITY_DROP: current activity 91.68 is below 0.25x this grid's within-day baseline of 833.27
1856,2013-11-01 08:00:00,ACTIVITY_SPIKE,242.7738,91.6832,ACTIVITY_SPIKE: current activity 242.77 is more than 2.0x the immediately preceding hour's 91.68
1856,2013-11-01 10:00:00,ACTIVITY_SPIKE,698.1626,326.957,ACTIVITY_SPIKE: current activity 698.16 is more than 2.0x the immediately preceding hour's 326.96
1856,2013-11-01 15:00:00,HIGH_ACTIVITY,1555.5462,698.1626,HIGH_ACTIVITY: current activity 1555.55 is more than 2.0x this grid's within-day baseline of 698.16
1856,2013-11-01 16:00:00,HIGH_ACTIVITY,1847.4651,698.1626,HIGH_ACTIVITY: current activity 1847.47 is more than 2.0x this grid's within-day baseline of 698.16
1856,2013-11-01 17:00:00,HIGH_ACTIVITY,2290.6692,698.1626,HIGH_ACTIVITY: current activity 2290.67 is more than 2.0x this grid's within-day baseline of 698.16
1856,2013-11-01 18:00:00,HIGH_ACTIVITY,2067.949,698.1626,HIGH_ACTIVITY: current activity 2067.95 is more than 2.0x this grid's within-day baseline of 698.16
1856,2013-11-01 19:00:00,HIGH_ACTIVITY,1628.1808,698.1626,HIGH_ACTIVITY: current activity 1628.18 is more than 2.0x this grid's within-day baseline of 698.16
1857,2013-11-01 01:00:00,ACTIVITY_DROP,97.1378,762.205,ACTIVITY_DROP: current activity 97.14 is below 0.25x this grid's within-day baseline of 762.21
1857,2013-11-01 02:00:00,ACTIVITY_DROP,79.7899,762.205,ACTIVITY_DROP: current activity 79.79 is below 0.25x this grid's within-day baseline of 762.21
1857,2013-11-01 03:00:00,ACTIVITY_DROP,64.6203,762.205,ACTIVITY_DROP: current activity 64.62 is below 0.25x this grid's within-day baseline of 762.21
1857,2013-11-01 04:00:00,ACTIVITY_DROP,59.9996,762.205,ACTIVITY_DROP: current activity 60.00 is below 0.25x this grid's within-day baseline of 762.21
1857,2013-11-01 05:00:00,ACTIVITY_DROP,61.8227,762.205,ACTIVITY_DROP: current activity 61.82 is below 0.25x this grid's within-day baseline of 762.21
1857,2013-11-01 06:00:00,ACTIVITY_DROP,65.0184,762.205,ACTIVITY_DROP: current activity 65.02 is below 0.25x this grid's within-day baseline of 762.21
1857,2013-11-01 07:00:00,ACTIVITY_DROP,83.4326,762.205,ACTIVITY_DROP: current activity 83.43 is below 0.25x this grid's within-day baseline of 762.21
1857,2013-11-01 08:00:00,ACTIVITY_SPIKE,209.8006,83.4326,ACTIVITY_SPIKE: current activity 209.80 is more than 2.0x the immediately preceding hour's 83.43
1857,2013-11-01 10:00:00,ACTIVITY_SPIKE,606.6013,292.388,ACTIVITY_SPIKE: current activity 606.60 is more than 2.0x the immediately preceding hour's 292.39
1857,2013-11-01 15:00:00,HIGH_ACTIVITY,1325.1256,606.6013,HIGH_ACTIVITY: current activity 1325.13 is more than 2.0x this grid's within-day baseline of 606.60
1857,2013-11-01 16:00:00,HIGH_ACTIVITY,1593.1479,606.6013,HIGH_ACTIVITY: current activity 1593.15 is more than 2.0x this grid's within-day baseline of 606.60
1857,2013-11-01 17:00:00,HIGH_ACTIVITY,1956.7383,606.6013,HIGH_ACTIVITY: current activity 1956.74 is more than 2.0x this grid's within-day baseline of 606.60
1857,2013-11-01 18:00:00,HIGH_ACTIVITY,1767.2043,606.6013,HIGH_ACTIVITY: current activity 1767.20 is more than 2.0x this grid's within-day baseline of 606.60
1857,2013-11-01 19:00:00,HIGH_ACTIVITY,1398.4425,606.6013,HIGH_ACTIVITY: current activity 1398.44 is more than 2.0x this grid's within-day baseline of 606.60
1858,2013-11-01 01:00:00,ACTIVITY_DROP,61.8281,303.3425,ACTIVITY_DROP: current activity 61.83 is below 0.25x this grid's within-day baseline of 303.34
1858,2013-11-01 02:00:00,ACTIVITY_DROP,50.7016,303.3425,ACTIVITY_DROP: current activity 50.70 is below 0.25x this grid's within-day baseline of 303.34
1858,2013-11-01 03:00:00,ACTIVITY_DROP,52.1166,303.3425,ACTIVITY_DROP: current activity 52.12 is below 0.25x this grid's within-day baseline of 303.34
1858,2013-11-01 04:00:00,ACTIVITY_DROP,50.8246,303.3425,ACTIVITY_DROP: current activity 50.82 is below 0.25x this grid's within-day baseline of 303.34
1858,2013-11-01 05:00:00,ACTIVITY_DROP,47.8319,303.3425,ACTIVITY_DROP: current activity 47.83 is below 0.25x this grid's within-day baseline of 303.34
1858,2013-11-01 06:00:00,ACTIVITY_DROP,51.0711,303.3425,ACTIVITY_DROP: current activity 51.07 is below 0.25x this grid's within-day baseline of 303.34
1858,2013-11-01 07:00:00,ACTIVITY_DROP,58.5842,303.3425,ACTIVITY_DROP: current activity 58.58 is below 0.25x this grid's within-day baseline of 303.34
1859,2013-11-01 02:00:00,ACTIVITY_DROP,30.012,126.9336,ACTIVITY_DROP: current activity 30.01 is below 0.25x this grid's within-day baseline of 126.93
1859,2013-11-01 03:00:00,ACTIVITY_DROP,31.2561,126.9336,ACTIVITY_DROP: current activity 31.26 is below 0.25x this grid's within-day baseline of 126.93
1859,2013-11-01 04:00:00,ACTIVITY_DROP,28.583,126.9336,ACTIVITY_DROP: current activity 28.58 is below 0.25x this grid's within-day baseline of 126.93
1859,2013-11-01 05:00:00,ACTIVITY_DROP,25.7764,126.9336,ACTIVITY_DROP: current activity 25.78 is below 0.25x this grid's within-day baseline of 126.93
1859,2013-11-01 06:00:00,ACTIVITY_DROP,29.1401,126.9336,ACTIVITY_DROP: current activity 29.14 is below 0.25x this grid's within-day baseline of 126.93
1859,2013-11-01 07:00:00,ACTIVITY_DROP,29.9971,126.9336,ACTIVITY_DROP: current activity 30.00 is below 0.25x this grid's within-day baseline of 126.93
1883,2013-11-01 10:00:00,HIGH_ACTIVITY,459.7475,176.4361,HIGH_ACTIVITY: current activity 459.75 is more than 2.0x this grid's within-day baseline of 176.44
1883,2013-11-01 11:00:00,HIGH_ACTIVITY,605.2813,176.4361,HIGH_ACTIVITY: current activity 605.28 is more than 2.0x this grid's within-day baseline of 176.44
1883,2013-11-01 12:00:00,HIGH_ACTIVITY,424.2771,176.4361,HIGH_ACTIVITY: current activity 424.28 is more than 2.0x this grid's within-day baseline of 176.44
1883,2013-11-01 13:00:00,HIGH_ACTIVITY,363.4415,176.4361,HIGH_ACTIVITY: current activity 363.44 is more than 2.0x this grid's within-day baseline of 176.44
1883,2013-11-01 14:00:00,HIGH_ACTIVITY,396.1802,176.4361,HIGH_ACTIVITY: current activity 396.18 is more than 2.0x this grid's within-day baseline of 176.44
1883,2013-11-01 15:00:00,HIGH_ACTIVITY,427.4479,176.4361,HIGH_ACTIVITY: current activity 427.45 is more than 2.0x this grid's within-day baseline of 176.44
1883,2013-11-01 16:00:00,HIGH_ACTIVITY,541.0768,176.4361,HIGH_ACTIVITY: current activity 541.08 is more than 2.0x this grid's within-day baseline of 176.44
1883,2013-11-01 17:00:00,HIGH_ACTIVITY,554.5253,176.4361,HIGH_ACTIVITY: current activity 554.53 is more than 2.0x this grid's within-day baseline of 176.44
1883,2013-11-01 18:00:00,HIGH_ACTIVITY,464.5943,176.4361,HIGH_ACTIVITY: current activity 464.59 is more than 2.0x this grid's within-day baseline of 176.44
1884,2013-11-01 10:00:00,HIGH_ACTIVITY,488.7998,184.0499,HIGH_ACTIVITY: current activity 488.80 is more than 2.0x this grid's within-day baseline of 184.05
1884,2013-11-01 11:00:00,HIGH_ACTIVITY,650.9536,184.0499,HIGH_ACTIVITY: current activity 650.95 is more than 2.0x this grid's within-day baseline of 184.05
1884,2013-11-01 12:00:00,HIGH_ACTIVITY,445.2917,184.0499,HIGH_ACTIVITY: current activity 445.29 is more than 2.0x this grid's within-day baseline of 184.05
1884,2013-11-01 13:00:00,HIGH_ACTIVITY,381.6321,184.0499,HIGH_ACTIVITY: current activity 381.63 is more than 2.0x this grid's within-day baseline of 184.05
1884,2013-11-01 14:00:00,HIGH_ACTIVITY,420.9871,184.0499,HIGH_ACTIVITY: current activity 420.99 is more than 2.0x this grid's within-day baseline of 184.05
1884,2013-11-01 15:00:00,HIGH_ACTIVITY,454.9419,184.0499,HIGH_ACTIVITY: current activity 454.94 is more than 2.0x this grid's within-day baseline of 184.05
1884,2013-11-01 16:00:00,HIGH_ACTIVITY,574.8424,184.0499,HIGH_ACTIVITY: current activity 574.84 is more than 2.0x this grid's within-day baseline of 184.05
1884,2013-11-01 17:00:00,HIGH_ACTIVITY,591.2869,184.0499,HIGH_ACTIVITY: current activity 591.29 is more than 2.0x this grid's within-day baseline of 184.05
1884,2013-11-01 18:00:00,HIGH_ACTIVITY,496.886,184.0499,HIGH_ACTIVITY: current activity 496.89 is more than 2.0x this grid's within-day baseline of 184.05
1885,2013-11-01 10:00:00,HIGH_ACTIVITY,460.7295,174.5166,HIGH_ACTIVITY: current activity 460.73 is more than 2.0x this grid's within-day baseline of 174.52
1885,2013-11-01 11:00:00,HIGH_ACTIVITY,609.9828,174.5166,HIGH_ACTIVITY: current activity 609.98 is more than 2.0x this grid's within-day baseline of 174.52
1885,2013-11-01 12:00:00,HIGH_ACTIVITY,427.2302,174.5166,HIGH_ACTIVITY: current activity 427.23 is more than 2.0x this grid's within-day baseline of 174.52
1885,2013-11-01 13:00:00,HIGH_ACTIVITY,367.2612,174.5166,HIGH_ACTIVITY: current activity 367.26 is more than 2.0x this grid's within-day baseline of 174.52
1885,2013-11-01 14:00:00,HIGH_ACTIVITY,405.7606,174.5166,HIGH_ACTIVITY: current activity 405.76 is more than 2.0x this grid's within-day baseline of 174.52
1885,2013-11-01 15:00:00,HIGH_ACTIVITY,442.3957,174.5166,HIGH_ACTIVITY: current activity 442.40 is more than 2.0x this grid's within-day baseline of 174.52
1885,2013-11-01 16:00:00,HIGH_ACTIVITY,556.8711,174.5166,HIGH_ACTIVITY: current activity 556.87 is more than 2.0x this grid's within-day baseline of 174.52
1885,2013-11-01 17:00:00,HIGH_ACTIVITY,571.4799,174.5166,HIGH_ACTIVITY: current activity 571.48 is more than 2.0x this grid's within-day baseline of 174.52
1885,2013-11-01 18:00:00,HIGH_ACTIVITY,479.7659,174.5166,HIGH_ACTIVITY: current activity 479.77 is more than 2.0x this grid's within-day baseline of 174.52
1886,2013-11-01 12:00:00,HIGH_ACTIVITY,198.8715,99.4125,HIGH_ACTIVITY: current activity 198.87 is more than 2.0x this grid's within-day baseline of 99.41
1886,2013-11-01 15:00:00,HIGH_ACTIVITY,204.9869,99.4125,HIGH_ACTIVITY: current activity 204.99 is more than 2.0x this grid's within-day baseline of 99.41
1886,2013-11-01 16:00:00,HIGH_ACTIVITY,251.8597,99.4125,HIGH_ACTIVITY: current activity 251.86 is more than 2.0x this grid's within-day baseline of 99.41
1886,2013-11-01 17:00:00,HIGH_ACTIVITY,261.656,99.4125,HIGH_ACTIVITY: current activity 261.66 is more than 2.0x this grid's within-day baseline of 99.41
1886,2013-11-01 18:00:00,HIGH_ACTIVITY,220.4928,99.4125,HIGH_ACTIVITY: current activity 220.49 is more than 2.0x this grid's within-day baseline of 99.41
1894,2013-11-01 07:00:00,ACTIVITY_SPIKE,226.676,102.583,ACTIVITY_SPIKE: current activity 226.68 is more than 2.0x the immediately preceding hour's 102.58
1894,2013-11-01 15:00:00,HIGH_ACTIVITY,592.4042,282.0624,HIGH_ACTIVITY: current activity 592.40 is more than 2.0x this grid's within-day baseline of 282.06
1894,2013-11-01 16:00:00,HIGH_ACTIVITY,572.4776,282.0624,HIGH_ACTIVITY: current activity 572.48 is more than 2.0x this grid's within-day baseline of 282.06
1941,2013-11-01 10:00:00,HIGH_ACTIVITY,212.143,102.197,HIGH_ACTIVITY: current activity 212.14 is more than 2.0x this grid's within-day baseline of 102.20
1941,2013-11-01 11:00:00,HIGH_ACTIVITY,296.7925,102.197,HIGH_ACTIVITY: current activity 296.79 is more than 2.0x this grid's within-day baseline of 102.20
1941,2013-11-01 12:00:00,HIGH_ACTIVITY,258.2749,102.197,HIGH_ACTIVITY: current activity 258.27 is more than 2.0x this grid's within-day baseline of 102.20
1941,2013-11-01 17:00:00,HIGH_ACTIVITY,207.5604,102.197,HIGH_ACTIVITY: current activity 207.56 is more than 2.0x this grid's within-day baseline of 102.20
1941,2013-11-01 18:00:00,HIGH_ACTIVITY,208.7651,102.197,HIGH_ACTIVITY: current activity 208.77 is more than 2.0x this grid's within-day baseline of 102.20
1942,2013-11-01 10:00:00,HIGH_ACTIVITY,578.3855,271.1343,HIGH_ACTIVITY: current activity 578.39 is more than 2.0x this grid's within-day baseline of 271.13
1942,2013-11-01 11:00:00,HIGH_ACTIVITY,866.5722,271.1343,HIGH_ACTIVITY: current activity 866.57 is more than 2.0x this grid's within-day baseline of 271.13
1942,2013-11-01 12:00:00,HIGH_ACTIVITY,641.1302,271.1343,HIGH_ACTIVITY: current activity 641.13 is more than 2.0x this grid's within-day baseline of 271.13
1942,2013-11-01 15:00:00,HIGH_ACTIVITY,553.3144,271.1343,HIGH_ACTIVITY: current activity 553.31 is more than 2.0x this grid's within-day baseline of 271.13
1942,2013-11-01 17:00:00,HIGH_ACTIVITY,551.5856,271.1343,HIGH_ACTIVITY: current activity 551.59 is more than 2.0x this grid's within-day baseline of 271.13
1942,2013-11-01 18:00:00,HIGH_ACTIVITY,564.6008,271.1343,HIGH_ACTIVITY: current activity 564.60 is more than 2.0x this grid's within-day baseline of 271.13
1943,2013-11-01 10:00:00,HIGH_ACTIVITY,578.3599,271.1343,HIGH_ACTIVITY: current activity 578.36 is more than 2.0x this grid's within-day baseline of 271.13
1943,2013-11-01 11:00:00,HIGH_ACTIVITY,866.4842,271.1343,HIGH_ACTIVITY: current activity 866.48 is more than 2.0x this grid's within-day baseline of 271.13
1943,2013-11-01 12:00:00,HIGH_ACTIVITY,641.1046,271.1343,HIGH_ACTIVITY: current activity 641.10 is more than 2.0x this grid's within-day baseline of 271.13
1943,2013-11-01 15:00:00,HIGH_ACTIVITY,553.3144,271.1343,HIGH_ACTIVITY: current activity 553.31 is more than 2.0x this grid's within-day baseline of 271.13
1943,2013-11-01 17:00:00,HIGH_ACTIVITY,551.5112,271.1343,HIGH_ACTIVITY: current activity 551.51 is more than 2.0x this grid's within-day baseline of 271.13
1943,2013-11-01 18:00:00,HIGH_ACTIVITY,564.6032,271.1343,HIGH_ACTIVITY: current activity 564.60 is more than 2.0x this grid's within-day baseline of 271.13
1944,2013-11-01 10:00:00,HIGH_ACTIVITY,388.9237,184.3915,HIGH_ACTIVITY: current activity 388.92 is more than 2.0x this grid's within-day baseline of 184.39
1944,2013-11-01 11:00:00,HIGH_ACTIVITY,570.8716,184.3915,HIGH_ACTIVITY: current activity 570.87 is more than 2.0x this grid's within-day baseline of 184.39
1944,2013-11-01 12:00:00,HIGH_ACTIVITY,440.0629,184.3915,HIGH_ACTIVITY: current activity 440.06 is more than 2.0x this grid's within-day baseline of 184.39
1944,2013-11-01 15:00:00,HIGH_ACTIVITY,381.1739,184.3915,HIGH_ACTIVITY: current activity 381.17 is more than 2.0x this grid's within-day baseline of 184.39
1944,2013-11-01 18:00:00,HIGH_ACTIVITY,376.9662,184.3915,HIGH_ACTIVITY: current activity 376.97 is more than 2.0x this grid's within-day baseline of 184.39
1946,2013-11-01 22:00:00,HIGH_ACTIVITY,235.5129,116.6597,HIGH_ACTIVITY: current activity 235.51 is more than 2.0x this grid's within-day baseline of 116.66
1948,2013-11-01 07:00:00,ACTIVITY_SPIKE,301.6766,112.3484,ACTIVITY_SPIKE: current activity 301.68 is more than 2.0x the immediately preceding hour's 112.35
1949,2013-11-01 07:00:00,ACTIVITY_SPIKE,302.5283,122.7304,ACTIVITY_SPIKE: current activity 302.53 is more than 2.0x the immediately preceding hour's 122.73
1958,2013-11-01 01:00:00,ACTIVITY_DROP,59.2779,238.2934,ACTIVITY_DROP: current activity 59.28 is below 0.25x this grid's within-day baseline of 238.29
1958,2013-11-01 02:00:00,ACTIVITY_DROP,49.7415,238.2934,ACTIVITY_DROP: current activity 49.74 is below 0.25x this grid's within-day baseline of 238.29
1958,2013-11-01 03:00:00,ACTIVITY_DROP,50.4428,238.2934,ACTIVITY_DROP: current activity 50.44 is below 0.25x this grid's within-day baseline of 238.29
1958,2013-11-01 04:00:00,ACTIVITY_DROP,48.2436,238.2934,ACTIVITY_DROP: current activity 48.24 is below 0.25x this grid's within-day baseline of 238.29
1958,2013-11-01 05:00:00,ACTIVITY_DROP,45.5664,238.2934,ACTIVITY_DROP: current activity 45.57 is below 0.25x this grid's within-day baseline of 238.29
1958,2013-11-01 06:00:00,ACTIVITY_DROP,49.7592,238.2934,ACTIVITY_DROP: current activity 49.76 is below 0.25x this grid's within-day baseline of 238.29
1958,2013-11-01 07:00:00,ACTIVITY_DROP,55.0657,238.2934,ACTIVITY_DROP: current activity 55.07 is below 0.25x this grid's within-day baseline of 238.29
1983,2013-11-01 11:00:00,HIGH_ACTIVITY,361.2101,164.8948,HIGH_ACTIVITY: current activity 361.21 is more than 2.0x this grid's within-day baseline of 164.89
1984,2013-11-01 11:00:00,HIGH_ACTIVITY,568.1165,204.8571,HIGH_ACTIVITY: current activity 568.12 is more than 2.0x this grid's within-day baseline of 204.86
1984,2013-11-01 16:00:00,HIGH_ACTIVITY,450.8939,204.8571,HIGH_ACTIVITY: current activity 450.89 is more than 2.0x this grid's within-day baseline of 204.86
1984,2013-11-01 17:00:00,HIGH_ACTIVITY,424.2024,204.8571,HIGH_ACTIVITY: current activity 424.20 is more than 2.0x this grid's within-day baseline of 204.86
1985,2013-11-01 11:00:00,HIGH_ACTIVITY,305.2149,125.6216,HIGH_ACTIVITY: current activity 305.21 is more than 2.0x this grid's within-day baseline of 125.62
1985,2013-11-01 16:00:00,HIGH_ACTIVITY,280.0051,125.6216,HIGH_ACTIVITY: current activity 280.01 is more than 2.0x this grid's within-day baseline of 125.62
1985,2013-11-01 17:00:00,HIGH_ACTIVITY,288.215,125.6216,HIGH_ACTIVITY: current activity 288.22 is more than 2.0x this grid's within-day baseline of 125.62
1985,2013-11-01 18:00:00,HIGH_ACTIVITY,253.8194,125.6216,HIGH_ACTIVITY: current activity 253.82 is more than 2.0x this grid's within-day baseline of 125.62
2035,2013-11-01 17:00:00,HIGH_ACTIVITY,196.5089,76.4234,HIGH_ACTIVITY: current activity 196.51 is more than 2.0x this grid's within-day baseline of 76.42
2042,2013-11-01 11:00:00,HIGH_ACTIVITY,551.6663,275.2296,HIGH_ACTIVITY: current activity 551.67 is more than 2.0x this grid's within-day baseline of 275.23
2043,2013-11-01 10:00:00,HIGH_ACTIVITY,571.8258,271.018,HIGH_ACTIVITY: current activity 571.83 is more than 2.0x this grid's within-day baseline of 271.02
2043,2013-11-01 11:00:00,HIGH_ACTIVITY,853.7907,271.018,HIGH_ACTIVITY: current activity 853.79 is more than 2.0x this grid's within-day baseline of 271.02
2043,2013-11-01 12:00:00,HIGH_ACTIVITY,633.0113,271.018,HIGH_ACTIVITY: current activity 633.01 is more than 2.0x this grid's within-day baseline of 271.02
2043,2013-11-01 15:00:00,HIGH_ACTIVITY,547.0907,271.018,HIGH_ACTIVITY: current activity 547.09 is more than 2.0x this grid's within-day baseline of 271.02
2043,2013-11-01 17:00:00,HIGH_ACTIVITY,545.8701,271.018,HIGH_ACTIVITY: current activity 545.87 is more than 2.0x this grid's within-day baseline of 271.02
2043,2013-11-01 18:00:00,HIGH_ACTIVITY,559.5794,271.018,HIGH_ACTIVITY: current activity 559.58 is more than 2.0x this grid's within-day baseline of 271.02
2044,2013-11-01 10:00:00,HIGH_ACTIVITY,578.3855,271.1343,HIGH_ACTIVITY: current activity 578.39 is more than 2.0x this grid's within-day baseline of 271.13
2044,2013-11-01 11:00:00,HIGH_ACTIVITY,866.5722,271.1343,HIGH_ACTIVITY: current activity 866.57 is more than 2.0x this grid's within-day baseline of 271.13
2044,2013-11-01 12:00:00,HIGH_ACTIVITY,641.1302,271.1343,HIGH_ACTIVITY: current activity 641.13 is more than 2.0x this grid's within-day baseline of 271.13
2044,2013-11-01 15:00:00,HIGH_ACTIVITY,553.3144,271.1343,HIGH_ACTIVITY: current activity 553.31 is more than 2.0x this grid's within-day baseline of 271.13
2044,2013-11-01 17:00:00,HIGH_ACTIVITY,551.5856,271.1343,HIGH_ACTIVITY: current activity 551.59 is more than 2.0x this grid's within-day baseline of 271.13
2044,2013-11-01 18:00:00,HIGH_ACTIVITY,564.6008,271.1343,HIGH_ACTIVITY: current activity 564.60 is more than 2.0x this grid's within-day baseline of 271.13
2045,2013-11-01 03:00:00,ACTIVITY_DROP,113.4745,501.8556,ACTIVITY_DROP: current activity 113.47 is below 0.25x this grid's within-day baseline of 501.86
2045,2013-11-01 04:00:00,ACTIVITY_DROP,101.9086,501.8556,ACTIVITY_DROP: current activity 101.91 is below 0.25x this grid's within-day baseline of 501.86
2045,2013-11-01 05:00:00,ACTIVITY_DROP,107.5387,501.8556,ACTIVITY_DROP: current activity 107.54 is below 0.25x this grid's within-day baseline of 501.86
2046,2013-11-01 04:00:00,ACTIVITY_DROP,74.9317,319.5047,ACTIVITY_DROP: current activity 74.93 is below 0.25x this grid's within-day baseline of 319.50
2046,2013-11-01 05:00:00,ACTIVITY_DROP,77.5179,319.5047,ACTIVITY_DROP: current activity 77.52 is below 0.25x this grid's within-day baseline of 319.50
2083,2013-11-01 11:00:00,HIGH_ACTIVITY,424.5202,156.1162,HIGH_ACTIVITY: current activity 424.52 is more than 2.0x this grid's within-day baseline of 156.12
2084,2013-11-01 11:00:00,HIGH_ACTIVITY,444.3291,159.2788,HIGH_ACTIVITY: current activity 444.33 is more than 2.0x this grid's within-day baseline of 159.28
2084,2013-11-01 11:00:00,ACTIVITY_SPIKE,444.3291,216.9735,ACTIVITY_SPIKE: current activity 444.33 is more than 2.0x the immediately preceding hour's 216.97
2085,2013-11-01 11:00:00,HIGH_ACTIVITY,220.5582,109.1832,HIGH_ACTIVITY: current activity 220.56 is more than 2.0x this grid's within-day baseline of 109.18
2134,2013-11-01 17:00:00,HIGH_ACTIVITY,226.8255,85.575,HIGH_ACTIVITY: current activity 226.83 is more than 2.0x this grid's within-day baseline of 85.58
2135,2013-11-01 17:00:00,HIGH_ACTIVITY,229.5911,87.7776,HIGH_ACTIVITY: current activity 229.59 is more than 2.0x this grid's within-day baseline of 87.78
2136,2013-11-01 17:00:00,HIGH_ACTIVITY,232.5773,113.9383,HIGH_ACTIVITY: current activity 232.58 is more than 2.0x this grid's within-day baseline of 113.94
2145,2013-11-01 19:00:00,HIGH_ACTIVITY,1921.2663,765.8152,HIGH_ACTIVITY: current activity 1921.27 is more than 2.0x this grid's within-day baseline of 765.82
2146,2013-11-01 03:00:00,ACTIVITY_DROP,99.2352,417.7802,ACTIVITY_DROP: current activity 99.24 is below 0.25x this grid's within-day baseline of 417.78
2146,2013-11-01 04:00:00,ACTIVITY_DROP,87.2104,417.7802,ACTIVITY_DROP: current activity 87.21 is below 0.25x this grid's within-day baseline of 417.78
2146,2013-11-01 05:00:00,ACTIVITY_DROP,93.287,417.7802,ACTIVITY_DROP: current activity 93.29 is below 0.25x this grid's within-day baseline of 417.78
2146,2013-11-01 09:00:00,ACTIVITY_SPIKE,365.3293,178.4519,ACTIVITY_SPIKE: current activity 365.33 is more than 2.0x the immediately preceding hour's 178.45
2146,2013-11-01 10:00:00,ACTIVITY_SPIKE,736.6503,365.3293,ACTIVITY_SPIKE: current activity 736.65 is more than 2.0x the immediately preceding hour's 365.33
2147,2013-11-01 03:00:00,ACTIVITY_DROP,85.2978,457.8103,ACTIVITY_DROP: current activity 85.30 is below 0.25x this grid's within-day baseline of 457.81
2147,2013-11-01 04:00:00,ACTIVITY_DROP,73.7172,457.8103,ACTIVITY_DROP: current activity 73.72 is below 0.25x this grid's within-day baseline of 457.81
2147,2013-11-01 05:00:00,ACTIVITY_DROP,77.314,457.8103,ACTIVITY_DROP: current activity 77.31 is below 0.25x this grid's within-day baseline of 457.81
2147,2013-11-01 06:00:00,ACTIVITY_DROP,107.4071,457.8103,ACTIVITY_DROP: current activity 107.41 is below 0.25x this grid's within-day baseline of 457.81
2147,2013-11-01 07:00:00,ACTIVITY_DROP,106.5753,457.8103,ACTIVITY_DROP: current activity 106.58 is below 0.25x this grid's within-day baseline of 457.81
2148,2013-11-01 15:00:00,HIGH_ACTIVITY,527.3854,259.9122,HIGH_ACTIVITY: current activity 527.39 is more than 2.0x this grid's within-day baseline of 259.91
2148,2013-11-01 16:00:00,HIGH_ACTIVITY,584.8442,259.9122,HIGH_ACTIVITY: current activity 584.84 is more than 2.0x this grid's within-day baseline of 259.91
2148,2013-11-01 17:00:00,HIGH_ACTIVITY,733.2285,259.9122,HIGH_ACTIVITY: current activity 733.23 is more than 2.0x this grid's within-day baseline of 259.91
2148,2013-11-01 18:00:00,HIGH_ACTIVITY,621.3658,259.9122,HIGH_ACTIVITY: current activity 621.37 is more than 2.0x this grid's within-day baseline of 259.91
2148,2013-11-01 19:00:00,HIGH_ACTIVITY,590.9272,259.9122,HIGH_ACTIVITY: current activity 590.93 is more than 2.0x this grid's within-day baseline of 259.91
2182,2013-11-01 11:00:00,HIGH_ACTIVITY,157.9924,77.7472,HIGH_ACTIVITY: current activity 157.99 is more than 2.0x this grid's within-day baseline of 77.75
2182,2013-11-01 15:00:00,HIGH_ACTIVITY,200.9062,77.7472,HIGH_ACTIVITY: current activity 200.91 is more than 2.0x this grid's within-day baseline of 77.75
2182,2013-11-01 15:00:00,ACTIVITY_SPIKE,200.9062,78.1283,ACTIVITY_SPIKE: current activity 200.91 is more than 2.0x the immediately preceding hour's 78.13
2182,2013-11-01 16:00:00,HIGH_ACTIVITY,177.1877,77.7472,HIGH_ACTIVITY: current activity 177.19 is more than 2.0x this grid's within-day baseline of 77.75
2182,2013-11-01 17:00:00,HIGH_ACTIVITY,184.7046,77.7472,HIGH_ACTIVITY: current activity 184.70 is more than 2.0x this grid's within-day baseline of 77.75
2182,2013-11-01 18:00:00,HIGH_ACTIVITY,245.4538,77.7472,HIGH_ACTIVITY: current activity 245.45 is more than 2.0x this grid's within-day baseline of 77.75
2183,2013-11-01 11:00:00,HIGH_ACTIVITY,211.6527,89.9065,HIGH_ACTIVITY: current activity 211.65 is more than 2.0x this grid's within-day baseline of 89.91
2183,2013-11-01 15:00:00,HIGH_ACTIVITY,203.5313,89.9065,HIGH_ACTIVITY: current activity 203.53 is more than 2.0x this grid's within-day baseline of 89.91
2183,2013-11-01 15:00:00,ACTIVITY_SPIKE,203.5313,95.793,ACTIVITY_SPIKE: current activity 203.53 is more than 2.0x the immediately preceding hour's 95.79
2183,2013-11-01 16:00:00,HIGH_ACTIVITY,194.6673,89.9065,HIGH_ACTIVITY: current activity 194.67 is more than 2.0x this grid's within-day baseline of 89.91
2183,2013-11-01 17:00:00,HIGH_ACTIVITY,181.0907,89.9065,HIGH_ACTIVITY: current activity 181.09 is more than 2.0x this grid's within-day baseline of 89.91
2183,2013-11-01 18:00:00,HIGH_ACTIVITY,241.5394,89.9065,HIGH_ACTIVITY: current activity 241.54 is more than 2.0x this grid's within-day baseline of 89.91
2232,2013-11-01 11:00:00,ACTIVITY_SPIKE,209.9916,99.8193,ACTIVITY_SPIKE: current activity 209.99 is more than 2.0x the immediately preceding hour's 99.82
2234,2013-11-01 17:00:00,HIGH_ACTIVITY,223.6498,83.6298,HIGH_ACTIVITY: current activity 223.65 is more than 2.0x this grid's within-day baseline of 83.63
2235,2013-11-01 17:00:00,HIGH_ACTIVITY,232.0532,89.7183,HIGH_ACTIVITY: current activity 232.05 is more than 2.0x this grid's within-day baseline of 89.72
2245,2013-11-01 14:00:00,HIGH_ACTIVITY,1639.9587,808.5186,HIGH_ACTIVITY: current activity 1639.96 is more than 2.0x this grid's within-day baseline of 808.52
2245,2013-11-01 19:00:00,HIGH_ACTIVITY,2084.6764,808.5186,HIGH_ACTIVITY: current activity 2084.68 is more than 2.0x this grid's within-day baseline of 808.52
2246,2013-11-01 03:00:00,ACTIVITY_DROP,124.574,651.5319,ACTIVITY_DROP: current activity 124.57 is below 0.25x this grid's within-day baseline of 651.53
2246,2013-11-01 04:00:00,ACTIVITY_DROP,112.0759,651.5319,ACTIVITY_DROP: current activity 112.08 is below 0.25x this grid's within-day baseline of 651.53
2246,2013-11-01 05:00:00,ACTIVITY_DROP,128.9272,651.5319,ACTIVITY_DROP: current activity 128.93 is below 0.25x this grid's within-day baseline of 651.53
2246,2013-11-01 06:00:00,ACTIVITY_DROP,136.6325,651.5319,ACTIVITY_DROP: current activity 136.63 is below 0.25x this grid's within-day baseline of 651.53
2247,2013-11-01 01:00:00,ACTIVITY_DROP,66.8997,308.2024,ACTIVITY_DROP: current activity 66.90 is below 0.25x this grid's within-day baseline of 308.20
2247,2013-11-01 02:00:00,ACTIVITY_DROP,49.0478,308.2024,ACTIVITY_DROP: current activity 49.05 is below 0.25x this grid's within-day baseline of 308.20
2247,2013-11-01 03:00:00,ACTIVITY_DROP,39.8794,308.2024,ACTIVITY_DROP: current activity 39.88 is below 0.25x this grid's within-day baseline of 308.20
2247,2013-11-01 04:00:00,ACTIVITY_DROP,36.6797,308.2024,ACTIVITY_DROP: current activity 36.68 is below 0.25x this grid's within-day baseline of 308.20
2247,2013-11-01 05:00:00,ACTIVITY_DROP,38.355,308.2024,ACTIVITY_DROP: current activity 38.35 is below 0.25x this grid's within-day baseline of 308.20
2247,2013-11-01 06:00:00,ACTIVITY_DROP,44.3861,308.2024,ACTIVITY_DROP: current activity 44.39 is below 0.25x this grid's within-day baseline of 308.20
2247,2013-11-01 07:00:00,ACTIVITY_DROP,59.4656,308.2024,ACTIVITY_DROP: current activity 59.47 is below 0.25x this grid's within-day baseline of 308.20
2247,2013-11-01 11:00:00,HIGH_ACTIVITY,694.4305,262.0311,HIGH_ACTIVITY: current activity 694.43 is more than 2.0x this grid's within-day baseline of 262.03
2247,2013-11-01 12:00:00,HIGH_ACTIVITY,967.5353,262.0311,HIGH_ACTIVITY: current activity 967.54 is more than 2.0x this grid's within-day baseline of 262.03
2247,2013-11-01 13:00:00,HIGH_ACTIVITY,732.1864,262.0311,HIGH_ACTIVITY: current activity 732.19 is more than 2.0x this grid's within-day baseline of 262.03
2247,2013-11-01 14:00:00,HIGH_ACTIVITY,850.5021,262.0311,HIGH_ACTIVITY: current activity 850.50 is more than 2.0x this grid's within-day baseline of 262.03
2247,2013-11-01 15:00:00,HIGH_ACTIVITY,996.891,262.0311,HIGH_ACTIVITY: current activity 996.89 is more than 2.0x this grid's within-day baseline of 262.03
2247,2013-11-01 16:00:00,HIGH_ACTIVITY,1466.2243,262.0311,HIGH_ACTIVITY: current activity 1466.22 is more than 2.0x this grid's within-day baseline of 262.03
2247,2013-11-01 17:00:00,HIGH_ACTIVITY,1807.5284,262.0311,HIGH_ACTIVITY: current activity 1807.53 is more than 2.0x this grid's within-day baseline of 262.03
2247,2013-11-01 18:00:00,HIGH_ACTIVITY,1640.9236,262.0311,HIGH_ACTIVITY: current activity 1640.92 is more than 2.0x this grid's within-day baseline of 262.03
2247,2013-11-01 19:00:00,HIGH_ACTIVITY,1347.4118,262.0311,HIGH_ACTIVITY: current activity 1347.41 is more than 2.0x this grid's within-day baseline of 262.03
2247,2013-11-01 20:00:00,HIGH_ACTIVITY,803.7019,262.0311,HIGH_ACTIVITY: current activity 803.70 is more than 2.0x this grid's within-day baseline of 262.03
2248,2013-11-01 01:00:00,ACTIVITY_DROP,63.2876,288.3833,ACTIVITY_DROP: current activity 63.29 is below 0.25x this grid's within-day baseline of 288.38
2248,2013-11-01 02:00:00,ACTIVITY_DROP,45.9379,288.3833,ACTIVITY_DROP: current activity 45.94 is below 0.25x this grid's within-day baseline of 288.38
2248,2013-11-01 03:00:00,ACTIVITY_DROP,42.5014,288.3833,ACTIVITY_DROP: current activity 42.50 is below 0.25x this grid's within-day baseline of 288.38
2248,2013-11-01 04:00:00,ACTIVITY_DROP,38.0918,288.3833,ACTIVITY_DROP: current activity 38.09 is below 0.25x this grid's within-day baseline of 288.38
2248,2013-11-01 05:00:00,ACTIVITY_DROP,39.385,288.3833,ACTIVITY_DROP: current activity 39.39 is below 0.25x this grid's within-day baseline of 288.38
2248,2013-11-01 06:00:00,ACTIVITY_DROP,43.3759,288.3833,ACTIVITY_DROP: current activity 43.38 is below 0.25x this grid's within-day baseline of 288.38
2248,2013-11-01 07:00:00,ACTIVITY_DROP,64.207,288.3833,ACTIVITY_DROP: current activity 64.21 is below 0.25x this grid's within-day baseline of 288.38
2248,2013-11-01 11:00:00,HIGH_ACTIVITY,680.5734,250.4887,HIGH_ACTIVITY: current activity 680.57 is more than 2.0x this grid's within-day baseline of 250.49
2248,2013-11-01 12:00:00,HIGH_ACTIVITY,962.6123,250.4887,HIGH_ACTIVITY: current activity 962.61 is more than 2.0x this grid's within-day baseline of 250.49
2248,2013-11-01 13:00:00,HIGH_ACTIVITY,720.8165,250.4887,HIGH_ACTIVITY: current activity 720.82 is more than 2.0x this grid's within-day baseline of 250.49
2248,2013-11-01 14:00:00,HIGH_ACTIVITY,843.2512,250.4887,HIGH_ACTIVITY: current activity 843.25 is more than 2.0x this grid's within-day baseline of 250.49
2248,2013-11-01 15:00:00,HIGH_ACTIVITY,992.2677,250.4887,HIGH_ACTIVITY: current activity 992.27 is more than 2.0x this grid's within-day baseline of 250.49
2248,2013-11-01 16:00:00,HIGH_ACTIVITY,1441.2058,250.4887,HIGH_ACTIVITY: current activity 1441.21 is more than 2.0x this grid's within-day baseline of 250.49
2248,2013-11-01 17:00:00,HIGH_ACTIVITY,1785.8871,250.4887,HIGH_ACTIVITY: current activity 1785.89 is more than 2.0x this grid's within-day baseline of 250.49
2248,2013-11-01 18:00:00,HIGH_ACTIVITY,1615.548,250.4887,HIGH_ACTIVITY: current activity 1615.55 is more than 2.0x this grid's within-day baseline of 250.49
2248,2013-11-01 19:00:00,HIGH_ACTIVITY,1327.5166,250.4887,HIGH_ACTIVITY: current activity 1327.52 is more than 2.0x this grid's within-day baseline of 250.49
2248,2013-11-01 20:00:00,HIGH_ACTIVITY,779.9901,250.4887,HIGH_ACTIVITY: current activity 779.99 is more than 2.0x this grid's within-day baseline of 250.49
2249,2013-11-01 05:00:00,ACTIVITY_DROP,74.2603,303.8006,ACTIVITY_DROP: current activity 74.26 is below 0.25x this grid's within-day baseline of 303.80
2249,2013-11-01 12:00:00,HIGH_ACTIVITY,507.2079,231.3311,HIGH_ACTIVITY: current activity 507.21 is more than 2.0x this grid's within-day baseline of 231.33
2249,2013-11-01 15:00:00,HIGH_ACTIVITY,531.1101,231.3311,HIGH_ACTIVITY: current activity 531.11 is more than 2.0x this grid's within-day baseline of 231.33
2249,2013-11-01 16:00:00,HIGH_ACTIVITY,637.6297,231.3311,HIGH_ACTIVITY: current activity 637.63 is more than 2.0x this grid's within-day baseline of 231.33
2249,2013-11-01 17:00:00,HIGH_ACTIVITY,787.3841,231.3311,HIGH_ACTIVITY: current activity 787.38 is more than 2.0x this grid's within-day baseline of 231.33
2249,2013-11-01 18:00:00,HIGH_ACTIVITY,688.0278,231.3311,HIGH_ACTIVITY: current activity 688.03 is more than 2.0x this grid's within-day baseline of 231.33
2249,2013-11-01 19:00:00,HIGH_ACTIVITY,631.0855,231.3311,HIGH_ACTIVITY: current activity 631.09 is more than 2.0x this grid's within-day baseline of 231.33
2266,2013-11-01 10:00:00,HIGH_ACTIVITY,526.3236,173.742,HIGH_ACTIVITY: current activity 526.32 is more than 2.0x this grid's within-day baseline of 173.74
2266,2013-11-01 11:00:00,HIGH_ACTIVITY,370.4745,173.742,HIGH_ACTIVITY: current activity 370.47 is more than 2.0x this grid's within-day baseline of 173.74
2282,2013-11-01 11:00:00,HIGH_ACTIVITY,162.2934,75.4574,HIGH_ACTIVITY: current activity 162.29 is more than 2.0x this grid's within-day baseline of 75.46
2282,2013-11-01 15:00:00,HIGH_ACTIVITY,210.7848,75.4574,HIGH_ACTIVITY: current activity 210.78 is more than 2.0x this grid's within-day baseline of 75.46
2282,2013-11-01 16:00:00,HIGH_ACTIVITY,181.2394,75.4574,HIGH_ACTIVITY: current activity 181.24 is more than 2.0x this grid's within-day baseline of 75.46
2282,2013-11-01 17:00:00,HIGH_ACTIVITY,189.6747,75.4574,HIGH_ACTIVITY: current activity 189.67 is more than 2.0x this grid's within-day baseline of 75.46
2282,2013-11-01 18:00:00,HIGH_ACTIVITY,254.488,75.4574,HIGH_ACTIVITY: current activity 254.49 is more than 2.0x this grid's within-day baseline of 75.46
2283,2013-11-01 15:00:00,HIGH_ACTIVITY,234.4091,117.0352,HIGH_ACTIVITY: current activity 234.41 is more than 2.0x this grid's within-day baseline of 117.04
2283,2013-11-01 15:00:00,ACTIVITY_SPIKE,234.4091,117.0352,ACTIVITY_SPIKE: current activity 234.41 is more than 2.0x the immediately preceding hour's 117.04
2283,2013-11-01 18:00:00,HIGH_ACTIVITY,273.4009,117.0352,HIGH_ACTIVITY: current activity 273.40 is more than 2.0x this grid's within-day baseline of 117.04
2331,2013-11-01 11:00:00,ACTIVITY_SPIKE,209.9916,99.8193,ACTIVITY_SPIKE: current activity 209.99 is more than 2.0x the immediately preceding hour's 99.82
2332,2013-11-01 11:00:00,ACTIVITY_SPIKE,209.9916,99.8193,ACTIVITY_SPIKE: current activity 209.99 is more than 2.0x the immediately preceding hour's 99.82
2334,2013-11-01 17:00:00,HIGH_ACTIVITY,228.0334,86.3148,HIGH_ACTIVITY: current activity 228.03 is more than 2.0x this grid's within-day baseline of 86.31
2335,2013-11-01 17:00:00,HIGH_ACTIVITY,234.6154,93.7898,HIGH_ACTIVITY: current activity 234.62 is more than 2.0x this grid's within-day baseline of 93.79
2345,2013-11-01 17:00:00,HIGH_ACTIVITY,751.2268,373.6005,HIGH_ACTIVITY: current activity 751.23 is more than 2.0x this grid's within-day baseline of 373.60
2345,2013-11-01 19:00:00,HIGH_ACTIVITY,958.3798,373.6005,HIGH_ACTIVITY: current activity 958.38 is more than 2.0x this grid's within-day baseline of 373.60
2345,2013-11-01 20:00:00,HIGH_ACTIVITY,830.3375,373.6005,HIGH_ACTIVITY: current activity 830.34 is more than 2.0x this grid's within-day baseline of 373.60
2345,2013-11-01 21:00:00,HIGH_ACTIVITY,772.5791,373.6005,HIGH_ACTIVITY: current activity 772.58 is more than 2.0x this grid's within-day baseline of 373.60
2345,2013-11-01 22:00:00,HIGH_ACTIVITY,790.2857,373.6005,HIGH_ACTIVITY: current activity 790.29 is more than 2.0x this grid's within-day baseline of 373.60
2346,2013-11-01 02:00:00,ACTIVITY_DROP,49.9786,323.471,ACTIVITY_DROP: current activity 49.98 is below 0.25x this grid's within-day baseline of 323.47
2346,2013-11-01 03:00:00,ACTIVITY_DROP,44.415,323.471,ACTIVITY_DROP: current activity 44.41 is below 0.25x this grid's within-day baseline of 323.47
2346,2013-11-01 04:00:00,ACTIVITY_DROP,38.7792,323.471,ACTIVITY_DROP: current activity 38.78 is below 0.25x this grid's within-day baseline of 323.47
2346,2013-11-01 05:00:00,ACTIVITY_DROP,40.0995,323.471,ACTIVITY_DROP: current activity 40.10 is below 0.25x this grid's within-day baseline of 323.47
2346,2013-11-01 06:00:00,ACTIVITY_DROP,43.9798,323.471,ACTIVITY_DROP: current activity 43.98 is below 0.25x this grid's within-day baseline of 323.47
2346,2013-11-01 07:00:00,ACTIVITY_DROP,77.86,323.471,ACTIVITY_DROP: current activity 77.86 is below 0.25x this grid's within-day baseline of 323.47
2346,2013-11-01 16:00:00,HIGH_ACTIVITY,615.6384,261.1135,HIGH_ACTIVITY: current activity 615.64 is more than 2.0x this grid's within-day baseline of 261.11
2346,2013-11-01 17:00:00,HIGH_ACTIVITY,822.3891,261.1135,HIGH_ACTIVITY: current activity 822.39 is more than 2.0x this grid's within-day baseline of 261.11
2346,2013-11-01 18:00:00,HIGH_ACTIVITY,736.9707,261.1135,HIGH_ACTIVITY: current activity 736.97 is more than 2.0x this grid's within-day baseline of 261.11
2346,2013-11-01 19:00:00,HIGH_ACTIVITY,701.5237,261.1135,HIGH_ACTIVITY: current activity 701.52 is more than 2.0x this grid's within-day baseline of 261.11
2346,2013-11-01 20:00:00,HIGH_ACTIVITY,562.6076,261.1135,HIGH_ACTIVITY: current activity 562.61 is more than 2.0x this grid's within-day baseline of 261.11
2347,2013-11-01 01:00:00,ACTIVITY_DROP,61.3712,294.6335,ACTIVITY_DROP: current activity 61.37 is below 0.25x this grid's within-day baseline of 294.63
2347,2013-11-01 02:00:00,ACTIVITY_DROP,38.2916,294.6335,ACTIVITY_DROP: current activity 38.29 is below 0.25x this grid's within-day baseline of 294.63
2347,2013-11-01 03:00:00,ACTIVITY_DROP,35.8721,294.6335,ACTIVITY_DROP: current activity 35.87 is below 0.25x this grid's within-day baseline of 294.63
2347,2013-11-01 04:00:00,ACTIVITY_DROP,32.9208,294.6335,ACTIVITY_DROP: current activity 32.92 is below 0.25x this grid's within-day baseline of 294.63
2347,2013-11-01 05:00:00,ACTIVITY_DROP,34.2053,294.6335,ACTIVITY_DROP: current activity 34.21 is below 0.25x this grid's within-day baseline of 294.63
2347,2013-11-01 06:00:00,ACTIVITY_DROP,37.0128,294.6335,ACTIVITY_DROP: current activity 37.01 is below 0.25x this grid's within-day baseline of 294.63
2347,2013-11-01 07:00:00,ACTIVITY_DROP,58.0359,294.6335,ACTIVITY_DROP: current activity 58.04 is below 0.25x this grid's within-day baseline of 294.63
2347,2013-11-01 11:00:00,HIGH_ACTIVITY,647.45,231.1947,HIGH_ACTIVITY: current activity 647.45 is more than 2.0x this grid's within-day baseline of 231.19
2347,2013-11-01 12:00:00,HIGH_ACTIVITY,916.1213,231.1947,HIGH_ACTIVITY: current activity 916.12 is more than 2.0x this grid's within-day baseline of 231.19
2347,2013-11-01 13:00:00,HIGH_ACTIVITY,684.7124,231.1947,HIGH_ACTIVITY: current activity 684.71 is more than 2.0x this grid's within-day baseline of 231.19
2347,2013-11-01 14:00:00,HIGH_ACTIVITY,809.8909,231.1947,HIGH_ACTIVITY: current activity 809.89 is more than 2.0x this grid's within-day baseline of 231.19
2347,2013-11-01 15:00:00,HIGH_ACTIVITY,944.7687,231.1947,HIGH_ACTIVITY: current activity 944.77 is more than 2.0x this grid's within-day baseline of 231.19
2347,2013-11-01 16:00:00,HIGH_ACTIVITY,1384.1815,231.1947,HIGH_ACTIVITY: current activity 1384.18 is more than 2.0x this grid's within-day baseline of 231.19
2347,2013-11-01 17:00:00,HIGH_ACTIVITY,1725.8643,231.1947,HIGH_ACTIVITY: current activity 1725.86 is more than 2.0x this grid's within-day baseline of 231.19
2347,2013-11-01 18:00:00,HIGH_ACTIVITY,1563.9946,231.1947,HIGH_ACTIVITY: current activity 1563.99 is more than 2.0x this grid's within-day baseline of 231.19
2347,2013-11-01 19:00:00,HIGH_ACTIVITY,1293.0714,231.1947,HIGH_ACTIVITY: current activity 1293.07 is more than 2.0x this grid's within-day baseline of 231.19
2347,2013-11-01 20:00:00,HIGH_ACTIVITY,780.3832,231.1947,HIGH_ACTIVITY: current activity 780.38 is more than 2.0x this grid's within-day baseline of 231.19
2348,2013-11-01 01:00:00,ACTIVITY_DROP,58.4687,277.8785,ACTIVITY_DROP: current activity 58.47 is below 0.25x this grid's within-day baseline of 277.88
2348,2013-11-01 02:00:00,ACTIVITY_DROP,37.4392,277.8785,ACTIVITY_DROP: current activity 37.44 is below 0.25x this grid's within-day baseline of 277.88
2348,2013-11-01 03:00:00,ACTIVITY_DROP,34.9485,277.8785,ACTIVITY_DROP: current activity 34.95 is below 0.25x this grid's within-day baseline of 277.88
2348,2013-11-01 04:00:00,ACTIVITY_DROP,32.5136,277.8785,ACTIVITY_DROP: current activity 32.51 is below 0.25x this grid's within-day baseline of 277.88
2348,2013-11-01 05:00:00,ACTIVITY_DROP,33.897,277.8785,ACTIVITY_DROP: current activity 33.90 is below 0.25x this grid's within-day baseline of 277.88
2348,2013-11-01 06:00:00,ACTIVITY_DROP,36.7195,277.8785,ACTIVITY_DROP: current activity 36.72 is below 0.25x this grid's within-day baseline of 277.88
2348,2013-11-01 07:00:00,ACTIVITY_DROP,54.7885,277.8785,ACTIVITY_DROP: current activity 54.79 is below 0.25x this grid's within-day baseline of 277.88
2348,2013-11-01 11:00:00,HIGH_ACTIVITY,717.8981,252.7142,HIGH_ACTIVITY: current activity 717.90 is more than 2.0x this grid's within-day baseline of 252.71
2348,2013-11-01 12:00:00,HIGH_ACTIVITY,1019.8323,252.7142,HIGH_ACTIVITY: current activity 1019.83 is more than 2.0x this grid's within-day baseline of 252.71
2348,2013-11-01 13:00:00,HIGH_ACTIVITY,761.465,252.7142,HIGH_ACTIVITY: current activity 761.46 is more than 2.0x this grid's within-day baseline of 252.71
2348,2013-11-01 14:00:00,HIGH_ACTIVITY,898.9036,252.7142,HIGH_ACTIVITY: current activity 898.90 is more than 2.0x this grid's within-day baseline of 252.71
2348,2013-11-01 15:00:00,HIGH_ACTIVITY,1050.0621,252.7142,HIGH_ACTIVITY: current activity 1050.06 is more than 2.0x this grid's within-day baseline of 252.71
2348,2013-11-01 16:00:00,HIGH_ACTIVITY,1547.5519,252.7142,HIGH_ACTIVITY: current activity 1547.55 is more than 2.0x this grid's within-day baseline of 252.71
2348,2013-11-01 17:00:00,HIGH_ACTIVITY,1916.5689,252.7142,HIGH_ACTIVITY: current activity 1916.57 is more than 2.0x this grid's within-day baseline of 252.71
2348,2013-11-01 18:00:00,HIGH_ACTIVITY,1738.9874,252.7142,HIGH_ACTIVITY: current activity 1738.99 is more than 2.0x this grid's within-day baseline of 252.71
2348,2013-11-01 19:00:00,HIGH_ACTIVITY,1418.9942,252.7142,HIGH_ACTIVITY: current activity 1418.99 is more than 2.0x this grid's within-day baseline of 252.71
2348,2013-11-01 20:00:00,HIGH_ACTIVITY,827.8027,252.7142,HIGH_ACTIVITY: current activity 827.80 is more than 2.0x this grid's within-day baseline of 252.71
2349,2013-11-01 04:00:00,ACTIVITY_DROP,54.3761,228.8673,ACTIVITY_DROP: current activity 54.38 is below 0.25x this grid's within-day baseline of 228.87
2349,2013-11-01 05:00:00,ACTIVITY_DROP,48.952,228.8673,ACTIVITY_DROP: current activity 48.95 is below 0.25x this grid's within-day baseline of 228.87
2349,2013-11-01 06:00:00,ACTIVITY_DROP,51.7883,228.8673,ACTIVITY_DROP: current activity 51.79 is below 0.25x this grid's within-day baseline of 228.87
2349,2013-11-01 11:00:00,HIGH_ACTIVITY,486.7243,207.2344,HIGH_ACTIVITY: current activity 486.72 is more than 2.0x this grid's within-day baseline of 207.23
2349,2013-11-01 12:00:00,HIGH_ACTIVITY,650.2768,207.2344,HIGH_ACTIVITY: current activity 650.28 is more than 2.0x this grid's within-day baseline of 207.23
2349,2013-11-01 13:00:00,HIGH_ACTIVITY,512.496,207.2344,HIGH_ACTIVITY: current activity 512.50 is more than 2.0x this grid's within-day baseline of 207.23
2349,2013-11-01 14:00:00,HIGH_ACTIVITY,591.5147,207.2344,HIGH_ACTIVITY: current activity 591.51 is more than 2.0x this grid's within-day baseline of 207.23
2349,2013-11-01 15:00:00,HIGH_ACTIVITY,673.8842,207.2344,HIGH_ACTIVITY: current activity 673.88 is more than 2.0x this grid's within-day baseline of 207.23
2349,2013-11-01 16:00:00,HIGH_ACTIVITY,959.9107,207.2344,HIGH_ACTIVITY: current activity 959.91 is more than 2.0x this grid's within-day baseline of 207.23
2349,2013-11-01 17:00:00,HIGH_ACTIVITY,1169.3364,207.2344,HIGH_ACTIVITY: current activity 1169.34 is more than 2.0x this grid's within-day baseline of 207.23
2349,2013-11-01 18:00:00,HIGH_ACTIVITY,1069.108,207.2344,HIGH_ACTIVITY: current activity 1069.11 is more than 2.0x this grid's within-day baseline of 207.23
2349,2013-11-01 19:00:00,HIGH_ACTIVITY,901.416,207.2344,HIGH_ACTIVITY: current activity 901.42 is more than 2.0x this grid's within-day baseline of 207.23
2349,2013-11-01 20:00:00,HIGH_ACTIVITY,554.7497,207.2344,HIGH_ACTIVITY: current activity 554.75 is more than 2.0x this grid's within-day baseline of 207.23
2381,2013-11-01 18:00:00,HIGH_ACTIVITY,173.1017,82.2669,HIGH_ACTIVITY: current activity 173.10 is more than 2.0x this grid's within-day baseline of 82.27
2383,2013-11-01 06:00:00,ACTIVITY_SPIKE,204.0297,86.3401,ACTIVITY_SPIKE: current activity 204.03 is more than 2.0x the immediately preceding hour's 86.34
2431,2013-11-01 11:00:00,ACTIVITY_SPIKE,209.9916,99.8193,ACTIVITY_SPIKE: current activity 209.99 is more than 2.0x the immediately preceding hour's 99.82
2432,2013-11-01 11:00:00,ACTIVITY_SPIKE,209.9916,99.8193,ACTIVITY_SPIKE: current activity 209.99 is more than 2.0x the immediately preceding hour's 99.82
2445,2013-11-01 17:00:00,HIGH_ACTIVITY,280.8696,116.3713,HIGH_ACTIVITY: current activity 280.87 is more than 2.0x this grid's within-day baseline of 116.37
2445,2013-11-01 18:00:00,HIGH_ACTIVITY,239.5219,116.3713,HIGH_ACTIVITY: current activity 239.52 is more than 2.0x this grid's within-day baseline of 116.37
2445,2013-11-01 19:00:00,HIGH_ACTIVITY,336.392,116.3713,HIGH_ACTIVITY: current activity 336.39 is more than 2.0x this grid's within-day baseline of 116.37
2445,2013-11-01 20:00:00,HIGH_ACTIVITY,422.8341,116.3713,HIGH_ACTIVITY: current activity 422.83 is more than 2.0x this grid's within-day baseline of 116.37
2445,2013-11-01 21:00:00,HIGH_ACTIVITY,424.125,116.3713,HIGH_ACTIVITY: current activity 424.12 is more than 2.0x this grid's within-day baseline of 116.37
2445,2013-11-01 22:00:00,HIGH_ACTIVITY,457.266,116.3713,HIGH_ACTIVITY: current activity 457.27 is more than 2.0x this grid's within-day baseline of 116.37
2445,2013-11-01 23:00:00,HIGH_ACTIVITY,284.3133,116.3713,HIGH_ACTIVITY: current activity 284.31 is more than 2.0x this grid's within-day baseline of 116.37
2446,2013-11-01 17:00:00,HIGH_ACTIVITY,280.8696,116.3713,HIGH_ACTIVITY: current activity 280.87 is more than 2.0x this grid's within-day baseline of 116.37
2446,2013-11-01 18:00:00,HIGH_ACTIVITY,239.5219,116.3713,HIGH_ACTIVITY: current activity 239.52 is more than 2.0x this grid's within-day baseline of 116.37
2446,2013-11-01 19:00:00,HIGH_ACTIVITY,336.392,116.3713,HIGH_ACTIVITY: current activity 336.39 is more than 2.0x this grid's within-day baseline of 116.37
2446,2013-11-01 20:00:00,HIGH_ACTIVITY,422.8341,116.3713,HIGH_ACTIVITY: current activity 422.83 is more than 2.0x this grid's within-day baseline of 116.37
2446,2013-11-01 21:00:00,HIGH_ACTIVITY,424.125,116.3713,HIGH_ACTIVITY: current activity 424.12 is more than 2.0x this grid's within-day baseline of 116.37
2446,2013-11-01 22:00:00,HIGH_ACTIVITY,457.266,116.3713,HIGH_ACTIVITY: current activity 457.27 is more than 2.0x this grid's within-day baseline of 116.37
2446,2013-11-01 23:00:00,HIGH_ACTIVITY,284.3133,116.3713,HIGH_ACTIVITY: current activity 284.31 is more than 2.0x this grid's within-day baseline of 116.37
2447,2013-11-01 03:00:00,ACTIVITY_DROP,42.1753,175.4873,ACTIVITY_DROP: current activity 42.18 is below 0.25x this grid's within-day baseline of 175.49
2447,2013-11-01 04:00:00,ACTIVITY_DROP,36.233,175.4873,ACTIVITY_DROP: current activity 36.23 is below 0.25x this grid's within-day baseline of 175.49
2447,2013-11-01 05:00:00,ACTIVITY_DROP,36.9446,175.4873,ACTIVITY_DROP: current activity 36.94 is below 0.25x this grid's within-day baseline of 175.49
2447,2013-11-01 06:00:00,ACTIVITY_DROP,39.2021,175.4873,ACTIVITY_DROP: current activity 39.20 is below 0.25x this grid's within-day baseline of 175.49
2447,2013-11-01 17:00:00,HIGH_ACTIVITY,408.052,163.7389,HIGH_ACTIVITY: current activity 408.05 is more than 2.0x this grid's within-day baseline of 163.74
2447,2013-11-01 18:00:00,HIGH_ACTIVITY,356.7528,163.7389,HIGH_ACTIVITY: current activity 356.75 is more than 2.0x this grid's within-day baseline of 163.74
2447,2013-11-01 19:00:00,HIGH_ACTIVITY,416.8236,163.7389,HIGH_ACTIVITY: current activity 416.82 is more than 2.0x this grid's within-day baseline of 163.74
2447,2013-11-01 20:00:00,HIGH_ACTIVITY,445.6401,163.7389,HIGH_ACTIVITY: current activity 445.64 is more than 2.0x this grid's within-day baseline of 163.74
2447,2013-11-01 21:00:00,HIGH_ACTIVITY,402.1883,163.7389,HIGH_ACTIVITY: current activity 402.19 is more than 2.0x this grid's within-day baseline of 163.74
2447,2013-11-01 22:00:00,HIGH_ACTIVITY,427.1717,163.7389,HIGH_ACTIVITY: current activity 427.17 is more than 2.0x this grid's within-day baseline of 163.74
2448,2013-11-01 02:00:00,ACTIVITY_DROP,34.2668,137.3789,ACTIVITY_DROP: current activity 34.27 is below 0.25x this grid's within-day baseline of 137.38
2448,2013-11-01 03:00:00,ACTIVITY_DROP,29.7719,137.3789,ACTIVITY_DROP: current activity 29.77 is below 0.25x this grid's within-day baseline of 137.38
2448,2013-11-01 04:00:00,ACTIVITY_DROP,32.1455,137.3789,ACTIVITY_DROP: current activity 32.15 is below 0.25x this grid's within-day baseline of 137.38
2448,2013-11-01 06:00:00,ACTIVITY_DROP,30.572,137.3789,ACTIVITY_DROP: current activity 30.57 is below 0.25x this grid's within-day baseline of 137.38
2448,2013-11-01 11:00:00,HIGH_ACTIVITY,255.7167,120.311,HIGH_ACTIVITY: current activity 255.72 is more than 2.0x this grid's within-day baseline of 120.31
2448,2013-11-01 12:00:00,HIGH_ACTIVITY,325.1984,120.311,HIGH_ACTIVITY: current activity 325.20 is more than 2.0x this grid's within-day baseline of 120.31
2448,2013-11-01 13:00:00,HIGH_ACTIVITY,262.0075,120.311,HIGH_ACTIVITY: current activity 262.01 is more than 2.0x this grid's within-day baseline of 120.31
2448,2013-11-01 14:00:00,HIGH_ACTIVITY,299.1073,120.311,HIGH_ACTIVITY: current activity 299.11 is more than 2.0x this grid's within-day baseline of 120.31
2448,2013-11-01 15:00:00,HIGH_ACTIVITY,337.3994,120.311,HIGH_ACTIVITY: current activity 337.40 is more than 2.0x this grid's within-day baseline of 120.31
2448,2013-11-01 16:00:00,HIGH_ACTIVITY,476.771,120.311,HIGH_ACTIVITY: current activity 476.77 is more than 2.0x this grid's within-day baseline of 120.31
2448,2013-11-01 17:00:00,HIGH_ACTIVITY,593.8035,120.311,HIGH_ACTIVITY: current activity 593.80 is more than 2.0x this grid's within-day baseline of 120.31
2448,2013-11-01 18:00:00,HIGH_ACTIVITY,549.3866,120.311,HIGH_ACTIVITY: current activity 549.39 is more than 2.0x this grid's within-day baseline of 120.31
2448,2013-11-01 19:00:00,HIGH_ACTIVITY,435.7684,120.311,HIGH_ACTIVITY: current activity 435.77 is more than 2.0x this grid's within-day baseline of 120.31
2448,2013-11-01 20:00:00,HIGH_ACTIVITY,269.6646,120.311,HIGH_ACTIVITY: current activity 269.66 is more than 2.0x this grid's within-day baseline of 120.31
2449,2013-11-01 16:00:00,HIGH_ACTIVITY,251.5147,108.7684,HIGH_ACTIVITY: current activity 251.51 is more than 2.0x this grid's within-day baseline of 108.77
2449,2013-11-01 17:00:00,HIGH_ACTIVITY,302.1138,108.7684,HIGH_ACTIVITY: current activity 302.11 is more than 2.0x this grid's within-day baseline of 108.77
2449,2013-11-01 18:00:00,HIGH_ACTIVITY,288.1886,108.7684,HIGH_ACTIVITY: current activity 288.19 is more than 2.0x this grid's within-day baseline of 108.77
2449,2013-11-01 19:00:00,HIGH_ACTIVITY,243.4971,108.7684,HIGH_ACTIVITY: current activity 243.50 is more than 2.0x this grid's within-day baseline of 108.77
2483,2013-11-01 06:00:00,ACTIVITY_SPIKE,239.5346,102.5155,ACTIVITY_SPIKE: current activity 239.53 is more than 2.0x the immediately preceding hour's 102.52
2544,2013-11-01 17:00:00,HIGH_ACTIVITY,280.9053,118.394,HIGH_ACTIVITY: current activity 280.91 is more than 2.0x this grid's within-day baseline of 118.39
2544,2013-11-01 18:00:00,HIGH_ACTIVITY,240.5652,118.394,HIGH_ACTIVITY: current activity 240.57 is more than 2.0x this grid's within-day baseline of 118.39
2544,2013-11-01 19:00:00,HIGH_ACTIVITY,336.0033,118.394,HIGH_ACTIVITY: current activity 336.00 is more than 2.0x this grid's within-day baseline of 118.39
2544,2013-11-01 20:00:00,HIGH_ACTIVITY,421.794,118.394,HIGH_ACTIVITY: current activity 421.79 is more than 2.0x this grid's within-day baseline of 118.39
2544,2013-11-01 21:00:00,HIGH_ACTIVITY,422.4539,118.394,HIGH_ACTIVITY: current activity 422.45 is more than 2.0x this grid's within-day baseline of 118.39
2544,2013-11-01 22:00:00,HIGH_ACTIVITY,455.2324,118.394,HIGH_ACTIVITY: current activity 455.23 is more than 2.0x this grid's within-day baseline of 118.39
2544,2013-11-01 23:00:00,HIGH_ACTIVITY,283.8432,118.394,HIGH_ACTIVITY: current activity 283.84 is more than 2.0x this grid's within-day baseline of 118.39
2545,2013-11-01 17:00:00,HIGH_ACTIVITY,280.8696,116.3713,HIGH_ACTIVITY: current activity 280.87 is more than 2.0x this grid's within-day baseline of 116.37
2545,2013-11-01 18:00:00,HIGH_ACTIVITY,239.5219,116.3713,HIGH_ACTIVITY: current activity 239.52 is more than 2.0x this grid's within-day baseline of 116.37
2545,2013-11-01 19:00:00,HIGH_ACTIVITY,336.392,116.3713,HIGH_ACTIVITY: current activity 336.39 is more than 2.0x this grid's within-day baseline of 116.37
2545,2013-11-01 20:00:00,HIGH_ACTIVITY,422.8341,116.3713,HIGH_ACTIVITY: current activity 422.83 is more than 2.0x this grid's within-day baseline of 116.37
2545,2013-11-01 21:00:00,HIGH_ACTIVITY,424.125,116.3713,HIGH_ACTIVITY: current activity 424.12 is more than 2.0x this grid's within-day baseline of 116.37
2545,2013-11-01 22:00:00,HIGH_ACTIVITY,457.266,116.3713,HIGH_ACTIVITY: current activity 457.27 is more than 2.0x this grid's within-day baseline of 116.37
2545,2013-11-01 23:00:00,HIGH_ACTIVITY,284.3133,116.3713,HIGH_ACTIVITY: current activity 284.31 is more than 2.0x this grid's within-day baseline of 116.37
2546,2013-11-01 17:00:00,HIGH_ACTIVITY,280.8696,116.3713,HIGH_ACTIVITY: current activity 280.87 is more than 2.0x this grid's within-day baseline of 116.37
2546,2013-11-01 18:00:00,HIGH_ACTIVITY,239.5219,116.3713,HIGH_ACTIVITY: current activity 239.52 is more than 2.0x this grid's within-day baseline of 116.37
2546,2013-11-01 19:00:00,HIGH_ACTIVITY,336.392,116.3713,HIGH_ACTIVITY: current activity 336.39 is more than 2.0x this grid's within-day baseline of 116.37
2546,2013-11-01 20:00:00,HIGH_ACTIVITY,422.8341,116.3713,HIGH_ACTIVITY: current activity 422.83 is more than 2.0x this grid's within-day baseline of 116.37
2546,2013-11-01 21:00:00,HIGH_ACTIVITY,424.125,116.3713,HIGH_ACTIVITY: current activity 424.12 is more than 2.0x this grid's within-day baseline of 116.37
2546,2013-11-01 22:00:00,HIGH_ACTIVITY,457.266,116.3713,HIGH_ACTIVITY: current activity 457.27 is more than 2.0x this grid's within-day baseline of 116.37
2546,2013-11-01 23:00:00,HIGH_ACTIVITY,284.3133,116.3713,HIGH_ACTIVITY: current activity 284.31 is more than 2.0x this grid's within-day baseline of 116.37
2547,2013-11-01 19:00:00,HIGH_ACTIVITY,227.4322,102.6227,HIGH_ACTIVITY: current activity 227.43 is more than 2.0x this grid's within-day baseline of 102.62
2547,2013-11-01 20:00:00,HIGH_ACTIVITY,279.9981,102.6227,HIGH_ACTIVITY: current activity 280.00 is more than 2.0x this grid's within-day baseline of 102.62
2547,2013-11-01 21:00:00,HIGH_ACTIVITY,281.0332,102.6227,HIGH_ACTIVITY: current activity 281.03 is more than 2.0x this grid's within-day baseline of 102.62
2547,2013-11-01 22:00:00,HIGH_ACTIVITY,323.4517,102.6227,HIGH_ACTIVITY: current activity 323.45 is more than 2.0x this grid's within-day baseline of 102.62
2579,2013-11-01 11:00:00,HIGH_ACTIVITY,166.5699,76.0215,HIGH_ACTIVITY: current activity 166.57 is more than 2.0x this grid's within-day baseline of 76.02
2579,2013-11-01 12:00:00,HIGH_ACTIVITY,155.3633,76.0215,HIGH_ACTIVITY: current activity 155.36 is more than 2.0x this grid's within-day baseline of 76.02
2580,2013-11-01 11:00:00,HIGH_ACTIVITY,193.35,91.8382,HIGH_ACTIVITY: current activity 193.35 is more than 2.0x this grid's within-day baseline of 91.84
2600,2013-11-01 08:00:00,ACTIVITY_SPIKE,226.8756,99.4718,ACTIVITY_SPIKE: current activity 226.88 is more than 2.0x the immediately preceding hour's 99.47
2643,2013-11-01 20:00:00,HIGH_ACTIVITY,354.7025,159.2672,HIGH_ACTIVITY: current activity 354.70 is more than 2.0x this grid's within-day baseline of 159.27
2643,2013-11-01 21:00:00,HIGH_ACTIVITY,343.8142,159.2672,HIGH_ACTIVITY: current activity 343.81 is more than 2.0x this grid's within-day baseline of 159.27
2643,2013-11-01 22:00:00,HIGH_ACTIVITY,363.233,159.2672,HIGH_ACTIVITY: current activity 363.23 is more than 2.0x this grid's within-day baseline of 159.27
2644,2013-11-01 17:00:00,HIGH_ACTIVITY,280.8696,116.3713,HIGH_ACTIVITY: current activity 280.87 is more than 2.0x this grid's within-day baseline of 116.37
2644,2013-11-01 18:00:00,HIGH_ACTIVITY,239.5219,116.3713,HIGH_ACTIVITY: current activity 239.52 is more than 2.0x this grid's within-day baseline of 116.37
2644,2013-11-01 19:00:00,HIGH_ACTIVITY,336.392,116.3713,HIGH_ACTIVITY: current activity 336.39 is more than 2.0x this grid's within-day baseline of 116.37
2644,2013-11-01 20:00:00,HIGH_ACTIVITY,422.8341,116.3713,HIGH_ACTIVITY: current activity 422.83 is more than 2.0x this grid's within-day baseline of 116.37
2644,2013-11-01 21:00:00,HIGH_ACTIVITY,424.125,116.3713,HIGH_ACTIVITY: current activity 424.12 is more than 2.0x this grid's within-day baseline of 116.37
2644,2013-11-01 22:00:00,HIGH_ACTIVITY,457.266,116.3713,HIGH_ACTIVITY: current activity 457.27 is more than 2.0x this grid's within-day baseline of 116.37
2644,2013-11-01 23:00:00,HIGH_ACTIVITY,284.3133,116.3713,HIGH_ACTIVITY: current activity 284.31 is more than 2.0x this grid's within-day baseline of 116.37
2645,2013-11-01 17:00:00,HIGH_ACTIVITY,280.8696,116.3713,HIGH_ACTIVITY: current activity 280.87 is more than 2.0x this grid's within-day baseline of 116.37
2645,2013-11-01 18:00:00,HIGH_ACTIVITY,239.5219,116.3713,HIGH_ACTIVITY: current activity 239.52 is more than 2.0x this grid's within-day baseline of 116.37
2645,2013-11-01 19:00:00,HIGH_ACTIVITY,336.392,116.3713,HIGH_ACTIVITY: current activity 336.39 is more than 2.0x this grid's within-day baseline of 116.37
2645,2013-11-01 20:00:00,HIGH_ACTIVITY,422.8341,116.3713,HIGH_ACTIVITY: current activity 422.83 is more than 2.0x this grid's within-day baseline of 116.37
2645,2013-11-01 21:00:00,HIGH_ACTIVITY,424.125,116.3713,HIGH_ACTIVITY: current activity 424.12 is more than 2.0x this grid's within-day baseline of 116.37
2645,2013-11-01 22:00:00,HIGH_ACTIVITY,457.266,116.3713,HIGH_ACTIVITY: current activity 457.27 is more than 2.0x this grid's within-day baseline of 116.37
2645,2013-11-01 23:00:00,HIGH_ACTIVITY,284.3133,116.3713,HIGH_ACTIVITY: current activity 284.31 is more than 2.0x this grid's within-day baseline of 116.37
2646,2013-11-01 17:00:00,HIGH_ACTIVITY,280.8696,116.3713,HIGH_ACTIVITY: current activity 280.87 is more than 2.0x this grid's within-day baseline of 116.37
2646,2013-11-01 18:00:00,HIGH_ACTIVITY,239.5219,116.3713,HIGH_ACTIVITY: current activity 239.52 is more than 2.0x this grid's within-day baseline of 116.37
2646,2013-11-01 19:00:00,HIGH_ACTIVITY,336.392,116.3713,HIGH_ACTIVITY: current activity 336.39 is more than 2.0x this grid's within-day baseline of 116.37
2646,2013-11-01 20:00:00,HIGH_ACTIVITY,422.8341,116.3713,HIGH_ACTIVITY: current activity 422.83 is more than 2.0x this grid's within-day baseline of 116.37
2646,2013-11-01 21:00:00,HIGH_ACTIVITY,424.125,116.3713,HIGH_ACTIVITY: current activity 424.12 is more than 2.0x this grid's within-day baseline of 116.37
2646,2013-11-01 22:00:00,HIGH_ACTIVITY,457.266,116.3713,HIGH_ACTIVITY: current activity 457.27 is more than 2.0x this grid's within-day baseline of 116.37
2646,2013-11-01 23:00:00,HIGH_ACTIVITY,284.3133,116.3713,HIGH_ACTIVITY: current activity 284.31 is more than 2.0x this grid's within-day baseline of 116.37
2647,2013-11-01 19:00:00,HIGH_ACTIVITY,203.0928,98.1196,HIGH_ACTIVITY: current activity 203.09 is more than 2.0x this grid's within-day baseline of 98.12
2647,2013-11-01 20:00:00,HIGH_ACTIVITY,247.9509,98.1196,HIGH_ACTIVITY: current activity 247.95 is more than 2.0x this grid's within-day baseline of 98.12
2647,2013-11-01 21:00:00,HIGH_ACTIVITY,249.5421,98.1196,HIGH_ACTIVITY: current activity 249.54 is more than 2.0x this grid's within-day baseline of 98.12
2647,2013-11-01 22:00:00,HIGH_ACTIVITY,293.7938,98.1196,HIGH_ACTIVITY: current activity 293.79 is more than 2.0x this grid's within-day baseline of 98.12
2679,2013-11-01 11:00:00,HIGH_ACTIVITY,204.8844,97.3177,HIGH_ACTIVITY: current activity 204.88 is more than 2.0x this grid's within-day baseline of 97.32
2736,2013-11-01 08:00:00,ACTIVITY_SPIKE,441.0119,189.8491,ACTIVITY_SPIKE: current activity 441.01 is more than 2.0x the immediately preceding hour's 189.85
2744,2013-11-01 17:00:00,HIGH_ACTIVITY,258.4815,116.3653,HIGH_ACTIVITY: current activity 258.48 is more than 2.0x this grid's within-day baseline of 116.37
2744,2013-11-01 19:00:00,HIGH_ACTIVITY,313.1037,116.3653,HIGH_ACTIVITY: current activity 313.10 is more than 2.0x this grid's within-day baseline of 116.37
2744,2013-11-01 20:00:00,HIGH_ACTIVITY,387.4286,116.3653,HIGH_ACTIVITY: current activity 387.43 is more than 2.0x this grid's within-day baseline of 116.37
2744,2013-11-01 21:00:00,HIGH_ACTIVITY,389.2767,116.3653,HIGH_ACTIVITY: current activity 389.28 is more than 2.0x this grid's within-day baseline of 116.37
2744,2013-11-01 22:00:00,HIGH_ACTIVITY,417.6628,116.3653,HIGH_ACTIVITY: current activity 417.66 is more than 2.0x this grid's within-day baseline of 116.37
2744,2013-11-01 23:00:00,HIGH_ACTIVITY,262.0732,116.3653,HIGH_ACTIVITY: current activity 262.07 is more than 2.0x this grid's within-day baseline of 116.37
2745,2013-11-01 17:00:00,HIGH_ACTIVITY,280.8696,116.3713,HIGH_ACTIVITY: current activity 280.87 is more than 2.0x this grid's within-day baseline of 116.37
2745,2013-11-01 18:00:00,HIGH_ACTIVITY,239.5219,116.3713,HIGH_ACTIVITY: current activity 239.52 is more than 2.0x this grid's within-day baseline of 116.37
2745,2013-11-01 19:00:00,HIGH_ACTIVITY,336.392,116.3713,HIGH_ACTIVITY: current activity 336.39 is more than 2.0x this grid's within-day baseline of 116.37
2745,2013-11-01 20:00:00,HIGH_ACTIVITY,422.8341,116.3713,HIGH_ACTIVITY: current activity 422.83 is more than 2.0x this grid's within-day baseline of 116.37
2745,2013-11-01 21:00:00,HIGH_ACTIVITY,424.125,116.3713,HIGH_ACTIVITY: current activity 424.12 is more than 2.0x this grid's within-day baseline of 116.37
2745,2013-11-01 22:00:00,HIGH_ACTIVITY,457.266,116.3713,HIGH_ACTIVITY: current activity 457.27 is more than 2.0x this grid's within-day baseline of 116.37
2745,2013-11-01 23:00:00,HIGH_ACTIVITY,284.3133,116.3713,HIGH_ACTIVITY: current activity 284.31 is more than 2.0x this grid's within-day baseline of 116.37
2746,2013-11-01 19:00:00,HIGH_ACTIVITY,368.5232,170.3965,HIGH_ACTIVITY: current activity 368.52 is more than 2.0x this grid's within-day baseline of 170.40
2746,2013-11-01 20:00:00,HIGH_ACTIVITY,454.4165,170.3965,HIGH_ACTIVITY: current activity 454.42 is more than 2.0x this grid's within-day baseline of 170.40
2746,2013-11-01 21:00:00,HIGH_ACTIVITY,450.0886,170.3965,HIGH_ACTIVITY: current activity 450.09 is more than 2.0x this grid's within-day baseline of 170.40
2746,2013-11-01 22:00:00,HIGH_ACTIVITY,465.3849,170.3965,HIGH_ACTIVITY: current activity 465.38 is more than 2.0x this grid's within-day baseline of 170.40
2747,2013-11-01 20:00:00,HIGH_ACTIVITY,197.6696,97.2013,HIGH_ACTIVITY: current activity 197.67 is more than 2.0x this grid's within-day baseline of 97.20
2747,2013-11-01 21:00:00,HIGH_ACTIVITY,206.1251,97.2013,HIGH_ACTIVITY: current activity 206.13 is more than 2.0x this grid's within-day baseline of 97.20
2747,2013-11-01 22:00:00,HIGH_ACTIVITY,236.9234,97.2013,HIGH_ACTIVITY: current activity 236.92 is more than 2.0x this grid's within-day baseline of 97.20
2792,2013-11-01 18:00:00,HIGH_ACTIVITY,333.8121,164.1519,HIGH_ACTIVITY: current activity 333.81 is more than 2.0x this grid's within-day baseline of 164.15
2793,2013-11-01 18:00:00,HIGH_ACTIVITY,334.8807,164.6039,HIGH_ACTIVITY: current activity 334.88 is more than 2.0x this grid's within-day baseline of 164.60
2794,2013-11-01 18:00:00,HIGH_ACTIVITY,334.4535,164.7445,HIGH_ACTIVITY: current activity 334.45 is more than 2.0x this grid's within-day baseline of 164.74
2816,2013-11-01 00:00:00,HIGH_ACTIVITY,492.3477,236.7404,HIGH_ACTIVITY: current activity 492.35 is more than 2.0x this grid's within-day baseline of 236.74
2817,2013-11-01 00:00:00,HIGH_ACTIVITY,398.9594,175.9333,HIGH_ACTIVITY: current activity 398.96 is more than 2.0x this grid's within-day baseline of 175.93
2817,2013-11-01 23:00:00,HIGH_ACTIVITY,389.5925,175.9333,HIGH_ACTIVITY: current activity 389.59 is more than 2.0x this grid's within-day baseline of 175.93
2823,2013-11-01 11:00:00,HIGH_ACTIVITY,202.6249,95.393,HIGH_ACTIVITY: current activity 202.62 is more than 2.0x this grid's within-day baseline of 95.39
2827,2013-11-01 11:00:00,HIGH_ACTIVITY,203.9081,86.3619,HIGH_ACTIVITY: current activity 203.91 is more than 2.0x this grid's within-day baseline of 86.36
2835,2013-11-01 18:00:00,HIGH_ACTIVITY,846.5957,414.3598,HIGH_ACTIVITY: current activity 846.60 is more than 2.0x this grid's within-day baseline of 414.36
2836,2013-11-01 08:00:00,HIGH_ACTIVITY,597.0444,292.9482,HIGH_ACTIVITY: current activity 597.04 is more than 2.0x this grid's within-day baseline of 292.95
2836,2013-11-01 08:00:00,ACTIVITY_SPIKE,597.0444,210.709,ACTIVITY_SPIKE: current activity 597.04 is more than 2.0x the immediately preceding hour's 210.71
2845,2013-11-01 20:00:00,HIGH_ACTIVITY,237.3605,113.9268,HIGH_ACTIVITY: current activity 237.36 is more than 2.0x this grid's within-day baseline of 113.93
2845,2013-11-01 21:00:00,HIGH_ACTIVITY,267.3147,113.9268,HIGH_ACTIVITY: current activity 267.31 is more than 2.0x this grid's within-day baseline of 113.93
2845,2013-11-01 22:00:00,HIGH_ACTIVITY,238.019,113.9268,HIGH_ACTIVITY: current activity 238.02 is more than 2.0x this grid's within-day baseline of 113.93
2893,2013-11-01 18:00:00,HIGH_ACTIVITY,334.8466,164.5741,HIGH_ACTIVITY: current activity 334.85 is more than 2.0x this grid's within-day baseline of 164.57
2894,2013-11-01 18:00:00,HIGH_ACTIVITY,334.8807,164.6039,HIGH_ACTIVITY: current activity 334.88 is more than 2.0x this grid's within-day baseline of 164.60
2896,2013-11-01 16:00:00,HIGH_ACTIVITY,539.2732,264.5848,HIGH_ACTIVITY: current activity 539.27 is more than 2.0x this grid's within-day baseline of 264.58
2896,2013-11-01 17:00:00,HIGH_ACTIVITY,610.7919,264.5848,HIGH_ACTIVITY: current activity 610.79 is more than 2.0x this grid's within-day baseline of 264.58
2896,2013-11-01 18:00:00,HIGH_ACTIVITY,537.9867,264.5848,HIGH_ACTIVITY: current activity 537.99 is more than 2.0x this grid's within-day baseline of 264.58
2897,2013-11-01 16:00:00,HIGH_ACTIVITY,605.1634,280.1198,HIGH_ACTIVITY: current activity 605.16 is more than 2.0x this grid's within-day baseline of 280.12
2897,2013-11-01 17:00:00,HIGH_ACTIVITY,688.4272,280.1198,HIGH_ACTIVITY: current activity 688.43 is more than 2.0x this grid's within-day baseline of 280.12
2897,2013-11-01 18:00:00,HIGH_ACTIVITY,595.5295,280.1198,HIGH_ACTIVITY: current activity 595.53 is more than 2.0x this grid's within-day baseline of 280.12
2898,2013-11-01 16:00:00,HIGH_ACTIVITY,605.1634,280.1198,HIGH_ACTIVITY: current activity 605.16 is more than 2.0x this grid's within-day baseline of 280.12
2898,2013-11-01 17:00:00,HIGH_ACTIVITY,688.4272,280.1198,HIGH_ACTIVITY: current activity 688.43 is more than 2.0x this grid's within-day baseline of 280.12
2898,2013-11-01 18:00:00,HIGH_ACTIVITY,595.5295,280.1198,HIGH_ACTIVITY: current activity 595.53 is more than 2.0x this grid's within-day baseline of 280.12
2899,2013-11-01 16:00:00,HIGH_ACTIVITY,582.8638,268.073,HIGH_ACTIVITY: current activity 582.86 is more than 2.0x this grid's within-day baseline of 268.07
2899,2013-11-01 17:00:00,HIGH_ACTIVITY,663.9168,268.073,HIGH_ACTIVITY: current activity 663.92 is more than 2.0x this grid's within-day baseline of 268.07
2899,2013-11-01 18:00:00,HIGH_ACTIVITY,574.3422,268.073,HIGH_ACTIVITY: current activity 574.34 is more than 2.0x this grid's within-day baseline of 268.07
2900,2013-11-01 16:00:00,HIGH_ACTIVITY,504.832,218.5934,HIGH_ACTIVITY: current activity 504.83 is more than 2.0x this grid's within-day baseline of 218.59
2900,2013-11-01 17:00:00,HIGH_ACTIVITY,583.2627,218.5934,HIGH_ACTIVITY: current activity 583.26 is more than 2.0x this grid's within-day baseline of 218.59
2900,2013-11-01 18:00:00,HIGH_ACTIVITY,505.5491,218.5934,HIGH_ACTIVITY: current activity 505.55 is more than 2.0x this grid's within-day baseline of 218.59
2916,2013-11-01 00:00:00,HIGH_ACTIVITY,388.0821,173.9433,HIGH_ACTIVITY: current activity 388.08 is more than 2.0x this grid's within-day baseline of 173.94
2916,2013-11-01 23:00:00,HIGH_ACTIVITY,379.9069,173.9433,HIGH_ACTIVITY: current activity 379.91 is more than 2.0x this grid's within-day baseline of 173.94
2917,2013-11-01 00:00:00,HIGH_ACTIVITY,400.8145,177.2353,HIGH_ACTIVITY: current activity 400.81 is more than 2.0x this grid's within-day baseline of 177.24
2917,2013-11-01 23:00:00,HIGH_ACTIVITY,390.1608,177.2353,HIGH_ACTIVITY: current activity 390.16 is more than 2.0x this grid's within-day baseline of 177.24
2922,2013-11-01 11:00:00,HIGH_ACTIVITY,431.237,167.6566,HIGH_ACTIVITY: current activity 431.24 is more than 2.0x this grid's within-day baseline of 167.66
2922,2013-11-01 11:00:00,ACTIVITY_SPIKE,431.237,179.0969,ACTIVITY_SPIKE: current activity 431.24 is more than 2.0x the immediately preceding hour's 179.10
2923,2013-11-01 11:00:00,HIGH_ACTIVITY,501.8125,150.3919,HIGH_ACTIVITY: current activity 501.81 is more than 2.0x this grid's within-day baseline of 150.39
2923,2013-11-01 11:00:00,ACTIVITY_SPIKE,501.8125,172.8307,ACTIVITY_SPIKE: current activity 501.81 is more than 2.0x the immediately preceding hour's 172.83
2924,2013-11-01 11:00:00,HIGH_ACTIVITY,263.7456,104.5424,HIGH_ACTIVITY: current activity 263.75 is more than 2.0x this grid's within-day baseline of 104.54
2924,2013-11-01 11:00:00,ACTIVITY_SPIKE,263.7456,125.9136,ACTIVITY_SPIKE: current activity 263.75 is more than 2.0x the immediately preceding hour's 125.91
2934,2013-11-01 18:00:00,HIGH_ACTIVITY,1091.4494,370.0422,HIGH_ACTIVITY: current activity 1091.45 is more than 2.0x this grid's within-day baseline of 370.04
2935,2013-11-01 18:00:00,HIGH_ACTIVITY,1227.888,398.9893,HIGH_ACTIVITY: current activity 1227.89 is more than 2.0x this grid's within-day baseline of 398.99
2993,2013-11-01 18:00:00,HIGH_ACTIVITY,334.8669,164.5918,HIGH_ACTIVITY: current activity 334.87 is more than 2.0x this grid's within-day baseline of 164.59
2994,2013-11-01 18:00:00,HIGH_ACTIVITY,334.8807,164.6039,HIGH_ACTIVITY: current activity 334.88 is more than 2.0x this grid's within-day baseline of 164.60
2995,2013-11-01 17:00:00,HIGH_ACTIVITY,409.6923,184.7647,HIGH_ACTIVITY: current activity 409.69 is more than 2.0x this grid's within-day baseline of 184.76
2995,2013-11-01 18:00:00,HIGH_ACTIVITY,391.6225,184.7647,HIGH_ACTIVITY: current activity 391.62 is more than 2.0x this grid's within-day baseline of 184.76
2996,2013-11-01 16:00:00,HIGH_ACTIVITY,539.2533,235.1323,HIGH_ACTIVITY: current activity 539.25 is more than 2.0x this grid's within-day baseline of 235.13
2996,2013-11-01 17:00:00,HIGH_ACTIVITY,620.4642,235.1323,HIGH_ACTIVITY: current activity 620.46 is more than 2.0x this grid's within-day baseline of 235.13
2996,2013-11-01 18:00:00,HIGH_ACTIVITY,536.3651,235.1323,HIGH_ACTIVITY: current activity 536.37 is more than 2.0x this grid's within-day baseline of 235.13
2997,2013-11-01 16:00:00,HIGH_ACTIVITY,605.1634,280.1198,HIGH_ACTIVITY: current activity 605.16 is more than 2.0x this grid's within-day baseline of 280.12
2997,2013-11-01 17:00:00,HIGH_ACTIVITY,688.4272,280.1198,HIGH_ACTIVITY: current activity 688.43 is more than 2.0x this grid's within-day baseline of 280.12
2997,2013-11-01 18:00:00,HIGH_ACTIVITY,595.5295,280.1198,HIGH_ACTIVITY: current activity 595.53 is more than 2.0x this grid's within-day baseline of 280.12
2998,2013-11-01 16:00:00,HIGH_ACTIVITY,605.1634,280.1198,HIGH_ACTIVITY: current activity 605.16 is more than 2.0x this grid's within-day baseline of 280.12
2998,2013-11-01 17:00:00,HIGH_ACTIVITY,688.4272,280.1198,HIGH_ACTIVITY: current activity 688.43 is more than 2.0x this grid's within-day baseline of 280.12
2998,2013-11-01 18:00:00,HIGH_ACTIVITY,595.5295,280.1198,HIGH_ACTIVITY: current activity 595.53 is more than 2.0x this grid's within-day baseline of 280.12
2999,2013-11-01 16:00:00,HIGH_ACTIVITY,571.3511,260.0949,HIGH_ACTIVITY: current activity 571.35 is more than 2.0x this grid's within-day baseline of 260.09
2999,2013-11-01 17:00:00,HIGH_ACTIVITY,652.0842,260.0949,HIGH_ACTIVITY: current activity 652.08 is more than 2.0x this grid's within-day baseline of 260.09
2999,2013-11-01 18:00:00,HIGH_ACTIVITY,563.999,260.0949,HIGH_ACTIVITY: current activity 564.00 is more than 2.0x this grid's within-day baseline of 260.09
3000,2013-11-01 17:00:00,HIGH_ACTIVITY,466.3262,215.3546,HIGH_ACTIVITY: current activity 466.33 is more than 2.0x this grid's within-day baseline of 215.35
3017,2013-11-01 00:00:00,HIGH_ACTIVITY,739.4605,332.4926,HIGH_ACTIVITY: current activity 739.46 is more than 2.0x this grid's within-day baseline of 332.49
3018,2013-11-01 00:00:00,HIGH_ACTIVITY,908.2361,450.4722,HIGH_ACTIVITY: current activity 908.24 is more than 2.0x this grid's within-day baseline of 450.47
3023,2013-11-01 11:00:00,HIGH_ACTIVITY,483.6022,205.6582,HIGH_ACTIVITY: current activity 483.60 is more than 2.0x this grid's within-day baseline of 205.66
3023,2013-11-01 11:00:00,ACTIVITY_SPIKE,483.6022,235.4151,ACTIVITY_SPIKE: current activity 483.60 is more than 2.0x the immediately preceding hour's 235.42
3024,2013-11-01 11:00:00,HIGH_ACTIVITY,457.5615,156.4049,HIGH_ACTIVITY: current activity 457.56 is more than 2.0x this grid's within-day baseline of 156.40
3024,2013-11-01 11:00:00,ACTIVITY_SPIKE,457.5615,216.5913,ACTIVITY_SPIKE: current activity 457.56 is more than 2.0x the immediately preceding hour's 216.59
3080,2013-11-01 10:00:00,HIGH_ACTIVITY,349.9698,157.3987,HIGH_ACTIVITY: current activity 349.97 is more than 2.0x this grid's within-day baseline of 157.40
3091,2013-11-01 18:00:00,HIGH_ACTIVITY,334.8807,164.6039,HIGH_ACTIVITY: current activity 334.88 is more than 2.0x this grid's within-day baseline of 164.60
3092,2013-11-01 18:00:00,HIGH_ACTIVITY,334.8807,164.6039,HIGH_ACTIVITY: current activity 334.88 is more than 2.0x this grid's within-day baseline of 164.60
3093,2013-11-01 18:00:00,HIGH_ACTIVITY,334.8807,164.6039,HIGH_ACTIVITY: current activity 334.88 is more than 2.0x this grid's within-day baseline of 164.60
3094,2013-11-01 17:00:00,HIGH_ACTIVITY,343.3488,171.2981,HIGH_ACTIVITY: current activity 343.35 is more than 2.0x this grid's within-day baseline of 171.30
3094,2013-11-01 18:00:00,HIGH_ACTIVITY,347.4657,171.2981,HIGH_ACTIVITY: current activity 347.47 is more than 2.0x this grid's within-day baseline of 171.30
3095,2013-11-01 16:00:00,HIGH_ACTIVITY,560.8303,275.5113,HIGH_ACTIVITY: current activity 560.83 is more than 2.0x this grid's within-day baseline of 275.51
3095,2013-11-01 17:00:00,HIGH_ACTIVITY,633.2333,275.5113,HIGH_ACTIVITY: current activity 633.23 is more than 2.0x this grid's within-day baseline of 275.51
3095,2013-11-01 18:00:00,HIGH_ACTIVITY,559.8488,275.5113,HIGH_ACTIVITY: current activity 559.85 is more than 2.0x this grid's within-day baseline of 275.51
3096,2013-11-01 16:00:00,HIGH_ACTIVITY,592.0793,271.202,HIGH_ACTIVITY: current activity 592.08 is more than 2.0x this grid's within-day baseline of 271.20
3096,2013-11-01 17:00:00,HIGH_ACTIVITY,674.9246,271.202,HIGH_ACTIVITY: current activity 674.92 is more than 2.0x this grid's within-day baseline of 271.20
3096,2013-11-01 18:00:00,HIGH_ACTIVITY,583.7356,271.202,HIGH_ACTIVITY: current activity 583.74 is more than 2.0x this grid's within-day baseline of 271.20
3097,2013-11-01 16:00:00,HIGH_ACTIVITY,605.1634,280.1198,HIGH_ACTIVITY: current activity 605.16 is more than 2.0x this grid's within-day baseline of 280.12
3097,2013-11-01 17:00:00,HIGH_ACTIVITY,688.4272,280.1198,HIGH_ACTIVITY: current activity 688.43 is more than 2.0x this grid's within-day baseline of 280.12
3097,2013-11-01 18:00:00,HIGH_ACTIVITY,595.5295,280.1198,HIGH_ACTIVITY: current activity 595.53 is more than 2.0x this grid's within-day baseline of 280.12
3098,2013-11-01 16:00:00,HIGH_ACTIVITY,605.1608,280.1187,HIGH_ACTIVITY: current activity 605.16 is more than 2.0x this grid's within-day baseline of 280.12
3098,2013-11-01 17:00:00,HIGH_ACTIVITY,688.424,280.1187,HIGH_ACTIVITY: current activity 688.42 is more than 2.0x this grid's within-day baseline of 280.12
3098,2013-11-01 18:00:00,HIGH_ACTIVITY,595.5268,280.1187,HIGH_ACTIVITY: current activity 595.53 is more than 2.0x this grid's within-day baseline of 280.12
3099,2013-11-01 16:00:00,HIGH_ACTIVITY,595.9064,273.921,HIGH_ACTIVITY: current activity 595.91 is more than 2.0x this grid's within-day baseline of 273.92
3099,2013-11-01 17:00:00,HIGH_ACTIVITY,678.7598,273.921,HIGH_ACTIVITY: current activity 678.76 is more than 2.0x this grid's within-day baseline of 273.92
3099,2013-11-01 18:00:00,HIGH_ACTIVITY,587.098,273.921,HIGH_ACTIVITY: current activity 587.10 is more than 2.0x this grid's within-day baseline of 273.92
3122,2013-11-01 14:00:00,HIGH_ACTIVITY,746.3932,326.6938,HIGH_ACTIVITY: current activity 746.39 is more than 2.0x this grid's within-day baseline of 326.69
3122,2013-11-01 15:00:00,HIGH_ACTIVITY,718.7767,326.6938,HIGH_ACTIVITY: current activity 718.78 is more than 2.0x this grid's within-day baseline of 326.69
3122,2013-11-01 18:00:00,HIGH_ACTIVITY,851.3299,326.6938,HIGH_ACTIVITY: current activity 851.33 is more than 2.0x this grid's within-day baseline of 326.69
3123,2013-11-01 11:00:00,HIGH_ACTIVITY,346.6217,173.2152,HIGH_ACTIVITY: current activity 346.62 is more than 2.0x this grid's within-day baseline of 173.22
3123,2013-11-01 14:00:00,HIGH_ACTIVITY,401.0098,173.2152,HIGH_ACTIVITY: current activity 401.01 is more than 2.0x this grid's within-day baseline of 173.22
3123,2013-11-01 15:00:00,HIGH_ACTIVITY,416.1786,173.2152,HIGH_ACTIVITY: current activity 416.18 is more than 2.0x this grid's within-day baseline of 173.22
3123,2013-11-01 17:00:00,HIGH_ACTIVITY,418.4423,173.2152,HIGH_ACTIVITY: current activity 418.44 is more than 2.0x this grid's within-day baseline of 173.22
3123,2013-11-01 18:00:00,HIGH_ACTIVITY,476.9599,173.2152,HIGH_ACTIVITY: current activity 476.96 is more than 2.0x this grid's within-day baseline of 173.22
3124,2013-11-01 04:00:00,ACTIVITY_DROP,27.1545,109.2818,ACTIVITY_DROP: current activity 27.15 is below 0.25x this grid's within-day baseline of 109.28
3124,2013-11-01 10:00:00,HIGH_ACTIVITY,168.746,81.5227,HIGH_ACTIVITY: current activity 168.75 is more than 2.0x this grid's within-day baseline of 81.52
3124,2013-11-01 11:00:00,HIGH_ACTIVITY,225.1154,81.5227,HIGH_ACTIVITY: current activity 225.12 is more than 2.0x this grid's within-day baseline of 81.52
3124,2013-11-01 12:00:00,HIGH_ACTIVITY,194.425,81.5227,HIGH_ACTIVITY: current activity 194.43 is more than 2.0x this grid's within-day baseline of 81.52
3124,2013-11-01 13:00:00,HIGH_ACTIVITY,181.6074,81.5227,HIGH_ACTIVITY: current activity 181.61 is more than 2.0x this grid's within-day baseline of 81.52
3124,2013-11-01 14:00:00,HIGH_ACTIVITY,180.7115,81.5227,HIGH_ACTIVITY: current activity 180.71 is more than 2.0x this grid's within-day baseline of 81.52
3124,2013-11-01 15:00:00,HIGH_ACTIVITY,209.0468,81.5227,HIGH_ACTIVITY: current activity 209.05 is more than 2.0x this grid's within-day baseline of 81.52
3124,2013-11-01 16:00:00,HIGH_ACTIVITY,221.4461,81.5227,HIGH_ACTIVITY: current activity 221.45 is more than 2.0x this grid's within-day baseline of 81.52
3124,2013-11-01 17:00:00,HIGH_ACTIVITY,270.4433,81.5227,HIGH_ACTIVITY: current activity 270.44 is more than 2.0x this grid's within-day baseline of 81.52
3124,2013-11-01 18:00:00,HIGH_ACTIVITY,235.5821,81.5227,HIGH_ACTIVITY: current activity 235.58 is more than 2.0x this grid's within-day baseline of 81.52
3124,2013-11-01 19:00:00,HIGH_ACTIVITY,170.5596,81.5227,HIGH_ACTIVITY: current activity 170.56 is more than 2.0x this grid's within-day baseline of 81.52
3125,2013-11-01 04:00:00,ACTIVITY_DROP,25.4266,105.4332,ACTIVITY_DROP: current activity 25.43 is below 0.25x this grid's within-day baseline of 105.43
3125,2013-11-01 10:00:00,HIGH_ACTIVITY,165.3486,77.0944,HIGH_ACTIVITY: current activity 165.35 is more than 2.0x this grid's within-day baseline of 77.09
3125,2013-11-01 11:00:00,HIGH_ACTIVITY,211.3282,77.0944,HIGH_ACTIVITY: current activity 211.33 is more than 2.0x this grid's within-day baseline of 77.09
3125,2013-11-01 12:00:00,HIGH_ACTIVITY,191.1447,77.0944,HIGH_ACTIVITY: current activity 191.14 is more than 2.0x this grid's within-day baseline of 77.09
3125,2013-11-01 13:00:00,HIGH_ACTIVITY,179.0787,77.0944,HIGH_ACTIVITY: current activity 179.08 is more than 2.0x this grid's within-day baseline of 77.09
3125,2013-11-01 14:00:00,HIGH_ACTIVITY,177.1358,77.0944,HIGH_ACTIVITY: current activity 177.14 is more than 2.0x this grid's within-day baseline of 77.09
3125,2013-11-01 15:00:00,HIGH_ACTIVITY,206.4558,77.0944,HIGH_ACTIVITY: current activity 206.46 is more than 2.0x this grid's within-day baseline of 77.09
3125,2013-11-01 16:00:00,HIGH_ACTIVITY,217.1771,77.0944,HIGH_ACTIVITY: current activity 217.18 is more than 2.0x this grid's within-day baseline of 77.09
3125,2013-11-01 17:00:00,HIGH_ACTIVITY,267.9223,77.0944,HIGH_ACTIVITY: current activity 267.92 is more than 2.0x this grid's within-day baseline of 77.09
3125,2013-11-01 18:00:00,HIGH_ACTIVITY,232.7202,77.0944,HIGH_ACTIVITY: current activity 232.72 is more than 2.0x this grid's within-day baseline of 77.09
3125,2013-11-01 19:00:00,HIGH_ACTIVITY,163.579,77.0944,HIGH_ACTIVITY: current activity 163.58 is more than 2.0x this grid's within-day baseline of 77.09
3179,2013-11-01 08:00:00,HIGH_ACTIVITY,285.1613,124.6181,HIGH_ACTIVITY: current activity 285.16 is more than 2.0x this grid's within-day baseline of 124.62
3179,2013-11-01 09:00:00,HIGH_ACTIVITY,407.4296,124.6181,HIGH_ACTIVITY: current activity 407.43 is more than 2.0x this grid's within-day baseline of 124.62
3179,2013-11-01 10:00:00,HIGH_ACTIVITY,486.6434,124.6181,HIGH_ACTIVITY: current activity 486.64 is more than 2.0x this grid's within-day baseline of 124.62
3180,2013-11-01 08:00:00,HIGH_ACTIVITY,297.2129,123.965,HIGH_ACTIVITY: current activity 297.21 is more than 2.0x this grid's within-day baseline of 123.97
3180,2013-11-01 09:00:00,HIGH_ACTIVITY,425.201,123.965,HIGH_ACTIVITY: current activity 425.20 is more than 2.0x this grid's within-day baseline of 123.97
3180,2013-11-01 10:00:00,HIGH_ACTIVITY,508.3704,123.965,HIGH_ACTIVITY: current activity 508.37 is more than 2.0x this grid's within-day baseline of 123.97
3191,2013-11-01 18:00:00,HIGH_ACTIVITY,334.8807,164.6039,HIGH_ACTIVITY: current activity 334.88 is more than 2.0x this grid's within-day baseline of 164.60
3192,2013-11-01 18:00:00,HIGH_ACTIVITY,334.8807,164.6039,HIGH_ACTIVITY: current activity 334.88 is more than 2.0x this grid's within-day baseline of 164.60
3193,2013-11-01 18:00:00,HIGH_ACTIVITY,334.8807,164.6039,HIGH_ACTIVITY: current activity 334.88 is more than 2.0x this grid's within-day baseline of 164.60
3194,2013-11-01 17:00:00,HIGH_ACTIVITY,418.0474,197.2558,HIGH_ACTIVITY: current activity 418.05 is more than 2.0x this grid's within-day baseline of 197.26
3194,2013-11-01 18:00:00,HIGH_ACTIVITY,399.9556,197.2558,HIGH_ACTIVITY: current activity 399.96 is more than 2.0x this grid's within-day baseline of 197.26
3195,2013-11-01 16:00:00,HIGH_ACTIVITY,604.5479,279.5609,HIGH_ACTIVITY: current activity 604.55 is more than 2.0x this grid's within-day baseline of 279.56
3195,2013-11-01 17:00:00,HIGH_ACTIVITY,687.9151,279.5609,HIGH_ACTIVITY: current activity 687.92 is more than 2.0x this grid's within-day baseline of 279.56
3195,2013-11-01 18:00:00,HIGH_ACTIVITY,595.4697,279.5609,HIGH_ACTIVITY: current activity 595.47 is more than 2.0x this grid's within-day baseline of 279.56
3196,2013-11-01 16:00:00,HIGH_ACTIVITY,605.1634,280.1198,HIGH_ACTIVITY: current activity 605.16 is more than 2.0x this grid's within-day baseline of 280.12
3196,2013-11-01 17:00:00,HIGH_ACTIVITY,688.4272,280.1198,HIGH_ACTIVITY: current activity 688.43 is more than 2.0x this grid's within-day baseline of 280.12
3196,2013-11-01 18:00:00,HIGH_ACTIVITY,595.5295,280.1198,HIGH_ACTIVITY: current activity 595.53 is more than 2.0x this grid's within-day baseline of 280.12
3197,2013-11-01 16:00:00,HIGH_ACTIVITY,594.547,272.8863,HIGH_ACTIVITY: current activity 594.55 is more than 2.0x this grid's within-day baseline of 272.89
3197,2013-11-01 17:00:00,HIGH_ACTIVITY,677.4689,272.8863,HIGH_ACTIVITY: current activity 677.47 is more than 2.0x this grid's within-day baseline of 272.89
3197,2013-11-01 18:00:00,HIGH_ACTIVITY,585.9582,272.8863,HIGH_ACTIVITY: current activity 585.96 is more than 2.0x this grid's within-day baseline of 272.89
3198,2013-11-01 16:00:00,HIGH_ACTIVITY,589.9281,278.4256,HIGH_ACTIVITY: current activity 589.93 is more than 2.0x this grid's within-day baseline of 278.43
3198,2013-11-01 17:00:00,HIGH_ACTIVITY,669.0061,278.4256,HIGH_ACTIVITY: current activity 669.01 is more than 2.0x this grid's within-day baseline of 278.43
3198,2013-11-01 18:00:00,HIGH_ACTIVITY,579.4677,278.4256,HIGH_ACTIVITY: current activity 579.47 is more than 2.0x this grid's within-day baseline of 278.43
3199,2013-11-01 16:00:00,HIGH_ACTIVITY,578.252,261.8818,HIGH_ACTIVITY: current activity 578.25 is more than 2.0x this grid's within-day baseline of 261.88
3199,2013-11-01 17:00:00,HIGH_ACTIVITY,660.5474,261.8818,HIGH_ACTIVITY: current activity 660.55 is more than 2.0x this grid's within-day baseline of 261.88
3199,2013-11-01 18:00:00,HIGH_ACTIVITY,571.1899,261.8818,HIGH_ACTIVITY: current activity 571.19 is more than 2.0x this grid's within-day baseline of 261.88
3222,2013-11-01 03:00:00,ACTIVITY_DROP,92.557,392.6195,ACTIVITY_DROP: current activity 92.56 is below 0.25x this grid's within-day baseline of 392.62
3222,2013-11-01 14:00:00,HIGH_ACTIVITY,981.2238,337.2179,HIGH_ACTIVITY: current activity 981.22 is more than 2.0x this grid's within-day baseline of 337.22
3222,2013-11-01 15:00:00,HIGH_ACTIVITY,969.6916,337.2179,HIGH_ACTIVITY: current activity 969.69 is more than 2.0x this grid's within-day baseline of 337.22
3222,2013-11-01 17:00:00,HIGH_ACTIVITY,803.136,337.2179,HIGH_ACTIVITY: current activity 803.14 is more than 2.0x this grid's within-day baseline of 337.22
3222,2013-11-01 18:00:00,HIGH_ACTIVITY,1082.596,337.2179,HIGH_ACTIVITY: current activity 1082.60 is more than 2.0x this grid's within-day baseline of 337.22
3223,2013-11-01 04:00:00,ACTIVITY_DROP,49.362,199.3766,ACTIVITY_DROP: current activity 49.36 is below 0.25x this grid's within-day baseline of 199.38
3223,2013-11-01 14:00:00,HIGH_ACTIVITY,430.9837,182.3257,HIGH_ACTIVITY: current activity 430.98 is more than 2.0x this grid's within-day baseline of 182.33
3223,2013-11-01 15:00:00,HIGH_ACTIVITY,456.0239,182.3257,HIGH_ACTIVITY: current activity 456.02 is more than 2.0x this grid's within-day baseline of 182.33
3223,2013-11-01 16:00:00,HIGH_ACTIVITY,377.8773,182.3257,HIGH_ACTIVITY: current activity 377.88 is more than 2.0x this grid's within-day baseline of 182.33
3223,2013-11-01 17:00:00,HIGH_ACTIVITY,453.0339,182.3257,HIGH_ACTIVITY: current activity 453.03 is more than 2.0x this grid's within-day baseline of 182.33
3223,2013-11-01 18:00:00,HIGH_ACTIVITY,499.5136,182.3257,HIGH_ACTIVITY: current activity 499.51 is more than 2.0x this grid's within-day baseline of 182.33
3224,2013-11-01 04:00:00,ACTIVITY_DROP,23.7149,100.6504,ACTIVITY_DROP: current activity 23.71 is below 0.25x this grid's within-day baseline of 100.65
3225,2013-11-01 11:00:00,HIGH_ACTIVITY,300.4105,132.5514,HIGH_ACTIVITY: current activity 300.41 is more than 2.0x this grid's within-day baseline of 132.55
3225,2013-11-01 12:00:00,HIGH_ACTIVITY,279.9506,132.5514,HIGH_ACTIVITY: current activity 279.95 is more than 2.0x this grid's within-day baseline of 132.55
3225,2013-11-01 13:00:00,HIGH_ACTIVITY,278.3987,132.5514,HIGH_ACTIVITY: current activity 278.40 is more than 2.0x this grid's within-day baseline of 132.55
3225,2013-11-01 14:00:00,HIGH_ACTIVITY,293.1738,132.5514,HIGH_ACTIVITY: current activity 293.17 is more than 2.0x this grid's within-day baseline of 132.55
3225,2013-11-01 15:00:00,HIGH_ACTIVITY,286.0348,132.5514,HIGH_ACTIVITY: current activity 286.03 is more than 2.0x this grid's within-day baseline of 132.55
3225,2013-11-01 16:00:00,HIGH_ACTIVITY,352.6628,132.5514,HIGH_ACTIVITY: current activity 352.66 is more than 2.0x this grid's within-day baseline of 132.55
3225,2013-11-01 17:00:00,HIGH_ACTIVITY,416.3241,132.5514,HIGH_ACTIVITY: current activity 416.32 is more than 2.0x this grid's within-day baseline of 132.55
3225,2013-11-01 18:00:00,HIGH_ACTIVITY,354.3873,132.5514,HIGH_ACTIVITY: current activity 354.39 is more than 2.0x this grid's within-day baseline of 132.55
3225,2013-11-01 19:00:00,HIGH_ACTIVITY,288.1485,132.5514,HIGH_ACTIVITY: current activity 288.15 is more than 2.0x this grid's within-day baseline of 132.55
3226,2013-11-01 16:00:00,HIGH_ACTIVITY,554.5286,254.4906,HIGH_ACTIVITY: current activity 554.53 is more than 2.0x this grid's within-day baseline of 254.49
3226,2013-11-01 17:00:00,HIGH_ACTIVITY,625.254,254.4906,HIGH_ACTIVITY: current activity 625.25 is more than 2.0x this grid's within-day baseline of 254.49
3226,2013-11-01 18:00:00,HIGH_ACTIVITY,532.3862,254.4906,HIGH_ACTIVITY: current activity 532.39 is more than 2.0x this grid's within-day baseline of 254.49
3279,2013-11-01 08:00:00,ACTIVITY_SPIKE,303.391,102.2496,ACTIVITY_SPIKE: current activity 303.39 is more than 2.0x the immediately preceding hour's 102.25
3279,2013-11-01 09:00:00,HIGH_ACTIVITY,415.2841,170.6273,HIGH_ACTIVITY: current activity 415.28 is more than 2.0x this grid's within-day baseline of 170.63
3279,2013-11-01 10:00:00,HIGH_ACTIVITY,491.0289,170.6273,HIGH_ACTIVITY: current activity 491.03 is more than 2.0x this grid's within-day baseline of 170.63
3280,2013-11-01 08:00:00,HIGH_ACTIVITY,314.1016,144.117,HIGH_ACTIVITY: current activity 314.10 is more than 2.0x this grid's within-day baseline of 144.12
3280,2013-11-01 08:00:00,ACTIVITY_SPIKE,314.1016,86.4435,ACTIVITY_SPIKE: current activity 314.10 is more than 2.0x the immediately preceding hour's 86.44
3280,2013-11-01 09:00:00,HIGH_ACTIVITY,440.8936,144.117,HIGH_ACTIVITY: current activity 440.89 is more than 2.0x this grid's within-day baseline of 144.12
3280,2013-11-01 10:00:00,HIGH_ACTIVITY,522.7543,144.117,HIGH_ACTIVITY: current activity 522.75 is more than 2.0x this grid's within-day baseline of 144.12
3291,2013-11-01 18:00:00,HIGH_ACTIVITY,334.8807,164.6039,HIGH_ACTIVITY: current activity 334.88 is more than 2.0x this grid's within-day baseline of 164.60
3292,2013-11-01 18:00:00,HIGH_ACTIVITY,334.8807,164.6039,HIGH_ACTIVITY: current activity 334.88 is more than 2.0x this grid's within-day baseline of 164.60
3293,2013-11-01 17:00:00,HIGH_ACTIVITY,330.548,165.1448,HIGH_ACTIVITY: current activity 330.55 is more than 2.0x this grid's within-day baseline of 165.14
3293,2013-11-01 18:00:00,HIGH_ACTIVITY,336.8498,165.1448,HIGH_ACTIVITY: current activity 336.85 is more than 2.0x this grid's within-day baseline of 165.14
3294,2013-11-01 16:00:00,HIGH_ACTIVITY,527.6252,258.5842,HIGH_ACTIVITY: current activity 527.63 is more than 2.0x this grid's within-day baseline of 258.58
3294,2013-11-01 17:00:00,HIGH_ACTIVITY,597.3967,258.5842,HIGH_ACTIVITY: current activity 597.40 is more than 2.0x this grid's within-day baseline of 258.58
3294,2013-11-01 18:00:00,HIGH_ACTIVITY,528.317,258.5842,HIGH_ACTIVITY: current activity 528.32 is more than 2.0x this grid's within-day baseline of 258.58
3295,2013-11-01 16:00:00,HIGH_ACTIVITY,605.1634,280.1198,HIGH_ACTIVITY: current activity 605.16 is more than 2.0x this grid's within-day baseline of 280.12
3295,2013-11-01 17:00:00,HIGH_ACTIVITY,688.4272,280.1198,HIGH_ACTIVITY: current activity 688.43 is more than 2.0x this grid's within-day baseline of 280.12
3295,2013-11-01 18:00:00,HIGH_ACTIVITY,595.5295,280.1198,HIGH_ACTIVITY: current activity 595.53 is more than 2.0x this grid's within-day baseline of 280.12
3296,2013-11-01 16:00:00,HIGH_ACTIVITY,605.1634,280.1198,HIGH_ACTIVITY: current activity 605.16 is more than 2.0x this grid's within-day baseline of 280.12
3296,2013-11-01 17:00:00,HIGH_ACTIVITY,688.4272,280.1198,HIGH_ACTIVITY: current activity 688.43 is more than 2.0x this grid's within-day baseline of 280.12
3296,2013-11-01 18:00:00,HIGH_ACTIVITY,595.5295,280.1198,HIGH_ACTIVITY: current activity 595.53 is more than 2.0x this grid's within-day baseline of 280.12
3297,2013-11-01 16:00:00,HIGH_ACTIVITY,580.1619,263.1459,HIGH_ACTIVITY: current activity 580.16 is more than 2.0x this grid's within-day baseline of 263.15
3297,2013-11-01 17:00:00,HIGH_ACTIVITY,662.5573,263.1459,HIGH_ACTIVITY: current activity 662.56 is more than 2.0x this grid's within-day baseline of 263.15
3297,2013-11-01 18:00:00,HIGH_ACTIVITY,572.9412,263.1459,HIGH_ACTIVITY: current activity 572.94 is more than 2.0x this grid's within-day baseline of 263.15
3298,2013-11-01 16:00:00,HIGH_ACTIVITY,518.0708,244.0291,HIGH_ACTIVITY: current activity 518.07 is more than 2.0x this grid's within-day baseline of 244.03
3298,2013-11-01 17:00:00,HIGH_ACTIVITY,588.6544,244.0291,HIGH_ACTIVITY: current activity 588.65 is more than 2.0x this grid's within-day baseline of 244.03
3298,2013-11-01 18:00:00,HIGH_ACTIVITY,510.799,244.0291,HIGH_ACTIVITY: current activity 510.80 is more than 2.0x this grid's within-day baseline of 244.03
3299,2013-11-01 17:00:00,HIGH_ACTIVITY,482.6765,230.1834,HIGH_ACTIVITY: current activity 482.68 is more than 2.0x this grid's within-day baseline of 230.18
3320,2013-11-01 18:00:00,HIGH_ACTIVITY,737.3706,344.978,HIGH_ACTIVITY: current activity 737.37 is more than 2.0x this grid's within-day baseline of 344.98
3321,2013-11-01 18:00:00,HIGH_ACTIVITY,738.0192,344.359,HIGH_ACTIVITY: current activity 738.02 is more than 2.0x this grid's within-day baseline of 344.36
3322,2013-11-01 11:00:00,HIGH_ACTIVITY,799.5104,318.8954,HIGH_ACTIVITY: current activity 799.51 is more than 2.0x this grid's within-day baseline of 318.90
3322,2013-11-01 12:00:00,HIGH_ACTIVITY,865.7865,318.8954,HIGH_ACTIVITY: current activity 865.79 is more than 2.0x this grid's within-day baseline of 318.90
3322,2013-11-01 13:00:00,HIGH_ACTIVITY,800.1699,318.8954,HIGH_ACTIVITY: current activity 800.17 is more than 2.0x this grid's within-day baseline of 318.90
3322,2013-11-01 14:00:00,HIGH_ACTIVITY,940.7555,318.8954,HIGH_ACTIVITY: current activity 940.76 is more than 2.0x this grid's within-day baseline of 318.90
3322,2013-11-01 15:00:00,HIGH_ACTIVITY,1016.1408,318.8954,HIGH_ACTIVITY: current activity 1016.14 is more than 2.0x this grid's within-day baseline of 318.90
3322,2013-11-01 16:00:00,HIGH_ACTIVITY,994.6437,318.8954,HIGH_ACTIVITY: current activity 994.64 is more than 2.0x this grid's within-day baseline of 318.90
3322,2013-11-01 17:00:00,HIGH_ACTIVITY,1089.3079,318.8954,HIGH_ACTIVITY: current activity 1089.31 is more than 2.0x this grid's within-day baseline of 318.90
3322,2013-11-01 18:00:00,HIGH_ACTIVITY,1082.3171,318.8954,HIGH_ACTIVITY: current activity 1082.32 is more than 2.0x this grid's within-day baseline of 318.90
3322,2013-11-01 19:00:00,HIGH_ACTIVITY,805.1794,318.8954,HIGH_ACTIVITY: current activity 805.18 is more than 2.0x this grid's within-day baseline of 318.90
3323,2013-11-01 01:00:00,ACTIVITY_DROP,67.6977,275.0717,ACTIVITY_DROP: current activity 67.70 is below 0.25x this grid's within-day baseline of 275.07
3323,2013-11-01 02:00:00,ACTIVITY_DROP,66.7144,275.0717,ACTIVITY_DROP: current activity 66.71 is below 0.25x this grid's within-day baseline of 275.07
3323,2013-11-01 04:00:00,ACTIVITY_DROP,66.9897,275.0717,ACTIVITY_DROP: current activity 66.99 is below 0.25x this grid's within-day baseline of 275.07
3323,2013-11-01 05:00:00,ACTIVITY_DROP,67.4893,275.0717,ACTIVITY_DROP: current activity 67.49 is below 0.25x this grid's within-day baseline of 275.07
3323,2013-11-01 06:00:00,ACTIVITY_DROP,68.0289,275.0717,ACTIVITY_DROP: current activity 68.03 is below 0.25x this grid's within-day baseline of 275.07
3323,2013-11-01 10:00:00,HIGH_ACTIVITY,554.9884,223.2217,HIGH_ACTIVITY: current activity 554.99 is more than 2.0x this grid's within-day baseline of 223.22
3323,2013-11-01 10:00:00,ACTIVITY_SPIKE,554.9884,275.0717,ACTIVITY_SPIKE: current activity 554.99 is more than 2.0x the immediately preceding hour's 275.07
3323,2013-11-01 11:00:00,HIGH_ACTIVITY,801.5419,223.2217,HIGH_ACTIVITY: current activity 801.54 is more than 2.0x this grid's within-day baseline of 223.22
3323,2013-11-01 12:00:00,HIGH_ACTIVITY,931.1884,223.2217,HIGH_ACTIVITY: current activity 931.19 is more than 2.0x this grid's within-day baseline of 223.22
3323,2013-11-01 13:00:00,HIGH_ACTIVITY,873.4747,223.2217,HIGH_ACTIVITY: current activity 873.47 is more than 2.0x this grid's within-day baseline of 223.22
3323,2013-11-01 14:00:00,HIGH_ACTIVITY,927.4061,223.2217,HIGH_ACTIVITY: current activity 927.41 is more than 2.0x this grid's within-day baseline of 223.22
3323,2013-11-01 15:00:00,HIGH_ACTIVITY,1031.2538,223.2217,HIGH_ACTIVITY: current activity 1031.25 is more than 2.0x this grid's within-day baseline of 223.22
3323,2013-11-01 16:00:00,HIGH_ACTIVITY,1072.9507,223.2217,HIGH_ACTIVITY: current activity 1072.95 is more than 2.0x this grid's within-day baseline of 223.22
3323,2013-11-01 17:00:00,HIGH_ACTIVITY,1159.0654,223.2217,HIGH_ACTIVITY: current activity 1159.07 is more than 2.0x this grid's within-day baseline of 223.22
3323,2013-11-01 18:00:00,HIGH_ACTIVITY,1055.1807,223.2217,HIGH_ACTIVITY: current activity 1055.18 is more than 2.0x this grid's within-day baseline of 223.22
3323,2013-11-01 19:00:00,HIGH_ACTIVITY,872.7125,223.2217,HIGH_ACTIVITY: current activity 872.71 is more than 2.0x this grid's within-day baseline of 223.22
3324,2013-11-01 10:00:00,HIGH_ACTIVITY,386.8142,172.1784,HIGH_ACTIVITY: current activity 386.81 is more than 2.0x this grid's within-day baseline of 172.18
3324,2013-11-01 11:00:00,HIGH_ACTIVITY,471.7858,172.1784,HIGH_ACTIVITY: current activity 471.79 is more than 2.0x this grid's within-day baseline of 172.18
3324,2013-11-01 12:00:00,HIGH_ACTIVITY,574.5335,172.1784,HIGH_ACTIVITY: current activity 574.53 is more than 2.0x this grid's within-day baseline of 172.18
3324,2013-11-01 13:00:00,HIGH_ACTIVITY,531.2024,172.1784,HIGH_ACTIVITY: current activity 531.20 is more than 2.0x this grid's within-day baseline of 172.18
3324,2013-11-01 14:00:00,HIGH_ACTIVITY,540.169,172.1784,HIGH_ACTIVITY: current activity 540.17 is more than 2.0x this grid's within-day baseline of 172.18
3324,2013-11-01 15:00:00,HIGH_ACTIVITY,604.9186,172.1784,HIGH_ACTIVITY: current activity 604.92 is more than 2.0x this grid's within-day baseline of 172.18
3324,2013-11-01 16:00:00,HIGH_ACTIVITY,639.6093,172.1784,HIGH_ACTIVITY: current activity 639.61 is more than 2.0x this grid's within-day baseline of 172.18
3324,2013-11-01 17:00:00,HIGH_ACTIVITY,699.9079,172.1784,HIGH_ACTIVITY: current activity 699.91 is more than 2.0x this grid's within-day baseline of 172.18
3324,2013-11-01 18:00:00,HIGH_ACTIVITY,663.5982,172.1784,HIGH_ACTIVITY: current activity 663.60 is more than 2.0x this grid's within-day baseline of 172.18
3324,2013-11-01 19:00:00,HIGH_ACTIVITY,478.747,172.1784,HIGH_ACTIVITY: current activity 478.75 is more than 2.0x this grid's within-day baseline of 172.18
3325,2013-11-01 12:00:00,HIGH_ACTIVITY,629.2405,292.9472,HIGH_ACTIVITY: current activity 629.24 is more than 2.0x this grid's within-day baseline of 292.95
3325,2013-11-01 13:00:00,HIGH_ACTIVITY,629.1284,292.9472,HIGH_ACTIVITY: current activity 629.13 is more than 2.0x this grid's within-day baseline of 292.95
3325,2013-11-01 14:00:00,HIGH_ACTIVITY,666.3673,292.9472,HIGH_ACTIVITY: current activity 666.37 is more than 2.0x this grid's within-day baseline of 292.95
3325,2013-11-01 15:00:00,HIGH_ACTIVITY,602.6038,292.9472,HIGH_ACTIVITY: current activity 602.60 is more than 2.0x this grid's within-day baseline of 292.95
3325,2013-11-01 16:00:00,HIGH_ACTIVITY,794.5869,292.9472,HIGH_ACTIVITY: current activity 794.59 is more than 2.0x this grid's within-day baseline of 292.95
3325,2013-11-01 17:00:00,HIGH_ACTIVITY,890.8963,292.9472,HIGH_ACTIVITY: current activity 890.90 is more than 2.0x this grid's within-day baseline of 292.95
3325,2013-11-01 18:00:00,HIGH_ACTIVITY,788.2766,292.9472,HIGH_ACTIVITY: current activity 788.28 is more than 2.0x this grid's within-day baseline of 292.95
3325,2013-11-01 19:00:00,HIGH_ACTIVITY,656.7892,292.9472,HIGH_ACTIVITY: current activity 656.79 is more than 2.0x this grid's within-day baseline of 292.95
3326,2013-11-01 14:00:00,HIGH_ACTIVITY,757.4279,360.1192,HIGH_ACTIVITY: current activity 757.43 is more than 2.0x this grid's within-day baseline of 360.12
3326,2013-11-01 16:00:00,HIGH_ACTIVITY,898.7734,360.1192,HIGH_ACTIVITY: current activity 898.77 is more than 2.0x this grid's within-day baseline of 360.12
3326,2013-11-01 17:00:00,HIGH_ACTIVITY,1006.5201,360.1192,HIGH_ACTIVITY: current activity 1006.52 is more than 2.0x this grid's within-day baseline of 360.12
3326,2013-11-01 18:00:00,HIGH_ACTIVITY,842.8172,360.1192,HIGH_ACTIVITY: current activity 842.82 is more than 2.0x this grid's within-day baseline of 360.12
3326,2013-11-01 19:00:00,HIGH_ACTIVITY,788.5282,360.1192,HIGH_ACTIVITY: current activity 788.53 is more than 2.0x this grid's within-day baseline of 360.12
3332,2013-11-01 12:00:00,HIGH_ACTIVITY,1173.715,575.9269,HIGH_ACTIVITY: current activity 1173.71 is more than 2.0x this grid's within-day baseline of 575.93
3332,2013-11-01 15:00:00,HIGH_ACTIVITY,1391.6448,575.9269,HIGH_ACTIVITY: current activity 1391.64 is more than 2.0x this grid's within-day baseline of 575.93
3394,2013-11-01 16:00:00,HIGH_ACTIVITY,603.7802,278.8767,HIGH_ACTIVITY: current activity 603.78 is more than 2.0x this grid's within-day baseline of 278.88
3394,2013-11-01 17:00:00,HIGH_ACTIVITY,687.2816,278.8767,HIGH_ACTIVITY: current activity 687.28 is more than 2.0x this grid's within-day baseline of 278.88
3394,2013-11-01 18:00:00,HIGH_ACTIVITY,595.391,278.8767,HIGH_ACTIVITY: current activity 595.39 is more than 2.0x this grid's within-day baseline of 278.88
3395,2013-11-01 16:00:00,HIGH_ACTIVITY,605.1634,280.1198,HIGH_ACTIVITY: current activity 605.16 is more than 2.0x this grid's within-day baseline of 280.12
3395,2013-11-01 17:00:00,HIGH_ACTIVITY,688.4272,280.1198,HIGH_ACTIVITY: current activity 688.43 is more than 2.0x this grid's within-day baseline of 280.12
3395,2013-11-01 18:00:00,HIGH_ACTIVITY,595.5295,280.1198,HIGH_ACTIVITY: current activity 595.53 is more than 2.0x this grid's within-day baseline of 280.12
3396,2013-11-01 16:00:00,HIGH_ACTIVITY,605.1634,280.1198,HIGH_ACTIVITY: current activity 605.16 is more than 2.0x this grid's within-day baseline of 280.12
3396,2013-11-01 17:00:00,HIGH_ACTIVITY,688.4272,280.1198,HIGH_ACTIVITY: current activity 688.43 is more than 2.0x this grid's within-day baseline of 280.12
3396,2013-11-01 18:00:00,HIGH_ACTIVITY,595.5295,280.1198,HIGH_ACTIVITY: current activity 595.53 is more than 2.0x this grid's within-day baseline of 280.12
3397,2013-11-01 16:00:00,HIGH_ACTIVITY,604.8595,280.0865,HIGH_ACTIVITY: current activity 604.86 is more than 2.0x this grid's within-day baseline of 280.09
3397,2013-11-01 17:00:00,HIGH_ACTIVITY,688.0399,280.0865,HIGH_ACTIVITY: current activity 688.04 is more than 2.0x this grid's within-day baseline of 280.09
3397,2013-11-01 18:00:00,HIGH_ACTIVITY,595.2093,280.0865,HIGH_ACTIVITY: current activity 595.21 is more than 2.0x this grid's within-day baseline of 280.09
3421,2013-11-01 18:00:00,HIGH_ACTIVITY,483.986,236.8869,HIGH_ACTIVITY: current activity 483.99 is more than 2.0x this grid's within-day baseline of 236.89
3422,2013-11-01 02:00:00,ACTIVITY_DROP,70.879,288.1078,ACTIVITY_DROP: current activity 70.88 is below 0.25x this grid's within-day baseline of 288.11
3422,2013-11-01 04:00:00,ACTIVITY_DROP,71.3452,288.1078,ACTIVITY_DROP: current activity 71.35 is below 0.25x this grid's within-day baseline of 288.11
3422,2013-11-01 05:00:00,ACTIVITY_DROP,71.9146,288.1078,ACTIVITY_DROP: current activity 71.91 is below 0.25x this grid's within-day baseline of 288.11
3422,2013-11-01 06:00:00,ACTIVITY_DROP,71.8517,288.1078,ACTIVITY_DROP: current activity 71.85 is below 0.25x this grid's within-day baseline of 288.11
3422,2013-11-01 08:00:00,ACTIVITY_SPIKE,164.125,78.4566,ACTIVITY_SPIKE: current activity 164.12 is more than 2.0x the immediately preceding hour's 78.46
3422,2013-11-01 10:00:00,HIGH_ACTIVITY,576.5133,233.2188,HIGH_ACTIVITY: current activity 576.51 is more than 2.0x this grid's within-day baseline of 233.22
3422,2013-11-01 10:00:00,ACTIVITY_SPIKE,576.5133,288.1078,ACTIVITY_SPIKE: current activity 576.51 is more than 2.0x the immediately preceding hour's 288.11
3422,2013-11-01 11:00:00,HIGH_ACTIVITY,831.6068,233.2188,HIGH_ACTIVITY: current activity 831.61 is more than 2.0x this grid's within-day baseline of 233.22
3422,2013-11-01 12:00:00,HIGH_ACTIVITY,972.0762,233.2188,HIGH_ACTIVITY: current activity 972.08 is more than 2.0x this grid's within-day baseline of 233.22
3422,2013-11-01 13:00:00,HIGH_ACTIVITY,909.0608,233.2188,HIGH_ACTIVITY: current activity 909.06 is more than 2.0x this grid's within-day baseline of 233.22
3422,2013-11-01 14:00:00,HIGH_ACTIVITY,969.1462,233.2188,HIGH_ACTIVITY: current activity 969.15 is more than 2.0x this grid's within-day baseline of 233.22
3422,2013-11-01 15:00:00,HIGH_ACTIVITY,1072.253,233.2188,HIGH_ACTIVITY: current activity 1072.25 is more than 2.0x this grid's within-day baseline of 233.22
3422,2013-11-01 16:00:00,HIGH_ACTIVITY,1115.3416,233.2188,HIGH_ACTIVITY: current activity 1115.34 is more than 2.0x this grid's within-day baseline of 233.22
3422,2013-11-01 17:00:00,HIGH_ACTIVITY,1200.9461,233.2188,HIGH_ACTIVITY: current activity 1200.95 is more than 2.0x this grid's within-day baseline of 233.22
3422,2013-11-01 18:00:00,HIGH_ACTIVITY,1095.5922,233.2188,HIGH_ACTIVITY: current activity 1095.59 is more than 2.0x this grid's within-day baseline of 233.22
3422,2013-11-01 19:00:00,HIGH_ACTIVITY,911.4666,233.2188,HIGH_ACTIVITY: current activity 911.47 is more than 2.0x this grid's within-day baseline of 233.22
3423,2013-11-01 01:00:00,ACTIVITY_DROP,71.4598,289.8538,ACTIVITY_DROP: current activity 71.46 is below 0.25x this grid's within-day baseline of 289.85
3423,2013-11-01 02:00:00,ACTIVITY_DROP,70.3787,289.8538,ACTIVITY_DROP: current activity 70.38 is below 0.25x this grid's within-day baseline of 289.85
3423,2013-11-01 04:00:00,ACTIVITY_DROP,70.7736,289.8538,ACTIVITY_DROP: current activity 70.77 is below 0.25x this grid's within-day baseline of 289.85
3423,2013-11-01 05:00:00,ACTIVITY_DROP,71.3193,289.8538,ACTIVITY_DROP: current activity 71.32 is below 0.25x this grid's within-day baseline of 289.85
3423,2013-11-01 06:00:00,ACTIVITY_DROP,71.6618,289.8538,ACTIVITY_DROP: current activity 71.66 is below 0.25x this grid's within-day baseline of 289.85
3423,2013-11-01 08:00:00,ACTIVITY_SPIKE,163.7635,77.6943,ACTIVITY_SPIKE: current activity 163.76 is more than 2.0x the immediately preceding hour's 77.69
3423,2013-11-01 10:00:00,HIGH_ACTIVITY,583.1395,234.5231,HIGH_ACTIVITY: current activity 583.14 is more than 2.0x this grid's within-day baseline of 234.52
3423,2013-11-01 10:00:00,ACTIVITY_SPIKE,583.1395,289.8538,ACTIVITY_SPIKE: current activity 583.14 is more than 2.0x the immediately preceding hour's 289.85
3423,2013-11-01 11:00:00,HIGH_ACTIVITY,842.1739,234.5231,HIGH_ACTIVITY: current activity 842.17 is more than 2.0x this grid's within-day baseline of 234.52
3423,2013-11-01 12:00:00,HIGH_ACTIVITY,980.6459,234.5231,HIGH_ACTIVITY: current activity 980.65 is more than 2.0x this grid's within-day baseline of 234.52
3423,2013-11-01 13:00:00,HIGH_ACTIVITY,919.1342,234.5231,HIGH_ACTIVITY: current activity 919.13 is more than 2.0x this grid's within-day baseline of 234.52
3423,2013-11-01 14:00:00,HIGH_ACTIVITY,977.9274,234.5231,HIGH_ACTIVITY: current activity 977.93 is more than 2.0x this grid's within-day baseline of 234.52
3423,2013-11-01 15:00:00,HIGH_ACTIVITY,1085.5682,234.5231,HIGH_ACTIVITY: current activity 1085.57 is more than 2.0x this grid's within-day baseline of 234.52
3423,2013-11-01 16:00:00,HIGH_ACTIVITY,1129.2158,234.5231,HIGH_ACTIVITY: current activity 1129.22 is more than 2.0x this grid's within-day baseline of 234.52
3423,2013-11-01 17:00:00,HIGH_ACTIVITY,1218.202,234.5231,HIGH_ACTIVITY: current activity 1218.20 is more than 2.0x this grid's within-day baseline of 234.52
3423,2013-11-01 18:00:00,HIGH_ACTIVITY,1109.4642,234.5231,HIGH_ACTIVITY: current activity 1109.46 is more than 2.0x this grid's within-day baseline of 234.52
3423,2013-11-01 19:00:00,HIGH_ACTIVITY,918.8268,234.5231,HIGH_ACTIVITY: current activity 918.83 is more than 2.0x this grid's within-day baseline of 234.52
3424,2013-11-01 08:00:00,ACTIVITY_SPIKE,175.9936,84.5627,ACTIVITY_SPIKE: current activity 175.99 is more than 2.0x the immediately preceding hour's 84.56
3424,2013-11-01 10:00:00,HIGH_ACTIVITY,487.0214,216.1655,HIGH_ACTIVITY: current activity 487.02 is more than 2.0x this grid's within-day baseline of 216.17
3424,2013-11-01 11:00:00,HIGH_ACTIVITY,590.3568,216.1655,HIGH_ACTIVITY: current activity 590.36 is more than 2.0x this grid's within-day baseline of 216.17
3424,2013-11-01 12:00:00,HIGH_ACTIVITY,748.3653,216.1655,HIGH_ACTIVITY: current activity 748.37 is more than 2.0x this grid's within-day baseline of 216.17
3424,2013-11-01 13:00:00,HIGH_ACTIVITY,689.5607,216.1655,HIGH_ACTIVITY: current activity 689.56 is more than 2.0x this grid's within-day baseline of 216.17
3424,2013-11-01 14:00:00,HIGH_ACTIVITY,696.372,216.1655,HIGH_ACTIVITY: current activity 696.37 is more than 2.0x this grid's within-day baseline of 216.17
3424,2013-11-01 15:00:00,HIGH_ACTIVITY,776.2955,216.1655,HIGH_ACTIVITY: current activity 776.30 is more than 2.0x this grid's within-day baseline of 216.17
3424,2013-11-01 16:00:00,HIGH_ACTIVITY,824.2693,216.1655,HIGH_ACTIVITY: current activity 824.27 is more than 2.0x this grid's within-day baseline of 216.17
3424,2013-11-01 17:00:00,HIGH_ACTIVITY,895.2702,216.1655,HIGH_ACTIVITY: current activity 895.27 is more than 2.0x this grid's within-day baseline of 216.17
3424,2013-11-01 18:00:00,HIGH_ACTIVITY,856.1053,216.1655,HIGH_ACTIVITY: current activity 856.11 is more than 2.0x this grid's within-day baseline of 216.17
3424,2013-11-01 19:00:00,HIGH_ACTIVITY,624.4394,216.1655,HIGH_ACTIVITY: current activity 624.44 is more than 2.0x this grid's within-day baseline of 216.17
3425,2013-11-01 08:00:00,ACTIVITY_SPIKE,180.5219,87.1501,ACTIVITY_SPIKE: current activity 180.52 is more than 2.0x the immediately preceding hour's 87.15
3425,2013-11-01 10:00:00,HIGH_ACTIVITY,434.1308,205.8586,HIGH_ACTIVITY: current activity 434.13 is more than 2.0x this grid's within-day baseline of 205.86
3425,2013-11-01 11:00:00,HIGH_ACTIVITY,460.1994,205.8586,HIGH_ACTIVITY: current activity 460.20 is more than 2.0x this grid's within-day baseline of 205.86
3425,2013-11-01 12:00:00,HIGH_ACTIVITY,626.2874,205.8586,HIGH_ACTIVITY: current activity 626.29 is more than 2.0x this grid's within-day baseline of 205.86
3425,2013-11-01 13:00:00,HIGH_ACTIVITY,569.946,205.8586,HIGH_ACTIVITY: current activity 569.95 is more than 2.0x this grid's within-day baseline of 205.86
3425,2013-11-01 14:00:00,HIGH_ACTIVITY,547.7913,205.8586,HIGH_ACTIVITY: current activity 547.79 is more than 2.0x this grid's within-day baseline of 205.86
3425,2013-11-01 15:00:00,HIGH_ACTIVITY,612.5957,205.8586,HIGH_ACTIVITY: current activity 612.60 is more than 2.0x this grid's within-day baseline of 205.86
3425,2013-11-01 16:00:00,HIGH_ACTIVITY,664.6963,205.8586,HIGH_ACTIVITY: current activity 664.70 is more than 2.0x this grid's within-day baseline of 205.86
3425,2013-11-01 17:00:00,HIGH_ACTIVITY,728.4751,205.8586,HIGH_ACTIVITY: current activity 728.48 is more than 2.0x this grid's within-day baseline of 205.86
3425,2013-11-01 18:00:00,HIGH_ACTIVITY,723.1855,205.8586,HIGH_ACTIVITY: current activity 723.19 is more than 2.0x this grid's within-day baseline of 205.86
3425,2013-11-01 19:00:00,HIGH_ACTIVITY,475.3364,205.8586,HIGH_ACTIVITY: current activity 475.34 is more than 2.0x this grid's within-day baseline of 205.86
3426,2013-11-01 15:00:00,HIGH_ACTIVITY,733.1456,350.9616,HIGH_ACTIVITY: current activity 733.15 is more than 2.0x this grid's within-day baseline of 350.96
3426,2013-11-01 16:00:00,HIGH_ACTIVITY,769.2097,350.9616,HIGH_ACTIVITY: current activity 769.21 is more than 2.0x this grid's within-day baseline of 350.96
3426,2013-11-01 17:00:00,HIGH_ACTIVITY,810.821,350.9616,HIGH_ACTIVITY: current activity 810.82 is more than 2.0x this grid's within-day baseline of 350.96
3426,2013-11-01 18:00:00,HIGH_ACTIVITY,764.7641,350.9616,HIGH_ACTIVITY: current activity 764.76 is more than 2.0x this grid's within-day baseline of 350.96
3427,2013-11-01 15:00:00,HIGH_ACTIVITY,884.9875,419.7322,HIGH_ACTIVITY: current activity 884.99 is more than 2.0x this grid's within-day baseline of 419.73
3494,2013-11-01 16:00:00,HIGH_ACTIVITY,453.0769,225.1644,HIGH_ACTIVITY: current activity 453.08 is more than 2.0x this grid's within-day baseline of 225.16
3494,2013-11-01 17:00:00,HIGH_ACTIVITY,513.0231,225.1644,HIGH_ACTIVITY: current activity 513.02 is more than 2.0x this grid's within-day baseline of 225.16
3494,2013-11-01 18:00:00,HIGH_ACTIVITY,451.4887,225.1644,HIGH_ACTIVITY: current activity 451.49 is more than 2.0x this grid's within-day baseline of 225.16
3495,2013-11-01 16:00:00,HIGH_ACTIVITY,602.275,279.3297,HIGH_ACTIVITY: current activity 602.27 is more than 2.0x this grid's within-day baseline of 279.33
3495,2013-11-01 17:00:00,HIGH_ACTIVITY,684.8857,279.3297,HIGH_ACTIVITY: current activity 684.89 is more than 2.0x this grid's within-day baseline of 279.33
3495,2013-11-01 18:00:00,HIGH_ACTIVITY,595.1498,279.3297,HIGH_ACTIVITY: current activity 595.15 is more than 2.0x this grid's within-day baseline of 279.33
3496,2013-11-01 16:00:00,HIGH_ACTIVITY,615.3106,294.5431,HIGH_ACTIVITY: current activity 615.31 is more than 2.0x this grid's within-day baseline of 294.54
3496,2013-11-01 17:00:00,HIGH_ACTIVITY,695.4353,294.5431,HIGH_ACTIVITY: current activity 695.44 is more than 2.0x this grid's within-day baseline of 294.54
3496,2013-11-01 18:00:00,HIGH_ACTIVITY,604.7067,294.5431,HIGH_ACTIVITY: current activity 604.71 is more than 2.0x this grid's within-day baseline of 294.54
3522,2013-11-01 10:00:00,HIGH_ACTIVITY,445.4889,191.037,HIGH_ACTIVITY: current activity 445.49 is more than 2.0x this grid's within-day baseline of 191.04
3522,2013-11-01 10:00:00,ACTIVITY_SPIKE,445.4889,216.2169,ACTIVITY_SPIKE: current activity 445.49 is more than 2.0x the immediately preceding hour's 216.22
3522,2013-11-01 11:00:00,HIGH_ACTIVITY,641.0493,191.037,HIGH_ACTIVITY: current activity 641.05 is more than 2.0x this grid's within-day baseline of 191.04
3522,2013-11-01 12:00:00,HIGH_ACTIVITY,753.6863,191.037,HIGH_ACTIVITY: current activity 753.69 is more than 2.0x this grid's within-day baseline of 191.04
3522,2013-11-01 13:00:00,HIGH_ACTIVITY,701.5214,191.037,HIGH_ACTIVITY: current activity 701.52 is more than 2.0x this grid's within-day baseline of 191.04
3522,2013-11-01 14:00:00,HIGH_ACTIVITY,730.9583,191.037,HIGH_ACTIVITY: current activity 730.96 is more than 2.0x this grid's within-day baseline of 191.04
3522,2013-11-01 15:00:00,HIGH_ACTIVITY,813.2225,191.037,HIGH_ACTIVITY: current activity 813.22 is more than 2.0x this grid's within-day baseline of 191.04
3522,2013-11-01 16:00:00,HIGH_ACTIVITY,849.773,191.037,HIGH_ACTIVITY: current activity 849.77 is more than 2.0x this grid's within-day baseline of 191.04
3522,2013-11-01 17:00:00,HIGH_ACTIVITY,921.229,191.037,HIGH_ACTIVITY: current activity 921.23 is more than 2.0x this grid's within-day baseline of 191.04
3522,2013-11-01 18:00:00,HIGH_ACTIVITY,845.5374,191.037,HIGH_ACTIVITY: current activity 845.54 is more than 2.0x this grid's within-day baseline of 191.04
3522,2013-11-01 19:00:00,HIGH_ACTIVITY,721.9814,191.037,HIGH_ACTIVITY: current activity 721.98 is more than 2.0x this grid's within-day baseline of 191.04
3523,2013-11-01 01:00:00,ACTIVITY_DROP,62.4466,251.0631,ACTIVITY_DROP: current activity 62.45 is below 0.25x this grid's within-day baseline of 251.06
3523,2013-11-01 02:00:00,ACTIVITY_DROP,62.1993,251.0631,ACTIVITY_DROP: current activity 62.20 is below 0.25x this grid's within-day baseline of 251.06
3523,2013-11-01 04:00:00,ACTIVITY_DROP,62.5486,251.0631,ACTIVITY_DROP: current activity 62.55 is below 0.25x this grid's within-day baseline of 251.06
3523,2013-11-01 05:00:00,ACTIVITY_DROP,62.449,251.0631,ACTIVITY_DROP: current activity 62.45 is below 0.25x this grid's within-day baseline of 251.06
3523,2013-11-01 06:00:00,ACTIVITY_DROP,62.4211,251.0631,ACTIVITY_DROP: current activity 62.42 is below 0.25x this grid's within-day baseline of 251.06
3523,2013-11-01 10:00:00,HIGH_ACTIVITY,541.4253,217.5326,HIGH_ACTIVITY: current activity 541.43 is more than 2.0x this grid's within-day baseline of 217.53
3523,2013-11-01 10:00:00,ACTIVITY_SPIKE,541.4253,251.0631,ACTIVITY_SPIKE: current activity 541.43 is more than 2.0x the immediately preceding hour's 251.06
3523,2013-11-01 11:00:00,HIGH_ACTIVITY,793.8141,217.5326,HIGH_ACTIVITY: current activity 793.81 is more than 2.0x this grid's within-day baseline of 217.53
3523,2013-11-01 12:00:00,HIGH_ACTIVITY,930.0688,217.5326,HIGH_ACTIVITY: current activity 930.07 is more than 2.0x this grid's within-day baseline of 217.53
3523,2013-11-01 13:00:00,HIGH_ACTIVITY,874.2159,217.5326,HIGH_ACTIVITY: current activity 874.22 is more than 2.0x this grid's within-day baseline of 217.53
3523,2013-11-01 14:00:00,HIGH_ACTIVITY,911.4681,217.5326,HIGH_ACTIVITY: current activity 911.47 is more than 2.0x this grid's within-day baseline of 217.53
3523,2013-11-01 15:00:00,HIGH_ACTIVITY,1019.7455,217.5326,HIGH_ACTIVITY: current activity 1019.75 is more than 2.0x this grid's within-day baseline of 217.53
3523,2013-11-01 16:00:00,HIGH_ACTIVITY,1063.7293,217.5326,HIGH_ACTIVITY: current activity 1063.73 is more than 2.0x this grid's within-day baseline of 217.53
3523,2013-11-01 17:00:00,HIGH_ACTIVITY,1156.4627,217.5326,HIGH_ACTIVITY: current activity 1156.46 is more than 2.0x this grid's within-day baseline of 217.53
3523,2013-11-01 18:00:00,HIGH_ACTIVITY,1054.6803,217.5326,HIGH_ACTIVITY: current activity 1054.68 is more than 2.0x this grid's within-day baseline of 217.53
3523,2013-11-01 19:00:00,HIGH_ACTIVITY,886.0434,217.5326,HIGH_ACTIVITY: current activity 886.04 is more than 2.0x this grid's within-day baseline of 217.53
3524,2013-11-01 08:00:00,ACTIVITY_SPIKE,163.8668,79.3079,ACTIVITY_SPIKE: current activity 163.87 is more than 2.0x the immediately preceding hour's 79.31
3524,2013-11-01 10:00:00,HIGH_ACTIVITY,439.575,198.8086,HIGH_ACTIVITY: current activity 439.57 is more than 2.0x this grid's within-day baseline of 198.81
3524,2013-11-01 11:00:00,HIGH_ACTIVITY,516.6851,198.8086,HIGH_ACTIVITY: current activity 516.69 is more than 2.0x this grid's within-day baseline of 198.81
3524,2013-11-01 12:00:00,HIGH_ACTIVITY,667.0013,198.8086,HIGH_ACTIVITY: current activity 667.00 is more than 2.0x this grid's within-day baseline of 198.81
3524,2013-11-01 13:00:00,HIGH_ACTIVITY,614.4881,198.8086,HIGH_ACTIVITY: current activity 614.49 is more than 2.0x this grid's within-day baseline of 198.81
3524,2013-11-01 14:00:00,HIGH_ACTIVITY,602.1787,198.8086,HIGH_ACTIVITY: current activity 602.18 is more than 2.0x this grid's within-day baseline of 198.81
3524,2013-11-01 15:00:00,HIGH_ACTIVITY,678.1173,198.8086,HIGH_ACTIVITY: current activity 678.12 is more than 2.0x this grid's within-day baseline of 198.81
3524,2013-11-01 16:00:00,HIGH_ACTIVITY,724.7006,198.8086,HIGH_ACTIVITY: current activity 724.70 is more than 2.0x this grid's within-day baseline of 198.81
3524,2013-11-01 17:00:00,HIGH_ACTIVITY,795.7641,198.8086,HIGH_ACTIVITY: current activity 795.76 is more than 2.0x this grid's within-day baseline of 198.81
3524,2013-11-01 18:00:00,HIGH_ACTIVITY,770.1511,198.8086,HIGH_ACTIVITY: current activity 770.15 is more than 2.0x this grid's within-day baseline of 198.81
3524,2013-11-01 19:00:00,HIGH_ACTIVITY,549.2676,198.8086,HIGH_ACTIVITY: current activity 549.27 is more than 2.0x this grid's within-day baseline of 198.81
3525,2013-11-01 11:00:00,HIGH_ACTIVITY,480.9615,227.4816,HIGH_ACTIVITY: current activity 480.96 is more than 2.0x this grid's within-day baseline of 227.48
3525,2013-11-01 12:00:00,HIGH_ACTIVITY,632.5984,227.4816,HIGH_ACTIVITY: current activity 632.60 is more than 2.0x this grid's within-day baseline of 227.48
3525,2013-11-01 13:00:00,HIGH_ACTIVITY,571.9283,227.4816,HIGH_ACTIVITY: current activity 571.93 is more than 2.0x this grid's within-day baseline of 227.48
3525,2013-11-01 14:00:00,HIGH_ACTIVITY,543.6141,227.4816,HIGH_ACTIVITY: current activity 543.61 is more than 2.0x this grid's within-day baseline of 227.48
3525,2013-11-01 15:00:00,HIGH_ACTIVITY,613.1993,227.4816,HIGH_ACTIVITY: current activity 613.20 is more than 2.0x this grid's within-day baseline of 227.48
3525,2013-11-01 16:00:00,HIGH_ACTIVITY,691.359,227.4816,HIGH_ACTIVITY: current activity 691.36 is more than 2.0x this grid's within-day baseline of 227.48
3525,2013-11-01 17:00:00,HIGH_ACTIVITY,766.221,227.4816,HIGH_ACTIVITY: current activity 766.22 is more than 2.0x this grid's within-day baseline of 227.48
3525,2013-11-01 18:00:00,HIGH_ACTIVITY,760.0275,227.4816,HIGH_ACTIVITY: current activity 760.03 is more than 2.0x this grid's within-day baseline of 227.48
3525,2013-11-01 19:00:00,HIGH_ACTIVITY,511.826,227.4816,HIGH_ACTIVITY: current activity 511.83 is more than 2.0x this grid's within-day baseline of 227.48
3526,2013-11-01 17:00:00,HIGH_ACTIVITY,772.4151,361.7179,HIGH_ACTIVITY: current activity 772.42 is more than 2.0x this grid's within-day baseline of 361.72
3526,2013-11-01 18:00:00,HIGH_ACTIVITY,812.4822,361.7179,HIGH_ACTIVITY: current activity 812.48 is more than 2.0x this grid's within-day baseline of 361.72
3527,2013-11-01 17:00:00,HIGH_ACTIVITY,765.5074,382.4185,HIGH_ACTIVITY: current activity 765.51 is more than 2.0x this grid's within-day baseline of 382.42
3527,2013-11-01 18:00:00,HIGH_ACTIVITY,805.1183,382.4185,HIGH_ACTIVITY: current activity 805.12 is more than 2.0x this grid's within-day baseline of 382.42
3573,2013-11-01 00:00:00,HIGH_ACTIVITY,773.5938,323.2083,HIGH_ACTIVITY: current activity 773.59 is more than 2.0x this grid's within-day baseline of 323.21
3573,2013-11-01 01:00:00,HIGH_ACTIVITY,754.2923,323.2083,HIGH_ACTIVITY: current activity 754.29 is more than 2.0x this grid's within-day baseline of 323.21
3573,2013-11-01 02:00:00,HIGH_ACTIVITY,754.0129,323.2083,HIGH_ACTIVITY: current activity 754.01 is more than 2.0x this grid's within-day baseline of 323.21
3622,2013-11-01 10:00:00,HIGH_ACTIVITY,340.6605,162.39,HIGH_ACTIVITY: current activity 340.66 is more than 2.0x this grid's within-day baseline of 162.39
3622,2013-11-01 11:00:00,HIGH_ACTIVITY,470.8595,162.39,HIGH_ACTIVITY: current activity 470.86 is more than 2.0x this grid's within-day baseline of 162.39
3622,2013-11-01 12:00:00,HIGH_ACTIVITY,548.5581,162.39,HIGH_ACTIVITY: current activity 548.56 is more than 2.0x this grid's within-day baseline of 162.39
3622,2013-11-01 13:00:00,HIGH_ACTIVITY,503.2464,162.39,HIGH_ACTIVITY: current activity 503.25 is more than 2.0x this grid's within-day baseline of 162.39
3622,2013-11-01 14:00:00,HIGH_ACTIVITY,523.2105,162.39,HIGH_ACTIVITY: current activity 523.21 is more than 2.0x this grid's within-day baseline of 162.39
3622,2013-11-01 15:00:00,HIGH_ACTIVITY,580.5572,162.39,HIGH_ACTIVITY: current activity 580.56 is more than 2.0x this grid's within-day baseline of 162.39
3622,2013-11-01 16:00:00,HIGH_ACTIVITY,608.3378,162.39,HIGH_ACTIVITY: current activity 608.34 is more than 2.0x this grid's within-day baseline of 162.39
3622,2013-11-01 17:00:00,HIGH_ACTIVITY,658.6384,162.39,HIGH_ACTIVITY: current activity 658.64 is more than 2.0x this grid's within-day baseline of 162.39
3622,2013-11-01 18:00:00,HIGH_ACTIVITY,609.1215,162.39,HIGH_ACTIVITY: current activity 609.12 is more than 2.0x this grid's within-day baseline of 162.39
3622,2013-11-01 19:00:00,HIGH_ACTIVITY,527.6057,162.39,HIGH_ACTIVITY: current activity 527.61 is more than 2.0x this grid's within-day baseline of 162.39
3623,2013-11-01 10:00:00,HIGH_ACTIVITY,506.1277,208.9314,HIGH_ACTIVITY: current activity 506.13 is more than 2.0x this grid's within-day baseline of 208.93
3623,2013-11-01 10:00:00,ACTIVITY_SPIKE,506.1277,237.8303,ACTIVITY_SPIKE: current activity 506.13 is more than 2.0x the immediately preceding hour's 237.83
3623,2013-11-01 11:00:00,HIGH_ACTIVITY,740.4265,208.9314,HIGH_ACTIVITY: current activity 740.43 is more than 2.0x this grid's within-day baseline of 208.93
3623,2013-11-01 12:00:00,HIGH_ACTIVITY,875.1406,208.9314,HIGH_ACTIVITY: current activity 875.14 is more than 2.0x this grid's within-day baseline of 208.93
3623,2013-11-01 13:00:00,HIGH_ACTIVITY,817.7548,208.9314,HIGH_ACTIVITY: current activity 817.75 is more than 2.0x this grid's within-day baseline of 208.93
3623,2013-11-01 14:00:00,HIGH_ACTIVITY,852.522,208.9314,HIGH_ACTIVITY: current activity 852.52 is more than 2.0x this grid's within-day baseline of 208.93
3623,2013-11-01 15:00:00,HIGH_ACTIVITY,948.1838,208.9314,HIGH_ACTIVITY: current activity 948.18 is more than 2.0x this grid's within-day baseline of 208.93
3623,2013-11-01 16:00:00,HIGH_ACTIVITY,989.8854,208.9314,HIGH_ACTIVITY: current activity 989.89 is more than 2.0x this grid's within-day baseline of 208.93
3623,2013-11-01 17:00:00,HIGH_ACTIVITY,1073.7301,208.9314,HIGH_ACTIVITY: current activity 1073.73 is more than 2.0x this grid's within-day baseline of 208.93
3623,2013-11-01 18:00:00,HIGH_ACTIVITY,982.5756,208.9314,HIGH_ACTIVITY: current activity 982.58 is more than 2.0x this grid's within-day baseline of 208.93
3623,2013-11-01 19:00:00,HIGH_ACTIVITY,837.5045,208.9314,HIGH_ACTIVITY: current activity 837.50 is more than 2.0x this grid's within-day baseline of 208.93
3624,2013-11-01 11:00:00,HIGH_ACTIVITY,560.903,257.1592,HIGH_ACTIVITY: current activity 560.90 is more than 2.0x this grid's within-day baseline of 257.16
3624,2013-11-01 12:00:00,HIGH_ACTIVITY,678.3357,257.1592,HIGH_ACTIVITY: current activity 678.34 is more than 2.0x this grid's within-day baseline of 257.16
3624,2013-11-01 13:00:00,HIGH_ACTIVITY,619.2214,257.1592,HIGH_ACTIVITY: current activity 619.22 is more than 2.0x this grid's within-day baseline of 257.16
3624,2013-11-01 14:00:00,HIGH_ACTIVITY,596.8971,257.1592,HIGH_ACTIVITY: current activity 596.90 is more than 2.0x this grid's within-day baseline of 257.16
3624,2013-11-01 15:00:00,HIGH_ACTIVITY,688.9552,257.1592,HIGH_ACTIVITY: current activity 688.96 is more than 2.0x this grid's within-day baseline of 257.16
3624,2013-11-01 16:00:00,HIGH_ACTIVITY,804.0465,257.1592,HIGH_ACTIVITY: current activity 804.05 is more than 2.0x this grid's within-day baseline of 257.16
3624,2013-11-01 17:00:00,HIGH_ACTIVITY,892.8513,257.1592,HIGH_ACTIVITY: current activity 892.85 is more than 2.0x this grid's within-day baseline of 257.16
3624,2013-11-01 18:00:00,HIGH_ACTIVITY,865.1642,257.1592,HIGH_ACTIVITY: current activity 865.16 is more than 2.0x this grid's within-day baseline of 257.16
3624,2013-11-01 19:00:00,HIGH_ACTIVITY,605.0016,257.1592,HIGH_ACTIVITY: current activity 605.00 is more than 2.0x this grid's within-day baseline of 257.16
3625,2013-11-01 11:00:00,HIGH_ACTIVITY,849.1031,412.2441,HIGH_ACTIVITY: current activity 849.10 is more than 2.0x this grid's within-day baseline of 412.24
3625,2013-11-01 15:00:00,HIGH_ACTIVITY,865.7465,412.2441,HIGH_ACTIVITY: current activity 865.75 is more than 2.0x this grid's within-day baseline of 412.24
3625,2013-11-01 16:00:00,HIGH_ACTIVITY,1233.4846,412.2441,HIGH_ACTIVITY: current activity 1233.48 is more than 2.0x this grid's within-day baseline of 412.24
3625,2013-11-01 17:00:00,HIGH_ACTIVITY,1398.9915,412.2441,HIGH_ACTIVITY: current activity 1398.99 is more than 2.0x this grid's within-day baseline of 412.24
3625,2013-11-01 18:00:00,HIGH_ACTIVITY,1325.936,412.2441,HIGH_ACTIVITY: current activity 1325.94 is more than 2.0x this grid's within-day baseline of 412.24
3625,2013-11-01 19:00:00,HIGH_ACTIVITY,948.4922,412.2441,HIGH_ACTIVITY: current activity 948.49 is more than 2.0x this grid's within-day baseline of 412.24
3626,2013-11-01 15:00:00,HIGH_ACTIVITY,876.1241,435.7917,HIGH_ACTIVITY: current activity 876.12 is more than 2.0x this grid's within-day baseline of 435.79
3626,2013-11-01 16:00:00,HIGH_ACTIVITY,1180.9529,435.7917,HIGH_ACTIVITY: current activity 1180.95 is more than 2.0x this grid's within-day baseline of 435.79
3626,2013-11-01 17:00:00,HIGH_ACTIVITY,1365.1331,435.7917,HIGH_ACTIVITY: current activity 1365.13 is more than 2.0x this grid's within-day baseline of 435.79
3626,2013-11-01 18:00:00,HIGH_ACTIVITY,1308.8314,435.7917,HIGH_ACTIVITY: current activity 1308.83 is more than 2.0x this grid's within-day baseline of 435.79
3626,2013-11-01 19:00:00,HIGH_ACTIVITY,950.3457,435.7917,HIGH_ACTIVITY: current activity 950.35 is more than 2.0x this grid's within-day baseline of 435.79
3672,2013-11-01 00:00:00,HIGH_ACTIVITY,1530.1718,615.5939,HIGH_ACTIVITY: current activity 1530.17 is more than 2.0x this grid's within-day baseline of 615.59
3672,2013-11-01 01:00:00,HIGH_ACTIVITY,1571.0887,615.5939,HIGH_ACTIVITY: current activity 1571.09 is more than 2.0x this grid's within-day baseline of 615.59
3672,2013-11-01 02:00:00,HIGH_ACTIVITY,1508.71,615.5939,HIGH_ACTIVITY: current activity 1508.71 is more than 2.0x this grid's within-day baseline of 615.59
3672,2013-11-01 03:00:00,HIGH_ACTIVITY,1304.5424,615.5939,HIGH_ACTIVITY: current activity 1304.54 is more than 2.0x this grid's within-day baseline of 615.59
3673,2013-11-01 00:00:00,HIGH_ACTIVITY,3319.8292,627.2146,HIGH_ACTIVITY: current activity 3319.83 is more than 2.0x this grid's within-day baseline of 627.21
3673,2013-11-01 01:00:00,HIGH_ACTIVITY,3567.198,627.2146,HIGH_ACTIVITY: current activity 3567.20 is more than 2.0x this grid's within-day baseline of 627.21
3673,2013-11-01 02:00:00,HIGH_ACTIVITY,3488.065,627.2146,HIGH_ACTIVITY: current activity 3488.07 is more than 2.0x this grid's within-day baseline of 627.21
3673,2013-11-01 03:00:00,HIGH_ACTIVITY,3019.0063,627.2146,HIGH_ACTIVITY: current activity 3019.01 is more than 2.0x this grid's within-day baseline of 627.21
3673,2013-11-01 04:00:00,HIGH_ACTIVITY,2370.8407,627.2146,HIGH_ACTIVITY: current activity 2370.84 is more than 2.0x this grid's within-day baseline of 627.21
3674,2013-11-01 00:00:00,HIGH_ACTIVITY,1974.7854,675.8552,HIGH_ACTIVITY: current activity 1974.79 is more than 2.0x this grid's within-day baseline of 675.86
3674,2013-11-01 01:00:00,HIGH_ACTIVITY,2010.6335,675.8552,HIGH_ACTIVITY: current activity 2010.63 is more than 2.0x this grid's within-day baseline of 675.86
3674,2013-11-01 02:00:00,HIGH_ACTIVITY,1965.1544,675.8552,HIGH_ACTIVITY: current activity 1965.15 is more than 2.0x this grid's within-day baseline of 675.86
3674,2013-11-01 03:00:00,HIGH_ACTIVITY,1680.4735,675.8552,HIGH_ACTIVITY: current activity 1680.47 is more than 2.0x this grid's within-day baseline of 675.86
3675,2013-11-01 16:00:00,HIGH_ACTIVITY,1152.4332,557.9819,HIGH_ACTIVITY: current activity 1152.43 is more than 2.0x this grid's within-day baseline of 557.98
3676,2013-11-01 15:00:00,HIGH_ACTIVITY,756.8368,358.0656,HIGH_ACTIVITY: current activity 756.84 is more than 2.0x this grid's within-day baseline of 358.07
3676,2013-11-01 16:00:00,HIGH_ACTIVITY,812.1199,358.0656,HIGH_ACTIVITY: current activity 812.12 is more than 2.0x this grid's within-day baseline of 358.07
3685,2013-11-01 14:00:00,HIGH_ACTIVITY,310.771,147.6155,HIGH_ACTIVITY: current activity 310.77 is more than 2.0x this grid's within-day baseline of 147.62
3723,2013-11-01 15:00:00,HIGH_ACTIVITY,391.8633,191.2064,HIGH_ACTIVITY: current activity 391.86 is more than 2.0x this grid's within-day baseline of 191.21
3723,2013-11-01 16:00:00,HIGH_ACTIVITY,411.2026,191.2064,HIGH_ACTIVITY: current activity 411.20 is more than 2.0x this grid's within-day baseline of 191.21
3723,2013-11-01 17:00:00,HIGH_ACTIVITY,426.8958,191.2064,HIGH_ACTIVITY: current activity 426.90 is more than 2.0x this grid's within-day baseline of 191.21
3723,2013-11-01 18:00:00,HIGH_ACTIVITY,395.0644,191.2064,HIGH_ACTIVITY: current activity 395.06 is more than 2.0x this grid's within-day baseline of 191.21
3725,2013-11-01 16:00:00,HIGH_ACTIVITY,951.3126,419.731,HIGH_ACTIVITY: current activity 951.31 is more than 2.0x this grid's within-day baseline of 419.73
3725,2013-11-01 17:00:00,HIGH_ACTIVITY,1027.4328,419.731,HIGH_ACTIVITY: current activity 1027.43 is more than 2.0x this grid's within-day baseline of 419.73
3725,2013-11-01 18:00:00,HIGH_ACTIVITY,955.3851,419.731,HIGH_ACTIVITY: current activity 955.39 is more than 2.0x this grid's within-day baseline of 419.73
3726,2013-11-01 16:00:00,HIGH_ACTIVITY,1151.6091,425.0948,HIGH_ACTIVITY: current activity 1151.61 is more than 2.0x this grid's within-day baseline of 425.09
3726,2013-11-01 17:00:00,HIGH_ACTIVITY,1284.1531,425.0948,HIGH_ACTIVITY: current activity 1284.15 is more than 2.0x this grid's within-day baseline of 425.09
3726,2013-11-01 18:00:00,HIGH_ACTIVITY,1207.4862,425.0948,HIGH_ACTIVITY: current activity 1207.49 is more than 2.0x this grid's within-day baseline of 425.09
3726,2013-11-01 19:00:00,HIGH_ACTIVITY,887.1183,425.0948,HIGH_ACTIVITY: current activity 887.12 is more than 2.0x this grid's within-day baseline of 425.09
3727,2013-11-01 17:00:00,HIGH_ACTIVITY,1058.7754,504.1794,HIGH_ACTIVITY: current activity 1058.78 is more than 2.0x this grid's within-day baseline of 504.18
3727,2013-11-01 18:00:00,HIGH_ACTIVITY,1054.8994,504.1794,HIGH_ACTIVITY: current activity 1054.90 is more than 2.0x this grid's within-day baseline of 504.18
3729,2013-11-01 17:00:00,HIGH_ACTIVITY,620.0376,309.7258,HIGH_ACTIVITY: current activity 620.04 is more than 2.0x this grid's within-day baseline of 309.73
3729,2013-11-01 18:00:00,HIGH_ACTIVITY,797.318,309.7258,HIGH_ACTIVITY: current activity 797.32 is more than 2.0x this grid's within-day baseline of 309.73
3772,2013-11-01 00:00:00,HIGH_ACTIVITY,2354.1728,836.0253,HIGH_ACTIVITY: current activity 2354.17 is more than 2.0x this grid's within-day baseline of 836.03
3772,2013-11-01 01:00:00,HIGH_ACTIVITY,2523.2831,836.0253,HIGH_ACTIVITY: current activity 2523.28 is more than 2.0x this grid's within-day baseline of 836.03
3772,2013-11-01 02:00:00,HIGH_ACTIVITY,2386.9868,836.0253,HIGH_ACTIVITY: current activity 2386.99 is more than 2.0x this grid's within-day baseline of 836.03
3772,2013-11-01 03:00:00,HIGH_ACTIVITY,2051.8602,836.0253,HIGH_ACTIVITY: current activity 2051.86 is more than 2.0x this grid's within-day baseline of 836.03
3773,2013-11-01 00:00:00,HIGH_ACTIVITY,3070.3665,609.2278,HIGH_ACTIVITY: current activity 3070.37 is more than 2.0x this grid's within-day baseline of 609.23
3773,2013-11-01 01:00:00,HIGH_ACTIVITY,3283.3238,609.2278,HIGH_ACTIVITY: current activity 3283.32 is more than 2.0x this grid's within-day baseline of 609.23
3773,2013-11-01 02:00:00,HIGH_ACTIVITY,3214.0331,609.2278,HIGH_ACTIVITY: current activity 3214.03 is more than 2.0x this grid's within-day baseline of 609.23
3773,2013-11-01 03:00:00,HIGH_ACTIVITY,2780.5318,609.2278,HIGH_ACTIVITY: current activity 2780.53 is more than 2.0x this grid's within-day baseline of 609.23
3773,2013-11-01 04:00:00,HIGH_ACTIVITY,2177.1286,609.2278,HIGH_ACTIVITY: current activity 2177.13 is more than 2.0x this grid's within-day baseline of 609.23
3774,2013-11-01 00:00:00,HIGH_ACTIVITY,1573.356,637.2096,HIGH_ACTIVITY: current activity 1573.36 is more than 2.0x this grid's within-day baseline of 637.21
3774,2013-11-01 01:00:00,HIGH_ACTIVITY,1552.8736,637.2096,HIGH_ACTIVITY: current activity 1552.87 is more than 2.0x this grid's within-day baseline of 637.21
3774,2013-11-01 02:00:00,HIGH_ACTIVITY,1525.2958,637.2096,HIGH_ACTIVITY: current activity 1525.30 is more than 2.0x this grid's within-day baseline of 637.21
3774,2013-11-01 03:00:00,HIGH_ACTIVITY,1297.2115,637.2096,HIGH_ACTIVITY: current activity 1297.21 is more than 2.0x this grid's within-day baseline of 637.21
3776,2013-11-01 15:00:00,HIGH_ACTIVITY,1136.9962,541.2185,HIGH_ACTIVITY: current activity 1137.00 is more than 2.0x this grid's within-day baseline of 541.22
3776,2013-11-01 16:00:00,HIGH_ACTIVITY,1220.8374,541.2185,HIGH_ACTIVITY: current activity 1220.84 is more than 2.0x this grid's within-day baseline of 541.22
3783,2013-11-01 11:00:00,HIGH_ACTIVITY,205.3396,101.7952,HIGH_ACTIVITY: current activity 205.34 is more than 2.0x this grid's within-day baseline of 101.80
3829,2013-11-01 18:00:00,HIGH_ACTIVITY,727.0396,336.1697,HIGH_ACTIVITY: current activity 727.04 is more than 2.0x this grid's within-day baseline of 336.17
3873,2013-11-01 00:00:00,HIGH_ACTIVITY,1705.1165,525.9471,HIGH_ACTIVITY: current activity 1705.12 is more than 2.0x this grid's within-day baseline of 525.95
3873,2013-11-01 01:00:00,HIGH_ACTIVITY,1729.1063,525.9471,HIGH_ACTIVITY: current activity 1729.11 is more than 2.0x this grid's within-day baseline of 525.95
3873,2013-11-01 02:00:00,HIGH_ACTIVITY,1712.7464,525.9471,HIGH_ACTIVITY: current activity 1712.75 is more than 2.0x this grid's within-day baseline of 525.95
3873,2013-11-01 03:00:00,HIGH_ACTIVITY,1475.4882,525.9471,HIGH_ACTIVITY: current activity 1475.49 is more than 2.0x this grid's within-day baseline of 525.95
3873,2013-11-01 04:00:00,HIGH_ACTIVITY,1118.7957,525.9471,HIGH_ACTIVITY: current activity 1118.80 is more than 2.0x this grid's within-day baseline of 525.95
3875,2013-11-01 16:00:00,HIGH_ACTIVITY,1311.7685,646.3519,HIGH_ACTIVITY: current activity 1311.77 is more than 2.0x this grid's within-day baseline of 646.35
3876,2013-11-01 16:00:00,HIGH_ACTIVITY,1266.1958,603.5556,HIGH_ACTIVITY: current activity 1266.20 is more than 2.0x this grid's within-day baseline of 603.56
4020,2013-11-01 11:00:00,HIGH_ACTIVITY,306.32,139.3073,HIGH_ACTIVITY: current activity 306.32 is more than 2.0x this grid's within-day baseline of 139.31
4020,2013-11-01 12:00:00,HIGH_ACTIVITY,294.7723,139.3073,HIGH_ACTIVITY: current activity 294.77 is more than 2.0x this grid's within-day baseline of 139.31
4021,2013-11-01 11:00:00,HIGH_ACTIVITY,325.2259,142.3014,HIGH_ACTIVITY: current activity 325.23 is more than 2.0x this grid's within-day baseline of 142.30
4021,2013-11-01 12:00:00,HIGH_ACTIVITY,311.6729,142.3014,HIGH_ACTIVITY: current activity 311.67 is more than 2.0x this grid's within-day baseline of 142.30
4023,2013-11-01 07:00:00,ACTIVITY_SPIKE,197.4791,91.4154,ACTIVITY_SPIKE: current activity 197.48 is more than 2.0x the immediately preceding hour's 91.42
4024,2013-11-01 07:00:00,ACTIVITY_SPIKE,237.445,107.3043,ACTIVITY_SPIKE: current activity 237.44 is more than 2.0x the immediately preceding hour's 107.30
4025,2013-11-01 07:00:00,ACTIVITY_SPIKE,237.445,107.3043,ACTIVITY_SPIKE: current activity 237.44 is more than 2.0x the immediately preceding hour's 107.30
4026,2013-11-01 07:00:00,ACTIVITY_SPIKE,237.445,107.3043,ACTIVITY_SPIKE: current activity 237.44 is more than 2.0x the immediately preceding hour's 107.30
4076,2013-11-01 23:00:00,ACTIVITY_SPIKE,372.8991,175.0463,ACTIVITY_SPIKE: current activity 372.90 is more than 2.0x the immediately preceding hour's 175.05
4077,2013-11-01 23:00:00,ACTIVITY_SPIKE,379.3171,182.0483,ACTIVITY_SPIKE: current activity 379.32 is more than 2.0x the immediately preceding hour's 182.05
4120,2013-11-01 11:00:00,HIGH_ACTIVITY,322.6861,140.9644,HIGH_ACTIVITY: current activity 322.69 is more than 2.0x this grid's within-day baseline of 140.96
4120,2013-11-01 12:00:00,HIGH_ACTIVITY,309.5029,140.9644,HIGH_ACTIVITY: current activity 309.50 is more than 2.0x this grid's within-day baseline of 140.96
4121,2013-11-01 11:00:00,HIGH_ACTIVITY,317.4882,137.9102,HIGH_ACTIVITY: current activity 317.49 is more than 2.0x this grid's within-day baseline of 137.91
4121,2013-11-01 12:00:00,HIGH_ACTIVITY,305.0542,137.9102,HIGH_ACTIVITY: current activity 305.05 is more than 2.0x this grid's within-day baseline of 137.91
4122,2013-11-01 11:00:00,HIGH_ACTIVITY,316.964,137.6005,HIGH_ACTIVITY: current activity 316.96 is more than 2.0x this grid's within-day baseline of 137.60
4122,2013-11-01 12:00:00,HIGH_ACTIVITY,304.5953,137.6005,HIGH_ACTIVITY: current activity 304.60 is more than 2.0x this grid's within-day baseline of 137.60
4124,2013-11-01 07:00:00,ACTIVITY_SPIKE,235.6666,106.7176,ACTIVITY_SPIKE: current activity 235.67 is more than 2.0x the immediately preceding hour's 106.72
4125,2013-11-01 07:00:00,ACTIVITY_SPIKE,237.445,107.3043,ACTIVITY_SPIKE: current activity 237.44 is more than 2.0x the immediately preceding hour's 107.30
4129,2013-11-01 14:00:00,HIGH_ACTIVITY,1475.0593,666.0683,HIGH_ACTIVITY: current activity 1475.06 is more than 2.0x this grid's within-day baseline of 666.07
4129,2013-11-01 14:00:00,ACTIVITY_SPIKE,1475.0593,732.8809,ACTIVITY_SPIKE: current activity 1475.06 is more than 2.0x the immediately preceding hour's 732.88
4146,2013-11-01 09:00:00,ACTIVITY_SPIKE,1077.7948,519.5791,ACTIVITY_SPIKE: current activity 1077.79 is more than 2.0x the immediately preceding hour's 519.58
4147,2013-11-01 09:00:00,HIGH_ACTIVITY,2638.2165,981.9332,HIGH_ACTIVITY: current activity 2638.22 is more than 2.0x this grid's within-day baseline of 981.93
4147,2013-11-01 09:00:00,ACTIVITY_SPIKE,2638.2165,854.0558,ACTIVITY_SPIKE: current activity 2638.22 is more than 2.0x the immediately preceding hour's 854.06
4176,2013-11-01 23:00:00,ACTIVITY_SPIKE,374.0536,179.551,ACTIVITY_SPIKE: current activity 374.05 is more than 2.0x the immediately preceding hour's 179.55
4184,2013-11-01 09:00:00,HIGH_ACTIVITY,393.7682,163.6282,HIGH_ACTIVITY: current activity 393.77 is more than 2.0x this grid's within-day baseline of 163.63
4184,2013-11-01 09:00:00,ACTIVITY_SPIKE,393.7682,158.9958,ACTIVITY_SPIKE: current activity 393.77 is more than 2.0x the immediately preceding hour's 159.00
4221,2013-11-01 11:00:00,HIGH_ACTIVITY,323.1135,138.9488,HIGH_ACTIVITY: current activity 323.11 is more than 2.0x this grid's within-day baseline of 138.95
4221,2013-11-01 12:00:00,HIGH_ACTIVITY,308.3939,138.9488,HIGH_ACTIVITY: current activity 308.39 is more than 2.0x this grid's within-day baseline of 138.95
4222,2013-11-01 11:00:00,HIGH_ACTIVITY,320.9889,138.4833,HIGH_ACTIVITY: current activity 320.99 is more than 2.0x this grid's within-day baseline of 138.48
4222,2013-11-01 12:00:00,HIGH_ACTIVITY,307.085,138.4833,HIGH_ACTIVITY: current activity 307.09 is more than 2.0x this grid's within-day baseline of 138.48
4223,2013-11-01 11:00:00,HIGH_ACTIVITY,317.1393,137.6396,HIGH_ACTIVITY: current activity 317.14 is more than 2.0x this grid's within-day baseline of 137.64
4223,2013-11-01 12:00:00,HIGH_ACTIVITY,304.7039,137.6396,HIGH_ACTIVITY: current activity 304.70 is more than 2.0x this grid's within-day baseline of 137.64
4236,2013-11-01 14:00:00,HIGH_ACTIVITY,1497.679,741.4675,HIGH_ACTIVITY: current activity 1497.68 is more than 2.0x this grid's within-day baseline of 741.47
4247,2013-11-01 09:00:00,HIGH_ACTIVITY,2827.1968,1006.6479,HIGH_ACTIVITY: current activity 2827.20 is more than 2.0x this grid's within-day baseline of 1006.65
4247,2013-11-01 09:00:00,ACTIVITY_SPIKE,2827.1968,901.8864,ACTIVITY_SPIKE: current activity 2827.20 is more than 2.0x the immediately preceding hour's 901.89
4279,2013-11-01 00:00:00,HIGH_ACTIVITY,2102.6872,560.7754,HIGH_ACTIVITY: current activity 2102.69 is more than 2.0x this grid's within-day baseline of 560.78
4279,2013-11-01 01:00:00,HIGH_ACTIVITY,2252.7658,560.7754,HIGH_ACTIVITY: current activity 2252.77 is more than 2.0x this grid's within-day baseline of 560.78
4279,2013-11-01 02:00:00,HIGH_ACTIVITY,2139.7463,560.7754,HIGH_ACTIVITY: current activity 2139.75 is more than 2.0x this grid's within-day baseline of 560.78
4279,2013-11-01 03:00:00,HIGH_ACTIVITY,1599.192,560.7754,HIGH_ACTIVITY: current activity 1599.19 is more than 2.0x this grid's within-day baseline of 560.78
4284,2013-11-01 09:00:00,HIGH_ACTIVITY,399.8865,126.9354,HIGH_ACTIVITY: current activity 399.89 is more than 2.0x this grid's within-day baseline of 126.94
4284,2013-11-01 09:00:00,ACTIVITY_SPIKE,399.8865,126.9354,ACTIVITY_SPIKE: current activity 399.89 is more than 2.0x the immediately preceding hour's 126.94
4285,2013-11-01 09:00:00,HIGH_ACTIVITY,202.9988,97.0799,HIGH_ACTIVITY: current activity 203.00 is more than 2.0x this grid's within-day baseline of 97.08
4285,2013-11-01 09:00:00,ACTIVITY_SPIKE,202.9988,79.0346,ACTIVITY_SPIKE: current activity 203.00 is more than 2.0x the immediately preceding hour's 79.03
4322,2013-11-01 11:00:00,HIGH_ACTIVITY,383.6471,161.2569,HIGH_ACTIVITY: current activity 383.65 is more than 2.0x this grid's within-day baseline of 161.26
4322,2013-11-01 12:00:00,HIGH_ACTIVITY,347.8415,161.2569,HIGH_ACTIVITY: current activity 347.84 is more than 2.0x this grid's within-day baseline of 161.26
4323,2013-11-01 11:00:00,HIGH_ACTIVITY,374.4314,164.9943,HIGH_ACTIVITY: current activity 374.43 is more than 2.0x this grid's within-day baseline of 164.99
4323,2013-11-01 12:00:00,HIGH_ACTIVITY,340.3222,164.9943,HIGH_ACTIVITY: current activity 340.32 is more than 2.0x this grid's within-day baseline of 164.99
4327,2013-11-01 03:00:00,ACTIVITY_SPIKE,577.0589,265.3483,ACTIVITY_SPIKE: current activity 577.06 is more than 2.0x the immediately preceding hour's 265.35
4327,2013-11-01 11:00:00,HIGH_ACTIVITY,1130.7124,472.8369,HIGH_ACTIVITY: current activity 1130.71 is more than 2.0x this grid's within-day baseline of 472.84
4327,2013-11-01 11:00:00,ACTIVITY_SPIKE,1130.7124,506.3759,ACTIVITY_SPIKE: current activity 1130.71 is more than 2.0x the immediately preceding hour's 506.38
4328,2013-11-01 11:00:00,HIGH_ACTIVITY,1089.8751,531.6465,HIGH_ACTIVITY: current activity 1089.88 is more than 2.0x this grid's within-day baseline of 531.65
4328,2013-11-01 19:00:00,HIGH_ACTIVITY,1085.6069,531.6465,HIGH_ACTIVITY: current activity 1085.61 is more than 2.0x this grid's within-day baseline of 531.65
4329,2013-11-01 19:00:00,HIGH_ACTIVITY,1586.8033,763.6315,HIGH_ACTIVITY: current activity 1586.80 is more than 2.0x this grid's within-day baseline of 763.63
4330,2013-11-01 19:00:00,HIGH_ACTIVITY,935.7257,461.7379,HIGH_ACTIVITY: current activity 935.73 is more than 2.0x this grid's within-day baseline of 461.74
4335,2013-11-01 19:00:00,HIGH_ACTIVITY,712.5172,336.7718,HIGH_ACTIVITY: current activity 712.52 is more than 2.0x this grid's within-day baseline of 336.77
4344,2013-11-01 18:00:00,HIGH_ACTIVITY,3306.8651,1297.1779,HIGH_ACTIVITY: current activity 3306.87 is more than 2.0x this grid's within-day baseline of 1297.18
4344,2013-11-01 19:00:00,HIGH_ACTIVITY,3315.0031,1297.1779,HIGH_ACTIVITY: current activity 3315.00 is more than 2.0x this grid's within-day baseline of 1297.18
4347,2013-11-01 09:00:00,ACTIVITY_SPIKE,1745.571,845.5008,ACTIVITY_SPIKE: current activity 1745.57 is more than 2.0x the immediately preceding hour's 845.50
4351,2013-11-01 00:00:00,HIGH_ACTIVITY,2452.2005,1052.2165,HIGH_ACTIVITY: current activity 2452.20 is more than 2.0x this grid's within-day baseline of 1052.22
4351,2013-11-01 01:00:00,HIGH_ACTIVITY,3197.9427,1052.2165,HIGH_ACTIVITY: current activity 3197.94 is more than 2.0x this grid's within-day baseline of 1052.22
4351,2013-11-01 02:00:00,HIGH_ACTIVITY,4097.1579,1052.2165,HIGH_ACTIVITY: current activity 4097.16 is more than 2.0x this grid's within-day baseline of 1052.22
4351,2013-11-01 03:00:00,HIGH_ACTIVITY,3162.5578,1052.2165,HIGH_ACTIVITY: current activity 3162.56 is more than 2.0x this grid's within-day baseline of 1052.22
4351,2013-11-01 04:00:00,HIGH_ACTIVITY,2165.3788,1052.2165,HIGH_ACTIVITY: current activity 2165.38 is more than 2.0x this grid's within-day baseline of 1052.22
4352,2013-11-01 01:00:00,HIGH_ACTIVITY,2476.6959,1086.6092,HIGH_ACTIVITY: current activity 2476.70 is more than 2.0x this grid's within-day baseline of 1086.61
4352,2013-11-01 02:00:00,HIGH_ACTIVITY,2686.258,1086.6092,HIGH_ACTIVITY: current activity 2686.26 is more than 2.0x this grid's within-day baseline of 1086.61
4352,2013-11-01 03:00:00,HIGH_ACTIVITY,2208.9438,1086.6092,HIGH_ACTIVITY: current activity 2208.94 is more than 2.0x this grid's within-day baseline of 1086.61
4354,2013-11-01 22:00:00,HIGH_ACTIVITY,4847.3886,2291.8847,HIGH_ACTIVITY: current activity 4847.39 is more than 2.0x this grid's within-day baseline of 2291.88
4354,2013-11-01 23:00:00,HIGH_ACTIVITY,5013.3828,2291.8847,HIGH_ACTIVITY: current activity 5013.38 is more than 2.0x this grid's within-day baseline of 2291.88
4359,2013-11-01 00:00:00,HIGH_ACTIVITY,4144.2558,1982.1351,HIGH_ACTIVITY: current activity 4144.26 is more than 2.0x this grid's within-day baseline of 1982.14
4359,2013-11-01 01:00:00,HIGH_ACTIVITY,4621.3713,1982.1351,HIGH_ACTIVITY: current activity 4621.37 is more than 2.0x this grid's within-day baseline of 1982.14
4359,2013-11-01 02:00:00,HIGH_ACTIVITY,4532.9644,1982.1351,HIGH_ACTIVITY: current activity 4532.96 is more than 2.0x this grid's within-day baseline of 1982.14
4361,2013-11-01 00:00:00,HIGH_ACTIVITY,1341.5546,611.2743,HIGH_ACTIVITY: current activity 1341.55 is more than 2.0x this grid's within-day baseline of 611.27
4361,2013-11-01 01:00:00,HIGH_ACTIVITY,1280.4597,611.2743,HIGH_ACTIVITY: current activity 1280.46 is more than 2.0x this grid's within-day baseline of 611.27
4367,2013-11-01 11:00:00,HIGH_ACTIVITY,3192.665,1543.1591,HIGH_ACTIVITY: current activity 3192.67 is more than 2.0x this grid's within-day baseline of 1543.16
4367,2013-11-01 12:00:00,HIGH_ACTIVITY,3565.6041,1543.1591,HIGH_ACTIVITY: current activity 3565.60 is more than 2.0x this grid's within-day baseline of 1543.16
4367,2013-11-01 16:00:00,HIGH_ACTIVITY,3193.9764,1543.1591,HIGH_ACTIVITY: current activity 3193.98 is more than 2.0x this grid's within-day baseline of 1543.16
4367,2013-11-01 17:00:00,HIGH_ACTIVITY,3781.0415,1543.1591,HIGH_ACTIVITY: current activity 3781.04 is more than 2.0x this grid's within-day baseline of 1543.16
4367,2013-11-01 18:00:00,HIGH_ACTIVITY,3401.0652,1543.1591,HIGH_ACTIVITY: current activity 3401.07 is more than 2.0x this grid's within-day baseline of 1543.16
4374,2013-11-01 17:00:00,ACTIVITY_SPIKE,416.4073,182.5724,ACTIVITY_SPIKE: current activity 416.41 is more than 2.0x the immediately preceding hour's 182.57
4374,2013-11-01 22:00:00,ACTIVITY_SPIKE,368.9336,162.5583,ACTIVITY_SPIKE: current activity 368.93 is more than 2.0x the immediately preceding hour's 162.56
4375,2013-11-01 17:00:00,ACTIVITY_SPIKE,419.3204,191.0105,ACTIVITY_SPIKE: current activity 419.32 is more than 2.0x the immediately preceding hour's 191.01
4375,2013-11-01 22:00:00,ACTIVITY_SPIKE,369.5107,172.0853,ACTIVITY_SPIKE: current activity 369.51 is more than 2.0x the immediately preceding hour's 172.09
4378,2013-11-01 01:00:00,HIGH_ACTIVITY,1337.8105,588.1956,HIGH_ACTIVITY: current activity 1337.81 is more than 2.0x this grid's within-day baseline of 588.20
4378,2013-11-01 02:00:00,HIGH_ACTIVITY,1350.9386,588.1956,HIGH_ACTIVITY: current activity 1350.94 is more than 2.0x this grid's within-day baseline of 588.20
4379,2013-11-01 00:00:00,HIGH_ACTIVITY,6755.7252,451.0265,HIGH_ACTIVITY: current activity 6755.73 is more than 2.0x this grid's within-day baseline of 451.03
4379,2013-11-01 01:00:00,HIGH_ACTIVITY,7395.5054,451.0265,HIGH_ACTIVITY: current activity 7395.51 is more than 2.0x this grid's within-day baseline of 451.03
4379,2013-11-01 02:00:00,HIGH_ACTIVITY,7011.1428,451.0265,HIGH_ACTIVITY: current activity 7011.14 is more than 2.0x this grid's within-day baseline of 451.03
4379,2013-11-01 03:00:00,HIGH_ACTIVITY,5192.683,451.0265,HIGH_ACTIVITY: current activity 5192.68 is more than 2.0x this grid's within-day baseline of 451.03
4379,2013-11-01 04:00:00,HIGH_ACTIVITY,3017.9299,451.0265,HIGH_ACTIVITY: current activity 3017.93 is more than 2.0x this grid's within-day baseline of 451.03
4379,2013-11-01 05:00:00,HIGH_ACTIVITY,1001.1645,451.0265,HIGH_ACTIVITY: current activity 1001.16 is more than 2.0x this grid's within-day baseline of 451.03
4380,2013-11-01 00:00:00,HIGH_ACTIVITY,4661.5515,474.4502,HIGH_ACTIVITY: current activity 4661.55 is more than 2.0x this grid's within-day baseline of 474.45
4380,2013-11-01 01:00:00,HIGH_ACTIVITY,5038.3056,474.4502,HIGH_ACTIVITY: current activity 5038.31 is more than 2.0x this grid's within-day baseline of 474.45
4380,2013-11-01 02:00:00,HIGH_ACTIVITY,4766.7188,474.4502,HIGH_ACTIVITY: current activity 4766.72 is more than 2.0x this grid's within-day baseline of 474.45
4380,2013-11-01 03:00:00,HIGH_ACTIVITY,3574.8238,474.4502,HIGH_ACTIVITY: current activity 3574.82 is more than 2.0x this grid's within-day baseline of 474.45
4380,2013-11-01 04:00:00,HIGH_ACTIVITY,2116.1176,474.4502,HIGH_ACTIVITY: current activity 2116.12 is more than 2.0x this grid's within-day baseline of 474.45
4381,2013-11-01 01:00:00,HIGH_ACTIVITY,901.3697,437.0085,HIGH_ACTIVITY: current activity 901.37 is more than 2.0x this grid's within-day baseline of 437.01
4384,2013-11-01 09:00:00,ACTIVITY_SPIKE,272.664,127.2753,ACTIVITY_SPIKE: current activity 272.66 is more than 2.0x the immediately preceding hour's 127.28
4385,2013-11-01 09:00:00,ACTIVITY_SPIKE,171.611,81.2431,ACTIVITY_SPIKE: current activity 171.61 is more than 2.0x the immediately preceding hour's 81.24
4428,2013-11-01 16:00:00,HIGH_ACTIVITY,743.5063,363.3271,HIGH_ACTIVITY: current activity 743.51 is more than 2.0x this grid's within-day baseline of 363.33
4435,2013-11-01 17:00:00,ACTIVITY_SPIKE,567.5546,270.0597,ACTIVITY_SPIKE: current activity 567.55 is more than 2.0x the immediately preceding hour's 270.06
4450,2013-11-01 00:00:00,HIGH_ACTIVITY,3295.3301,1494.3982,HIGH_ACTIVITY: current activity 3295.33 is more than 2.0x this grid's within-day baseline of 1494.40
4450,2013-11-01 01:00:00,HIGH_ACTIVITY,4056.9558,1494.3982,HIGH_ACTIVITY: current activity 4056.96 is more than 2.0x this grid's within-day baseline of 1494.40
4450,2013-11-01 02:00:00,HIGH_ACTIVITY,4492.7509,1494.3982,HIGH_ACTIVITY: current activity 4492.75 is more than 2.0x this grid's within-day baseline of 1494.40
4450,2013-11-01 03:00:00,HIGH_ACTIVITY,3453.064,1494.3982,HIGH_ACTIVITY: current activity 3453.06 is more than 2.0x this grid's within-day baseline of 1494.40
4451,2013-11-01 00:00:00,HIGH_ACTIVITY,3392.9112,1083.1525,HIGH_ACTIVITY: current activity 3392.91 is more than 2.0x this grid's within-day baseline of 1083.15
4451,2013-11-01 01:00:00,HIGH_ACTIVITY,5357.544,1083.1525,HIGH_ACTIVITY: current activity 5357.54 is more than 2.0x this grid's within-day baseline of 1083.15
4451,2013-11-01 02:00:00,HIGH_ACTIVITY,7718.6668,1083.1525,HIGH_ACTIVITY: current activity 7718.67 is more than 2.0x this grid's within-day baseline of 1083.15
4451,2013-11-01 03:00:00,HIGH_ACTIVITY,5817.5352,1083.1525,HIGH_ACTIVITY: current activity 5817.54 is more than 2.0x this grid's within-day baseline of 1083.15
4451,2013-11-01 04:00:00,HIGH_ACTIVITY,3822.5129,1083.1525,HIGH_ACTIVITY: current activity 3822.51 is more than 2.0x this grid's within-day baseline of 1083.15
4451,2013-11-01 22:00:00,HIGH_ACTIVITY,2181.2461,1083.1525,HIGH_ACTIVITY: current activity 2181.25 is more than 2.0x this grid's within-day baseline of 1083.15
4452,2013-11-01 00:00:00,HIGH_ACTIVITY,5771.6367,1643.7993,HIGH_ACTIVITY: current activity 5771.64 is more than 2.0x this grid's within-day baseline of 1643.80
4452,2013-11-01 01:00:00,HIGH_ACTIVITY,10454.8195,1643.7993,HIGH_ACTIVITY: current activity 10454.82 is more than 2.0x this grid's within-day baseline of 1643.80
4452,2013-11-01 02:00:00,HIGH_ACTIVITY,12112.689,1643.7993,HIGH_ACTIVITY: current activity 12112.69 is more than 2.0x this grid's within-day baseline of 1643.80
4452,2013-11-01 03:00:00,HIGH_ACTIVITY,9882.6885,1643.7993,HIGH_ACTIVITY: current activity 9882.69 is more than 2.0x this grid's within-day baseline of 1643.80
4452,2013-11-01 04:00:00,HIGH_ACTIVITY,6926.6477,1643.7993,HIGH_ACTIVITY: current activity 6926.65 is more than 2.0x this grid's within-day baseline of 1643.80
4453,2013-11-01 00:00:00,HIGH_ACTIVITY,6604.436,2188.5555,HIGH_ACTIVITY: current activity 6604.44 is more than 2.0x this grid's within-day baseline of 2188.56
4453,2013-11-01 01:00:00,HIGH_ACTIVITY,9897.0013,2188.5555,HIGH_ACTIVITY: current activity 9897.00 is more than 2.0x this grid's within-day baseline of 2188.56
4453,2013-11-01 02:00:00,HIGH_ACTIVITY,9062.0753,2188.5555,HIGH_ACTIVITY: current activity 9062.08 is more than 2.0x this grid's within-day baseline of 2188.56
4453,2013-11-01 03:00:00,HIGH_ACTIVITY,7301.1979,2188.5555,HIGH_ACTIVITY: current activity 7301.20 is more than 2.0x this grid's within-day baseline of 2188.56
4453,2013-11-01 04:00:00,HIGH_ACTIVITY,5146.1154,2188.5555,HIGH_ACTIVITY: current activity 5146.12 is more than 2.0x this grid's within-day baseline of 2188.56
4454,2013-11-01 00:00:00,HIGH_ACTIVITY,4966.8223,2055.0511,HIGH_ACTIVITY: current activity 4966.82 is more than 2.0x this grid's within-day baseline of 2055.05
4454,2013-11-01 01:00:00,HIGH_ACTIVITY,4135.3553,2055.0511,HIGH_ACTIVITY: current activity 4135.36 is more than 2.0x this grid's within-day baseline of 2055.05
4454,2013-11-01 21:00:00,HIGH_ACTIVITY,4411.739,2055.0511,HIGH_ACTIVITY: current activity 4411.74 is more than 2.0x this grid's within-day baseline of 2055.05
4454,2013-11-01 22:00:00,HIGH_ACTIVITY,4885.756,2055.0511,HIGH_ACTIVITY: current activity 4885.76 is more than 2.0x this grid's within-day baseline of 2055.05
4454,2013-11-01 23:00:00,HIGH_ACTIVITY,5030.1583,2055.0511,HIGH_ACTIVITY: current activity 5030.16 is more than 2.0x this grid's within-day baseline of 2055.05
4455,2013-11-01 23:00:00,HIGH_ACTIVITY,5441.7068,2696.9157,HIGH_ACTIVITY: current activity 5441.71 is more than 2.0x this grid's within-day baseline of 2696.92
4460,2013-11-01 00:00:00,HIGH_ACTIVITY,4401.9844,2094.8788,HIGH_ACTIVITY: current activity 4401.98 is more than 2.0x this grid's within-day baseline of 2094.88
4474,2013-11-01 17:00:00,ACTIVITY_SPIKE,200.6045,95.2058,ACTIVITY_SPIKE: current activity 200.60 is more than 2.0x the immediately preceding hour's 95.21
4474,2013-11-01 22:00:00,ACTIVITY_SPIKE,176.3111,83.3761,ACTIVITY_SPIKE: current activity 176.31 is more than 2.0x the immediately preceding hour's 83.38
4476,2013-11-01 07:00:00,ACTIVITY_SPIKE,353.6123,174.7661,ACTIVITY_SPIKE: current activity 353.61 is more than 2.0x the immediately preceding hour's 174.77
4476,2013-11-01 20:00:00,HIGH_ACTIVITY,548.3625,255.0759,HIGH_ACTIVITY: current activity 548.36 is more than 2.0x this grid's within-day baseline of 255.08
4477,2013-11-01 01:00:00,HIGH_ACTIVITY,784.1442,390.1719,HIGH_ACTIVITY: current activity 784.14 is more than 2.0x this grid's within-day baseline of 390.17
4478,2013-11-01 00:00:00,HIGH_ACTIVITY,1529.3449,574.2842,HIGH_ACTIVITY: current activity 1529.34 is more than 2.0x this grid's within-day baseline of 574.28
4478,2013-11-01 01:00:00,HIGH_ACTIVITY,1898.1379,574.2842,HIGH_ACTIVITY: current activity 1898.14 is more than 2.0x this grid's within-day baseline of 574.28
4478,2013-11-01 02:00:00,HIGH_ACTIVITY,1967.0829,574.2842,HIGH_ACTIVITY: current activity 1967.08 is more than 2.0x this grid's within-day baseline of 574.28
4478,2013-11-01 03:00:00,HIGH_ACTIVITY,1563.1292,574.2842,HIGH_ACTIVITY: current activity 1563.13 is more than 2.0x this grid's within-day baseline of 574.28
4479,2013-11-01 00:00:00,HIGH_ACTIVITY,3702.1157,536.2862,HIGH_ACTIVITY: current activity 3702.12 is more than 2.0x this grid's within-day baseline of 536.29
4479,2013-11-01 01:00:00,HIGH_ACTIVITY,4280.1003,536.2862,HIGH_ACTIVITY: current activity 4280.10 is more than 2.0x this grid's within-day baseline of 536.29
4479,2013-11-01 02:00:00,HIGH_ACTIVITY,4235.6288,536.2862,HIGH_ACTIVITY: current activity 4235.63 is more than 2.0x this grid's within-day baseline of 536.29
4479,2013-11-01 03:00:00,HIGH_ACTIVITY,3266.1716,536.2862,HIGH_ACTIVITY: current activity 3266.17 is more than 2.0x this grid's within-day baseline of 536.29
4479,2013-11-01 04:00:00,HIGH_ACTIVITY,2029.6436,536.2862,HIGH_ACTIVITY: current activity 2029.64 is more than 2.0x this grid's within-day baseline of 536.29
4479,2013-11-01 15:00:00,HIGH_ACTIVITY,1124.3153,536.2862,HIGH_ACTIVITY: current activity 1124.32 is more than 2.0x this grid's within-day baseline of 536.29
4479,2013-11-01 15:00:00,ACTIVITY_SPIKE,1124.3153,499.2641,ACTIVITY_SPIKE: current activity 1124.32 is more than 2.0x the immediately preceding hour's 499.26
4480,2013-11-01 00:00:00,HIGH_ACTIVITY,7031.9428,256.1531,HIGH_ACTIVITY: current activity 7031.94 is more than 2.0x this grid's within-day baseline of 256.15
4480,2013-11-01 01:00:00,HIGH_ACTIVITY,7638.3384,256.1531,HIGH_ACTIVITY: current activity 7638.34 is more than 2.0x this grid's within-day baseline of 256.15
4480,2013-11-01 02:00:00,HIGH_ACTIVITY,7212.9956,256.1531,HIGH_ACTIVITY: current activity 7213.00 is more than 2.0x this grid's within-day baseline of 256.15
4480,2013-11-01 03:00:00,HIGH_ACTIVITY,5386.3435,256.1531,HIGH_ACTIVITY: current activity 5386.34 is more than 2.0x this grid's within-day baseline of 256.15
4480,2013-11-01 04:00:00,HIGH_ACTIVITY,3167.4966,256.1531,HIGH_ACTIVITY: current activity 3167.50 is more than 2.0x this grid's within-day baseline of 256.15
4480,2013-11-01 05:00:00,HIGH_ACTIVITY,939.4735,256.1531,HIGH_ACTIVITY: current activity 939.47 is more than 2.0x this grid's within-day baseline of 256.15
4480,2013-11-01 13:00:00,HIGH_ACTIVITY,643.5752,256.1531,HIGH_ACTIVITY: current activity 643.58 is more than 2.0x this grid's within-day baseline of 256.15
4480,2013-11-01 13:00:00,ACTIVITY_SPIKE,643.5752,300.2394,ACTIVITY_SPIKE: current activity 643.58 is more than 2.0x the immediately preceding hour's 300.24
4481,2013-11-01 00:00:00,HIGH_ACTIVITY,1358.6585,231.7169,HIGH_ACTIVITY: current activity 1358.66 is more than 2.0x this grid's within-day baseline of 231.72
4481,2013-11-01 01:00:00,HIGH_ACTIVITY,1397.1068,231.7169,HIGH_ACTIVITY: current activity 1397.11 is more than 2.0x this grid's within-day baseline of 231.72
4481,2013-11-01 02:00:00,HIGH_ACTIVITY,1315.9112,231.7169,HIGH_ACTIVITY: current activity 1315.91 is more than 2.0x this grid's within-day baseline of 231.72
4481,2013-11-01 03:00:00,HIGH_ACTIVITY,1004.6806,231.7169,HIGH_ACTIVITY: current activity 1004.68 is more than 2.0x this grid's within-day baseline of 231.72
4481,2013-11-01 04:00:00,HIGH_ACTIVITY,611.9311,231.7169,HIGH_ACTIVITY: current activity 611.93 is more than 2.0x this grid's within-day baseline of 231.72
4528,2013-11-01 16:00:00,HIGH_ACTIVITY,624.2703,304.4809,HIGH_ACTIVITY: current activity 624.27 is more than 2.0x this grid's within-day baseline of 304.48
4553,2013-11-01 00:00:00,HIGH_ACTIVITY,8542.7099,3457.7644,HIGH_ACTIVITY: current activity 8542.71 is more than 2.0x this grid's within-day baseline of 3457.76
4553,2013-11-01 01:00:00,HIGH_ACTIVITY,8971.7709,3457.7644,HIGH_ACTIVITY: current activity 8971.77 is more than 2.0x this grid's within-day baseline of 3457.76
4554,2013-11-01 00:00:00,HIGH_ACTIVITY,8422.7283,3397.5363,HIGH_ACTIVITY: current activity 8422.73 is more than 2.0x this grid's within-day baseline of 3397.54
4554,2013-11-01 01:00:00,HIGH_ACTIVITY,7829.1047,3397.5363,HIGH_ACTIVITY: current activity 7829.10 is more than 2.0x this grid's within-day baseline of 3397.54
4554,2013-11-01 22:00:00,HIGH_ACTIVITY,6978.9319,3397.5363,HIGH_ACTIVITY: current activity 6978.93 is more than 2.0x this grid's within-day baseline of 3397.54
4562,2013-11-01 00:00:00,HIGH_ACTIVITY,3847.0702,1764.5602,HIGH_ACTIVITY: current activity 3847.07 is more than 2.0x this grid's within-day baseline of 1764.56
4566,2013-11-01 09:00:00,ACTIVITY_SPIKE,3346.9008,1161.3677,ACTIVITY_SPIKE: current activity 3346.90 is more than 2.0x the immediately preceding hour's 1161.37
4577,2013-11-01 10:00:00,HIGH_ACTIVITY,607.8052,266.2775,HIGH_ACTIVITY: current activity 607.81 is more than 2.0x this grid's within-day baseline of 266.28
4578,2013-11-01 01:00:00,HIGH_ACTIVITY,887.9293,432.1377,HIGH_ACTIVITY: current activity 887.93 is more than 2.0x this grid's within-day baseline of 432.14
4578,2013-11-01 10:00:00,HIGH_ACTIVITY,904.8914,432.1377,HIGH_ACTIVITY: current activity 904.89 is more than 2.0x this grid's within-day baseline of 432.14
4579,2013-11-01 00:00:00,HIGH_ACTIVITY,941.6465,393.2144,HIGH_ACTIVITY: current activity 941.65 is more than 2.0x this grid's within-day baseline of 393.21
4579,2013-11-01 01:00:00,HIGH_ACTIVITY,1150.1071,393.2144,HIGH_ACTIVITY: current activity 1150.11 is more than 2.0x this grid's within-day baseline of 393.21
4579,2013-11-01 02:00:00,HIGH_ACTIVITY,1237.3333,393.2144,HIGH_ACTIVITY: current activity 1237.33 is more than 2.0x this grid's within-day baseline of 393.21
4579,2013-11-01 03:00:00,HIGH_ACTIVITY,998.3757,393.2144,HIGH_ACTIVITY: current activity 998.38 is more than 2.0x this grid's within-day baseline of 393.21
4579,2013-11-01 15:00:00,ACTIVITY_SPIKE,781.5619,389.2016,ACTIVITY_SPIKE: current activity 781.56 is more than 2.0x the immediately preceding hour's 389.20
4580,2013-11-01 00:00:00,HIGH_ACTIVITY,1605.4097,189.9865,HIGH_ACTIVITY: current activity 1605.41 is more than 2.0x this grid's within-day baseline of 189.99
4580,2013-11-01 01:00:00,HIGH_ACTIVITY,1684.0451,189.9865,HIGH_ACTIVITY: current activity 1684.05 is more than 2.0x this grid's within-day baseline of 189.99
4580,2013-11-01 02:00:00,HIGH_ACTIVITY,1670.6792,189.9865,HIGH_ACTIVITY: current activity 1670.68 is more than 2.0x this grid's within-day baseline of 189.99
4580,2013-11-01 03:00:00,HIGH_ACTIVITY,1216.1718,189.9865,HIGH_ACTIVITY: current activity 1216.17 is more than 2.0x this grid's within-day baseline of 189.99
4580,2013-11-01 04:00:00,HIGH_ACTIVITY,763.5764,189.9865,HIGH_ACTIVITY: current activity 763.58 is more than 2.0x this grid's within-day baseline of 189.99
4591,2013-11-01 09:00:00,HIGH_ACTIVITY,213.7558,84.3533,HIGH_ACTIVITY: current activity 213.76 is more than 2.0x this grid's within-day baseline of 84.35
4591,2013-11-01 10:00:00,HIGH_ACTIVITY,204.7508,84.3533,HIGH_ACTIVITY: current activity 204.75 is more than 2.0x this grid's within-day baseline of 84.35
4592,2013-11-01 09:00:00,ACTIVITY_SPIKE,222.2168,105.8437,ACTIVITY_SPIKE: current activity 222.22 is more than 2.0x the immediately preceding hour's 105.84
4653,2013-11-01 00:00:00,HIGH_ACTIVITY,8332.8589,3965.9775,HIGH_ACTIVITY: current activity 8332.86 is more than 2.0x this grid's within-day baseline of 3965.98
4677,2013-11-01 08:00:00,ACTIVITY_SPIKE,507.354,240.3685,ACTIVITY_SPIKE: current activity 507.35 is more than 2.0x the immediately preceding hour's 240.37
4677,2013-11-01 09:00:00,HIGH_ACTIVITY,745.2819,285.6087,HIGH_ACTIVITY: current activity 745.28 is more than 2.0x this grid's within-day baseline of 285.61
4677,2013-11-01 10:00:00,HIGH_ACTIVITY,904.5605,285.6087,HIGH_ACTIVITY: current activity 904.56 is more than 2.0x this grid's within-day baseline of 285.61
4677,2013-11-01 11:00:00,HIGH_ACTIVITY,684.7291,285.6087,HIGH_ACTIVITY: current activity 684.73 is more than 2.0x this grid's within-day baseline of 285.61
4680,2013-11-01 00:00:00,HIGH_ACTIVITY,380.9247,188.9808,HIGH_ACTIVITY: current activity 380.92 is more than 2.0x this grid's within-day baseline of 188.98
4680,2013-11-01 02:00:00,HIGH_ACTIVITY,429.6619,188.9808,HIGH_ACTIVITY: current activity 429.66 is more than 2.0x this grid's within-day baseline of 188.98
4682,2013-11-01 08:00:00,ACTIVITY_SPIKE,370.0673,172.9221,ACTIVITY_SPIKE: current activity 370.07 is more than 2.0x the immediately preceding hour's 172.92
4682,2013-11-01 10:00:00,HIGH_ACTIVITY,603.8595,289.9048,HIGH_ACTIVITY: current activity 603.86 is more than 2.0x this grid's within-day baseline of 289.90
4682,2013-11-01 11:00:00,HIGH_ACTIVITY,636.1704,289.9048,HIGH_ACTIVITY: current activity 636.17 is more than 2.0x this grid's within-day baseline of 289.90
4682,2013-11-01 15:00:00,HIGH_ACTIVITY,615.6603,289.9048,HIGH_ACTIVITY: current activity 615.66 is more than 2.0x this grid's within-day baseline of 289.90
4690,2013-11-01 09:00:00,HIGH_ACTIVITY,350.272,128.5447,HIGH_ACTIVITY: current activity 350.27 is more than 2.0x this grid's within-day baseline of 128.54
4690,2013-11-01 10:00:00,HIGH_ACTIVITY,318.2781,128.5447,HIGH_ACTIVITY: current activity 318.28 is more than 2.0x this grid's within-day baseline of 128.54
4691,2013-11-01 09:00:00,HIGH_ACTIVITY,292.9235,87.9759,HIGH_ACTIVITY: current activity 292.92 is more than 2.0x this grid's within-day baseline of 87.98
4691,2013-11-01 10:00:00,HIGH_ACTIVITY,253.5658,87.9759,HIGH_ACTIVITY: current activity 253.57 is more than 2.0x this grid's within-day baseline of 87.98
4691,2013-11-01 11:00:00,HIGH_ACTIVITY,183.7481,87.9759,HIGH_ACTIVITY: current activity 183.75 is more than 2.0x this grid's within-day baseline of 87.98
4692,2013-11-01 02:00:00,ACTIVITY_DROP,15.0339,78.4698,ACTIVITY_DROP: current activity 15.03 is below 0.25x this grid's within-day baseline of 78.47
4692,2013-11-01 03:00:00,ACTIVITY_DROP,17.3179,78.4698,ACTIVITY_DROP: current activity 17.32 is below 0.25x this grid's within-day baseline of 78.47
4692,2013-11-01 04:00:00,ACTIVITY_DROP,16.5446,78.4698,ACTIVITY_DROP: current activity 16.54 is below 0.25x this grid's within-day baseline of 78.47
4692,2013-11-01 09:00:00,HIGH_ACTIVITY,284.4405,77.8554,HIGH_ACTIVITY: current activity 284.44 is more than 2.0x this grid's within-day baseline of 77.86
4692,2013-11-01 09:00:00,ACTIVITY_SPIKE,284.4405,123.0595,ACTIVITY_SPIKE: current activity 284.44 is more than 2.0x the immediately preceding hour's 123.06
4692,2013-11-01 10:00:00,HIGH_ACTIVITY,235.261,77.8554,HIGH_ACTIVITY: current activity 235.26 is more than 2.0x this grid's within-day baseline of 77.86
4692,2013-11-01 11:00:00,HIGH_ACTIVITY,174.6558,77.8554,HIGH_ACTIVITY: current activity 174.66 is more than 2.0x this grid's within-day baseline of 77.86
4692,2013-11-01 12:00:00,HIGH_ACTIVITY,156.2757,77.8554,HIGH_ACTIVITY: current activity 156.28 is more than 2.0x this grid's within-day baseline of 77.86
4693,2013-11-01 02:00:00,ACTIVITY_DROP,14.5402,75.2539,ACTIVITY_DROP: current activity 14.54 is below 0.25x this grid's within-day baseline of 75.25
4693,2013-11-01 03:00:00,ACTIVITY_DROP,17.1437,75.2539,ACTIVITY_DROP: current activity 17.14 is below 0.25x this grid's within-day baseline of 75.25
4693,2013-11-01 04:00:00,ACTIVITY_DROP,15.9508,75.2539,ACTIVITY_DROP: current activity 15.95 is below 0.25x this grid's within-day baseline of 75.25
4693,2013-11-01 09:00:00,ACTIVITY_SPIKE,273.9079,118.6461,ACTIVITY_SPIKE: current activity 273.91 is more than 2.0x the immediately preceding hour's 118.65
4763,2013-11-01 13:00:00,HIGH_ACTIVITY,1199.0028,579.9068,HIGH_ACTIVITY: current activity 1199.00 is more than 2.0x this grid's within-day baseline of 579.91
4790,2013-11-01 09:00:00,HIGH_ACTIVITY,375.2937,126.6078,HIGH_ACTIVITY: current activity 375.29 is more than 2.0x this grid's within-day baseline of 126.61
4790,2013-11-01 10:00:00,HIGH_ACTIVITY,335.7966,126.6078,HIGH_ACTIVITY: current activity 335.80 is more than 2.0x this grid's within-day baseline of 126.61
4791,2013-11-01 09:00:00,HIGH_ACTIVITY,352.0222,114.2065,HIGH_ACTIVITY: current activity 352.02 is more than 2.0x this grid's within-day baseline of 114.21
4791,2013-11-01 10:00:00,HIGH_ACTIVITY,310.92,114.2065,HIGH_ACTIVITY: current activity 310.92 is more than 2.0x this grid's within-day baseline of 114.21
4792,2013-11-01 09:00:00,HIGH_ACTIVITY,317.5212,91.5569,HIGH_ACTIVITY: current activity 317.52 is more than 2.0x this grid's within-day baseline of 91.56
4792,2013-11-01 09:00:00,ACTIVITY_SPIKE,317.5212,155.4539,ACTIVITY_SPIKE: current activity 317.52 is more than 2.0x the immediately preceding hour's 155.45
4792,2013-11-01 10:00:00,HIGH_ACTIVITY,272.7653,91.5569,HIGH_ACTIVITY: current activity 272.77 is more than 2.0x this grid's within-day baseline of 91.56
4792,2013-11-01 11:00:00,HIGH_ACTIVITY,197.2113,91.5569,HIGH_ACTIVITY: current activity 197.21 is more than 2.0x this grid's within-day baseline of 91.56
4793,2013-11-01 09:00:00,HIGH_ACTIVITY,296.4367,89.92,HIGH_ACTIVITY: current activity 296.44 is more than 2.0x this grid's within-day baseline of 89.92
4793,2013-11-01 10:00:00,HIGH_ACTIVITY,258.5186,89.92,HIGH_ACTIVITY: current activity 258.52 is more than 2.0x this grid's within-day baseline of 89.92
4793,2013-11-01 11:00:00,HIGH_ACTIVITY,187.0921,89.92,HIGH_ACTIVITY: current activity 187.09 is more than 2.0x this grid's within-day baseline of 89.92
4837,2013-11-01 19:00:00,HIGH_ACTIVITY,1148.7205,549.1366,HIGH_ACTIVITY: current activity 1148.72 is more than 2.0x this grid's within-day baseline of 549.14
4863,2013-11-01 15:00:00,HIGH_ACTIVITY,1695.8384,810.8855,HIGH_ACTIVITY: current activity 1695.84 is more than 2.0x this grid's within-day baseline of 810.89
4874,2013-11-01 06:00:00,ACTIVITY_SPIKE,1132.8778,511.3171,ACTIVITY_SPIKE: current activity 1132.88 is more than 2.0x the immediately preceding hour's 511.32
4874,2013-11-01 16:00:00,HIGH_ACTIVITY,3622.4872,1282.3736,HIGH_ACTIVITY: current activity 3622.49 is more than 2.0x this grid's within-day baseline of 1282.37
4874,2013-11-01 17:00:00,HIGH_ACTIVITY,2714.0016,1282.3736,HIGH_ACTIVITY: current activity 2714.00 is more than 2.0x this grid's within-day baseline of 1282.37
4888,2013-11-01 06:00:00,ACTIVITY_SPIKE,268.8536,91.6993,ACTIVITY_SPIKE: current activity 268.85 is more than 2.0x the immediately preceding hour's 91.70
4889,2013-11-01 00:00:00,ACTIVITY_DROP,74.9772,598.4825,ACTIVITY_DROP: current activity 74.98 is below 0.25x this grid's within-day baseline of 598.48
4889,2013-11-01 01:00:00,ACTIVITY_DROP,61.956,598.4825,ACTIVITY_DROP: current activity 61.96 is below 0.25x this grid's within-day baseline of 598.48
4889,2013-11-01 02:00:00,ACTIVITY_DROP,63.0892,598.4825,ACTIVITY_DROP: current activity 63.09 is below 0.25x this grid's within-day baseline of 598.48
4889,2013-11-01 03:00:00,ACTIVITY_DROP,60.1477,598.4825,ACTIVITY_DROP: current activity 60.15 is below 0.25x this grid's within-day baseline of 598.48
4889,2013-11-01 04:00:00,ACTIVITY_DROP,86.8034,598.4825,ACTIVITY_DROP: current activity 86.80 is below 0.25x this grid's within-day baseline of 598.48
4889,2013-11-01 05:00:00,ACTIVITY_SPIKE,246.4388,86.8034,ACTIVITY_SPIKE: current activity 246.44 is more than 2.0x the immediately preceding hour's 86.80
4889,2013-11-01 06:00:00,ACTIVITY_SPIKE,966.9239,246.4388,ACTIVITY_SPIKE: current activity 966.92 is more than 2.0x the immediately preceding hour's 246.44
4889,2013-11-01 11:00:00,HIGH_ACTIVITY,1216.1958,594.8182,HIGH_ACTIVITY: current activity 1216.20 is more than 2.0x this grid's within-day baseline of 594.82
4889,2013-11-01 12:00:00,HIGH_ACTIVITY,1267.8808,594.8182,HIGH_ACTIVITY: current activity 1267.88 is more than 2.0x this grid's within-day baseline of 594.82
4889,2013-11-01 23:00:00,ACTIVITY_DROP,105.8379,598.4825,ACTIVITY_DROP: current activity 105.84 is below 0.25x this grid's within-day baseline of 598.48
4890,2013-11-01 00:00:00,ACTIVITY_DROP,218.2107,1092.4828,ACTIVITY_DROP: current activity 218.21 is below 0.25x this grid's within-day baseline of 1092.48
4890,2013-11-01 01:00:00,ACTIVITY_DROP,176.125,1092.4828,ACTIVITY_DROP: current activity 176.12 is below 0.25x this grid's within-day baseline of 1092.48
4890,2013-11-01 02:00:00,ACTIVITY_DROP,175.0949,1092.4828,ACTIVITY_DROP: current activity 175.09 is below 0.25x this grid's within-day baseline of 1092.48
4890,2013-11-01 03:00:00,ACTIVITY_DROP,149.3089,1092.4828,ACTIVITY_DROP: current activity 149.31 is below 0.25x this grid's within-day baseline of 1092.48
4890,2013-11-01 04:00:00,ACTIVITY_DROP,195.2904,1092.4828,ACTIVITY_DROP: current activity 195.29 is below 0.25x this grid's within-day baseline of 1092.48
4890,2013-11-01 05:00:00,ACTIVITY_SPIKE,476.3965,195.2904,ACTIVITY_SPIKE: current activity 476.40 is more than 2.0x the immediately preceding hour's 195.29
4890,2013-11-01 06:00:00,ACTIVITY_SPIKE,1388.8079,476.3965,ACTIVITY_SPIKE: current activity 1388.81 is more than 2.0x the immediately preceding hour's 476.40
4890,2013-11-01 23:00:00,ACTIVITY_DROP,168.813,1092.4828,ACTIVITY_DROP: current activity 168.81 is below 0.25x this grid's within-day baseline of 1092.48
4891,2013-11-01 01:00:00,ACTIVITY_DROP,95.0601,439.2607,ACTIVITY_DROP: current activity 95.06 is below 0.25x this grid's within-day baseline of 439.26
4891,2013-11-01 02:00:00,ACTIVITY_DROP,89.7706,439.2607,ACTIVITY_DROP: current activity 89.77 is below 0.25x this grid's within-day baseline of 439.26
4891,2013-11-01 03:00:00,ACTIVITY_DROP,81.3733,439.2607,ACTIVITY_DROP: current activity 81.37 is below 0.25x this grid's within-day baseline of 439.26
4891,2013-11-01 04:00:00,ACTIVITY_DROP,99.3123,439.2607,ACTIVITY_DROP: current activity 99.31 is below 0.25x this grid's within-day baseline of 439.26
4891,2013-11-01 05:00:00,ACTIVITY_SPIKE,203.0412,99.3123,ACTIVITY_SPIKE: current activity 203.04 is more than 2.0x the immediately preceding hour's 99.31
4891,2013-11-01 06:00:00,ACTIVITY_SPIKE,557.1734,203.0412,ACTIVITY_SPIKE: current activity 557.17 is more than 2.0x the immediately preceding hour's 203.04
4891,2013-11-01 23:00:00,ACTIVITY_DROP,97.3705,439.2607,ACTIVITY_DROP: current activity 97.37 is below 0.25x this grid's within-day baseline of 439.26
4892,2013-11-01 09:00:00,HIGH_ACTIVITY,347.7541,121.8209,HIGH_ACTIVITY: current activity 347.75 is more than 2.0x this grid's within-day baseline of 121.82
4892,2013-11-01 10:00:00,HIGH_ACTIVITY,314.02,121.8209,HIGH_ACTIVITY: current activity 314.02 is more than 2.0x this grid's within-day baseline of 121.82
4948,2013-11-01 23:00:00,ACTIVITY_SPIKE,5690.9008,2785.1287,ACTIVITY_SPIKE: current activity 5690.90 is more than 2.0x the immediately preceding hour's 2785.13
4959,2013-11-01 10:00:00,ACTIVITY_SPIKE,4280.7966,2093.9773,ACTIVITY_SPIKE: current activity 4280.80 is more than 2.0x the immediately preceding hour's 2093.98
4959,2013-11-01 11:00:00,HIGH_ACTIVITY,5585.7625,2570.8773,HIGH_ACTIVITY: current activity 5585.76 is more than 2.0x this grid's within-day baseline of 2570.88
4959,2013-11-01 12:00:00,HIGH_ACTIVITY,5598.8578,2570.8773,HIGH_ACTIVITY: current activity 5598.86 is more than 2.0x this grid's within-day baseline of 2570.88
4959,2013-11-01 13:00:00,HIGH_ACTIVITY,6678.5935,2570.8773,HIGH_ACTIVITY: current activity 6678.59 is more than 2.0x this grid's within-day baseline of 2570.88
4959,2013-11-01 14:00:00,HIGH_ACTIVITY,5590.5909,2570.8773,HIGH_ACTIVITY: current activity 5590.59 is more than 2.0x this grid's within-day baseline of 2570.88
4959,2013-11-01 15:00:00,HIGH_ACTIVITY,5772.1121,2570.8773,HIGH_ACTIVITY: current activity 5772.11 is more than 2.0x this grid's within-day baseline of 2570.88
4959,2013-11-01 16:00:00,HIGH_ACTIVITY,5442.6655,2570.8773,HIGH_ACTIVITY: current activity 5442.67 is more than 2.0x this grid's within-day baseline of 2570.88
4959,2013-11-01 17:00:00,HIGH_ACTIVITY,5783.5182,2570.8773,HIGH_ACTIVITY: current activity 5783.52 is more than 2.0x this grid's within-day baseline of 2570.88
4960,2013-11-01 16:00:00,HIGH_ACTIVITY,5478.1582,2573.6868,HIGH_ACTIVITY: current activity 5478.16 is more than 2.0x this grid's within-day baseline of 2573.69
4960,2013-11-01 17:00:00,HIGH_ACTIVITY,5307.7699,2573.6868,HIGH_ACTIVITY: current activity 5307.77 is more than 2.0x this grid's within-day baseline of 2573.69
4981,2013-11-01 10:00:00,HIGH_ACTIVITY,604.5489,230.4637,HIGH_ACTIVITY: current activity 604.55 is more than 2.0x this grid's within-day baseline of 230.46
4981,2013-11-01 10:00:00,ACTIVITY_SPIKE,604.5489,294.8664,ACTIVITY_SPIKE: current activity 604.55 is more than 2.0x the immediately preceding hour's 294.87
4981,2013-11-01 11:00:00,HIGH_ACTIVITY,494.0313,230.4637,HIGH_ACTIVITY: current activity 494.03 is more than 2.0x this grid's within-day baseline of 230.46
4982,2013-11-01 15:00:00,ACTIVITY_SPIKE,238.0604,118.8628,ACTIVITY_SPIKE: current activity 238.06 is more than 2.0x the immediately preceding hour's 118.86
4982,2013-11-01 16:00:00,HIGH_ACTIVITY,326.5458,143.3877,HIGH_ACTIVITY: current activity 326.55 is more than 2.0x this grid's within-day baseline of 143.39
4985,2013-11-01 15:00:00,ACTIVITY_SPIKE,231.1296,106.4967,ACTIVITY_SPIKE: current activity 231.13 is more than 2.0x the immediately preceding hour's 106.50
4985,2013-11-01 16:00:00,HIGH_ACTIVITY,329.4269,119.1856,HIGH_ACTIVITY: current activity 329.43 is more than 2.0x this grid's within-day baseline of 119.19
4986,2013-11-01 15:00:00,HIGH_ACTIVITY,197.1591,89.0074,HIGH_ACTIVITY: current activity 197.16 is more than 2.0x this grid's within-day baseline of 89.01
4986,2013-11-01 15:00:00,ACTIVITY_SPIKE,197.1591,93.6108,ACTIVITY_SPIKE: current activity 197.16 is more than 2.0x the immediately preceding hour's 93.61
4986,2013-11-01 16:00:00,HIGH_ACTIVITY,283.6267,89.0074,HIGH_ACTIVITY: current activity 283.63 is more than 2.0x this grid's within-day baseline of 89.01
4987,2013-11-01 16:00:00,HIGH_ACTIVITY,202.182,90.677,HIGH_ACTIVITY: current activity 202.18 is more than 2.0x this grid's within-day baseline of 90.68
4988,2013-11-01 00:00:00,ACTIVITY_DROP,41.0649,302.4572,ACTIVITY_DROP: current activity 41.06 is below 0.25x this grid's within-day baseline of 302.46
4988,2013-11-01 01:00:00,ACTIVITY_DROP,38.9723,302.4572,ACTIVITY_DROP: current activity 38.97 is below 0.25x this grid's within-day baseline of 302.46
4988,2013-11-01 02:00:00,ACTIVITY_DROP,41.9877,302.4572,ACTIVITY_DROP: current activity 41.99 is below 0.25x this grid's within-day baseline of 302.46
4988,2013-11-01 03:00:00,ACTIVITY_DROP,39.421,302.4572,ACTIVITY_DROP: current activity 39.42 is below 0.25x this grid's within-day baseline of 302.46
4988,2013-11-01 04:00:00,ACTIVITY_DROP,63.7637,302.4572,ACTIVITY_DROP: current activity 63.76 is below 0.25x this grid's within-day baseline of 302.46
4988,2013-11-01 06:00:00,HIGH_ACTIVITY,858.2923,290.9475,HIGH_ACTIVITY: current activity 858.29 is more than 2.0x this grid's within-day baseline of 290.95
4988,2013-11-01 06:00:00,ACTIVITY_SPIKE,858.2923,189.8126,ACTIVITY_SPIKE: current activity 858.29 is more than 2.0x the immediately preceding hour's 189.81
4988,2013-11-01 10:00:00,HIGH_ACTIVITY,690.2303,290.9475,HIGH_ACTIVITY: current activity 690.23 is more than 2.0x this grid's within-day baseline of 290.95
4988,2013-11-01 13:00:00,HIGH_ACTIVITY,619.8594,290.9475,HIGH_ACTIVITY: current activity 619.86 is more than 2.0x this grid's within-day baseline of 290.95
4988,2013-11-01 23:00:00,ACTIVITY_DROP,70.8901,302.4572,ACTIVITY_DROP: current activity 70.89 is below 0.25x this grid's within-day baseline of 302.46
4989,2013-11-01 00:00:00,ACTIVITY_DROP,159.6396,771.5047,ACTIVITY_DROP: current activity 159.64 is below 0.25x this grid's within-day baseline of 771.50
4989,2013-11-01 01:00:00,ACTIVITY_DROP,112.2449,771.5047,ACTIVITY_DROP: current activity 112.24 is below 0.25x this grid's within-day baseline of 771.50
4989,2013-11-01 02:00:00,ACTIVITY_DROP,118.8279,771.5047,ACTIVITY_DROP: current activity 118.83 is below 0.25x this grid's within-day baseline of 771.50
4989,2013-11-01 03:00:00,ACTIVITY_DROP,109.9243,771.5047,ACTIVITY_DROP: current activity 109.92 is below 0.25x this grid's within-day baseline of 771.50
4989,2013-11-01 04:00:00,ACTIVITY_DROP,175.8748,771.5047,ACTIVITY_DROP: current activity 175.87 is below 0.25x this grid's within-day baseline of 771.50
4989,2013-11-01 05:00:00,ACTIVITY_SPIKE,485.0778,175.8748,ACTIVITY_SPIKE: current activity 485.08 is more than 2.0x the immediately preceding hour's 175.87
4989,2013-11-01 06:00:00,ACTIVITY_SPIKE,1172.2962,485.0778,ACTIVITY_SPIKE: current activity 1172.30 is more than 2.0x the immediately preceding hour's 485.08
4989,2013-11-01 10:00:00,HIGH_ACTIVITY,1482.6973,718.9545,HIGH_ACTIVITY: current activity 1482.70 is more than 2.0x this grid's within-day baseline of 718.95
4989,2013-11-01 12:00:00,HIGH_ACTIVITY,1458.6022,718.9545,HIGH_ACTIVITY: current activity 1458.60 is more than 2.0x this grid's within-day baseline of 718.95
4990,2013-11-01 00:00:00,ACTIVITY_DROP,122.7136,717.568,ACTIVITY_DROP: current activity 122.71 is below 0.25x this grid's within-day baseline of 717.57
4990,2013-11-01 01:00:00,ACTIVITY_DROP,97.51,717.568,ACTIVITY_DROP: current activity 97.51 is below 0.25x this grid's within-day baseline of 717.57
4990,2013-11-01 02:00:00,ACTIVITY_DROP,101.2172,717.568,ACTIVITY_DROP: current activity 101.22 is below 0.25x this grid's within-day baseline of 717.57
4990,2013-11-01 03:00:00,ACTIVITY_DROP,90.3576,717.568,ACTIVITY_DROP: current activity 90.36 is below 0.25x this grid's within-day baseline of 717.57
4990,2013-11-01 04:00:00,ACTIVITY_DROP,134.8363,717.568,ACTIVITY_DROP: current activity 134.84 is below 0.25x this grid's within-day baseline of 717.57
4990,2013-11-01 05:00:00,ACTIVITY_SPIKE,369.8287,134.8363,ACTIVITY_SPIKE: current activity 369.83 is more than 2.0x the immediately preceding hour's 134.84
4990,2013-11-01 06:00:00,ACTIVITY_SPIKE,1199.9377,369.8287,ACTIVITY_SPIKE: current activity 1199.94 is more than 2.0x the immediately preceding hour's 369.83
4990,2013-11-01 23:00:00,ACTIVITY_DROP,144.9258,717.568,ACTIVITY_DROP: current activity 144.93 is below 0.25x this grid's within-day baseline of 717.57
4991,2013-11-01 00:00:00,ACTIVITY_DROP,317.1526,1513.7441,ACTIVITY_DROP: current activity 317.15 is below 0.25x this grid's within-day baseline of 1513.74
4991,2013-11-01 01:00:00,ACTIVITY_DROP,255.8528,1513.7441,ACTIVITY_DROP: current activity 255.85 is below 0.25x this grid's within-day baseline of 1513.74
4991,2013-11-01 02:00:00,ACTIVITY_DROP,264.8318,1513.7441,ACTIVITY_DROP: current activity 264.83 is below 0.25x this grid's within-day baseline of 1513.74
4991,2013-11-01 03:00:00,ACTIVITY_DROP,231.0703,1513.7441,ACTIVITY_DROP: current activity 231.07 is below 0.25x this grid's within-day baseline of 1513.74
4991,2013-11-01 04:00:00,ACTIVITY_DROP,307.7588,1513.7441,ACTIVITY_DROP: current activity 307.76 is below 0.25x this grid's within-day baseline of 1513.74
4991,2013-11-01 05:00:00,ACTIVITY_SPIKE,714.8932,307.7588,ACTIVITY_SPIKE: current activity 714.89 is more than 2.0x the immediately preceding hour's 307.76
4991,2013-11-01 06:00:00,ACTIVITY_SPIKE,1846.5021,714.8932,ACTIVITY_SPIKE: current activity 1846.50 is more than 2.0x the immediately preceding hour's 714.89
4991,2013-11-01 23:00:00,ACTIVITY_DROP,294.0952,1513.7441,ACTIVITY_DROP: current activity 294.10 is below 0.25x this grid's within-day baseline of 1513.74
4992,2013-11-01 01:00:00,ACTIVITY_DROP,69.86,300.1879,ACTIVITY_DROP: current activity 69.86 is below 0.25x this grid's within-day baseline of 300.19
4992,2013-11-01 02:00:00,ACTIVITY_DROP,73.4872,300.1879,ACTIVITY_DROP: current activity 73.49 is below 0.25x this grid's within-day baseline of 300.19
4992,2013-11-01 03:00:00,ACTIVITY_DROP,68.787,300.1879,ACTIVITY_DROP: current activity 68.79 is below 0.25x this grid's within-day baseline of 300.19
4992,2013-11-01 05:00:00,ACTIVITY_SPIKE,221.6964,99.0962,ACTIVITY_SPIKE: current activity 221.70 is more than 2.0x the immediately preceding hour's 99.10
4992,2013-11-01 11:00:00,HIGH_ACTIVITY,633.2962,294.3046,HIGH_ACTIVITY: current activity 633.30 is more than 2.0x this grid's within-day baseline of 294.30
4992,2013-11-01 12:00:00,HIGH_ACTIVITY,588.9917,294.3046,HIGH_ACTIVITY: current activity 588.99 is more than 2.0x this grid's within-day baseline of 294.30
5059,2013-11-01 11:00:00,HIGH_ACTIVITY,11525.1268,5591.5788,HIGH_ACTIVITY: current activity 11525.13 is more than 2.0x this grid's within-day baseline of 5591.58
5059,2013-11-01 12:00:00,HIGH_ACTIVITY,13070.416,5591.5788,HIGH_ACTIVITY: current activity 13070.42 is more than 2.0x this grid's within-day baseline of 5591.58
5059,2013-11-01 13:00:00,HIGH_ACTIVITY,15530.6337,5591.5788,HIGH_ACTIVITY: current activity 15530.63 is more than 2.0x this grid's within-day baseline of 5591.58
5059,2013-11-01 14:00:00,HIGH_ACTIVITY,16357.2727,5591.5788,HIGH_ACTIVITY: current activity 16357.27 is more than 2.0x this grid's within-day baseline of 5591.58
5059,2013-11-01 15:00:00,HIGH_ACTIVITY,15961.1532,5591.5788,HIGH_ACTIVITY: current activity 15961.15 is more than 2.0x this grid's within-day baseline of 5591.58
5059,2013-11-01 16:00:00,HIGH_ACTIVITY,17500.2359,5591.5788,HIGH_ACTIVITY: current activity 17500.24 is more than 2.0x this grid's within-day baseline of 5591.58
5059,2013-11-01 17:00:00,HIGH_ACTIVITY,16496.7242,5591.5788,HIGH_ACTIVITY: current activity 16496.72 is more than 2.0x this grid's within-day baseline of 5591.58
5059,2013-11-01 18:00:00,HIGH_ACTIVITY,15402.4328,5591.5788,HIGH_ACTIVITY: current activity 15402.43 is more than 2.0x this grid's within-day baseline of 5591.58
5059,2013-11-01 19:00:00,HIGH_ACTIVITY,14221.4327,5591.5788,HIGH_ACTIVITY: current activity 14221.43 is more than 2.0x this grid's within-day baseline of 5591.58
5060,2013-11-01 13:00:00,HIGH_ACTIVITY,6317.7991,2959.6412,HIGH_ACTIVITY: current activity 6317.80 is more than 2.0x this grid's within-day baseline of 2959.64
5060,2013-11-01 15:00:00,HIGH_ACTIVITY,7175.6968,2959.6412,HIGH_ACTIVITY: current activity 7175.70 is more than 2.0x this grid's within-day baseline of 2959.64
5060,2013-11-01 16:00:00,HIGH_ACTIVITY,7755.7077,2959.6412,HIGH_ACTIVITY: current activity 7755.71 is more than 2.0x this grid's within-day baseline of 2959.64
5060,2013-11-01 17:00:00,HIGH_ACTIVITY,8549.8075,2959.6412,HIGH_ACTIVITY: current activity 8549.81 is more than 2.0x this grid's within-day baseline of 2959.64
5060,2013-11-01 18:00:00,HIGH_ACTIVITY,6930.6178,2959.6412,HIGH_ACTIVITY: current activity 6930.62 is more than 2.0x this grid's within-day baseline of 2959.64
5061,2013-11-01 14:00:00,HIGH_ACTIVITY,9618.5551,4784.7166,HIGH_ACTIVITY: current activity 9618.56 is more than 2.0x this grid's within-day baseline of 4784.72
5061,2013-11-01 15:00:00,HIGH_ACTIVITY,10407.6703,4784.7166,HIGH_ACTIVITY: current activity 10407.67 is more than 2.0x this grid's within-day baseline of 4784.72
5061,2013-11-01 16:00:00,HIGH_ACTIVITY,11297.9831,4784.7166,HIGH_ACTIVITY: current activity 11297.98 is more than 2.0x this grid's within-day baseline of 4784.72
5061,2013-11-01 17:00:00,HIGH_ACTIVITY,11237.6497,4784.7166,HIGH_ACTIVITY: current activity 11237.65 is more than 2.0x this grid's within-day baseline of 4784.72
5061,2013-11-01 18:00:00,HIGH_ACTIVITY,10651.598,4784.7166,HIGH_ACTIVITY: current activity 10651.60 is more than 2.0x this grid's within-day baseline of 4784.72
5062,2013-11-01 15:00:00,HIGH_ACTIVITY,3390.745,1690.4893,HIGH_ACTIVITY: current activity 3390.74 is more than 2.0x this grid's within-day baseline of 1690.49
5062,2013-11-01 16:00:00,HIGH_ACTIVITY,3755.4751,1690.4893,HIGH_ACTIVITY: current activity 3755.48 is more than 2.0x this grid's within-day baseline of 1690.49
5062,2013-11-01 17:00:00,HIGH_ACTIVITY,3768.3033,1690.4893,HIGH_ACTIVITY: current activity 3768.30 is more than 2.0x this grid's within-day baseline of 1690.49
5080,2013-11-01 10:00:00,HIGH_ACTIVITY,808.2543,340.4768,HIGH_ACTIVITY: current activity 808.25 is more than 2.0x this grid's within-day baseline of 340.48
5081,2013-11-01 10:00:00,HIGH_ACTIVITY,659.359,242.2089,HIGH_ACTIVITY: current activity 659.36 is more than 2.0x this grid's within-day baseline of 242.21
5081,2013-11-01 10:00:00,ACTIVITY_SPIKE,659.359,316.5761,ACTIVITY_SPIKE: current activity 659.36 is more than 2.0x the immediately preceding hour's 316.58
5081,2013-11-01 11:00:00,HIGH_ACTIVITY,527.7929,242.2089,HIGH_ACTIVITY: current activity 527.79 is more than 2.0x this grid's within-day baseline of 242.21
5082,2013-11-01 10:00:00,HIGH_ACTIVITY,354.6072,164.5467,HIGH_ACTIVITY: current activity 354.61 is more than 2.0x this grid's within-day baseline of 164.55
5083,2013-11-01 15:00:00,ACTIVITY_SPIKE,189.8539,90.761,ACTIVITY_SPIKE: current activity 189.85 is more than 2.0x the immediately preceding hour's 90.76
5083,2013-11-01 16:00:00,HIGH_ACTIVITY,253.1015,113.4811,HIGH_ACTIVITY: current activity 253.10 is more than 2.0x this grid's within-day baseline of 113.48
5084,2013-11-01 15:00:00,ACTIVITY_SPIKE,206.7603,93.4915,ACTIVITY_SPIKE: current activity 206.76 is more than 2.0x the immediately preceding hour's 93.49
5084,2013-11-01 16:00:00,HIGH_ACTIVITY,291.0844,118.6707,HIGH_ACTIVITY: current activity 291.08 is more than 2.0x this grid's within-day baseline of 118.67
5085,2013-11-01 15:00:00,HIGH_ACTIVITY,220.6148,103.7392,HIGH_ACTIVITY: current activity 220.61 is more than 2.0x this grid's within-day baseline of 103.74
5085,2013-11-01 15:00:00,ACTIVITY_SPIKE,220.6148,95.0045,ACTIVITY_SPIKE: current activity 220.61 is more than 2.0x the immediately preceding hour's 95.00
5085,2013-11-01 16:00:00,HIGH_ACTIVITY,323.3992,103.7392,HIGH_ACTIVITY: current activity 323.40 is more than 2.0x this grid's within-day baseline of 103.74
5086,2013-11-01 15:00:00,HIGH_ACTIVITY,191.945,82.8474,HIGH_ACTIVITY: current activity 191.94 is more than 2.0x this grid's within-day baseline of 82.85
5086,2013-11-01 15:00:00,ACTIVITY_SPIKE,191.945,88.4391,ACTIVITY_SPIKE: current activity 191.94 is more than 2.0x the immediately preceding hour's 88.44
5086,2013-11-01 16:00:00,HIGH_ACTIVITY,271.5902,82.8474,HIGH_ACTIVITY: current activity 271.59 is more than 2.0x this grid's within-day baseline of 82.85
5087,2013-11-01 16:00:00,HIGH_ACTIVITY,162.7156,79.7864,HIGH_ACTIVITY: current activity 162.72 is more than 2.0x this grid's within-day baseline of 79.79
5088,2013-11-01 03:00:00,ACTIVITY_DROP,43.5057,197.8057,ACTIVITY_DROP: current activity 43.51 is below 0.25x this grid's within-day baseline of 197.81
5088,2013-11-01 04:00:00,ACTIVITY_DROP,49.3365,197.8057,ACTIVITY_DROP: current activity 49.34 is below 0.25x this grid's within-day baseline of 197.81
5088,2013-11-01 06:00:00,HIGH_ACTIVITY,464.3651,196.1694,HIGH_ACTIVITY: current activity 464.37 is more than 2.0x this grid's within-day baseline of 196.17
5088,2013-11-01 06:00:00,ACTIVITY_SPIKE,464.3651,120.6436,ACTIVITY_SPIKE: current activity 464.37 is more than 2.0x the immediately preceding hour's 120.64
5088,2013-11-01 10:00:00,HIGH_ACTIVITY,402.6664,196.1694,HIGH_ACTIVITY: current activity 402.67 is more than 2.0x this grid's within-day baseline of 196.17
5089,2013-11-01 01:00:00,ACTIVITY_DROP,224.555,928.339,ACTIVITY_DROP: current activity 224.56 is below 0.25x this grid's within-day baseline of 928.34
5089,2013-11-01 02:00:00,ACTIVITY_DROP,229.4743,928.339,ACTIVITY_DROP: current activity 229.47 is below 0.25x this grid's within-day baseline of 928.34
5089,2013-11-01 03:00:00,ACTIVITY_DROP,208.0338,928.339,ACTIVITY_DROP: current activity 208.03 is below 0.25x this grid's within-day baseline of 928.34
5089,2013-11-01 05:00:00,ACTIVITY_SPIKE,701.8237,292.1217,ACTIVITY_SPIKE: current activity 701.82 is more than 2.0x the immediately preceding hour's 292.12
5089,2013-11-01 11:00:00,HIGH_ACTIVITY,1918.8789,920.5072,HIGH_ACTIVITY: current activity 1918.88 is more than 2.0x this grid's within-day baseline of 920.51
5089,2013-11-01 12:00:00,HIGH_ACTIVITY,1865.409,920.5072,HIGH_ACTIVITY: current activity 1865.41 is more than 2.0x this grid's within-day baseline of 920.51
5090,2013-11-01 01:00:00,ACTIVITY_DROP,149.0473,725.5445,ACTIVITY_DROP: current activity 149.05 is below 0.25x this grid's within-day baseline of 725.54
5090,2013-11-01 02:00:00,ACTIVITY_DROP,146.998,725.5445,ACTIVITY_DROP: current activity 147.00 is below 0.25x this grid's within-day baseline of 725.54
5090,2013-11-01 03:00:00,ACTIVITY_DROP,132.0267,725.5445,ACTIVITY_DROP: current activity 132.03 is below 0.25x this grid's within-day baseline of 725.54
5090,2013-11-01 05:00:00,ACTIVITY_SPIKE,539.057,197.1925,ACTIVITY_SPIKE: current activity 539.06 is more than 2.0x the immediately preceding hour's 197.19
5090,2013-11-01 10:00:00,HIGH_ACTIVITY,1425.5175,703.5955,HIGH_ACTIVITY: current activity 1425.52 is more than 2.0x this grid's within-day baseline of 703.60
5090,2013-11-01 12:00:00,HIGH_ACTIVITY,1412.4885,703.5955,HIGH_ACTIVITY: current activity 1412.49 is more than 2.0x this grid's within-day baseline of 703.60
5091,2013-11-01 02:00:00,ACTIVITY_DROP,155.4083,637.3651,ACTIVITY_DROP: current activity 155.41 is below 0.25x this grid's within-day baseline of 637.37
5091,2013-11-01 03:00:00,ACTIVITY_DROP,138.4009,637.3651,ACTIVITY_DROP: current activity 138.40 is below 0.25x this grid's within-day baseline of 637.37
5091,2013-11-01 05:00:00,ACTIVITY_SPIKE,457.3367,186.3674,ACTIVITY_SPIKE: current activity 457.34 is more than 2.0x the immediately preceding hour's 186.37
5158,2013-11-01 02:00:00,HIGH_ACTIVITY,4794.4212,2226.4507,HIGH_ACTIVITY: current activity 4794.42 is more than 2.0x this grid's within-day baseline of 2226.45
5159,2013-11-01 12:00:00,HIGH_ACTIVITY,5907.1912,2698.4006,HIGH_ACTIVITY: current activity 5907.19 is more than 2.0x this grid's within-day baseline of 2698.40
5159,2013-11-01 13:00:00,HIGH_ACTIVITY,6000.5032,2698.4006,HIGH_ACTIVITY: current activity 6000.50 is more than 2.0x this grid's within-day baseline of 2698.40
5159,2013-11-01 14:00:00,HIGH_ACTIVITY,6751.7143,2698.4006,HIGH_ACTIVITY: current activity 6751.71 is more than 2.0x this grid's within-day baseline of 2698.40
5159,2013-11-01 15:00:00,HIGH_ACTIVITY,7573.3927,2698.4006,HIGH_ACTIVITY: current activity 7573.39 is more than 2.0x this grid's within-day baseline of 2698.40
5159,2013-11-01 16:00:00,HIGH_ACTIVITY,8400.8873,2698.4006,HIGH_ACTIVITY: current activity 8400.89 is more than 2.0x this grid's within-day baseline of 2698.40
5159,2013-11-01 17:00:00,HIGH_ACTIVITY,7340.7332,2698.4006,HIGH_ACTIVITY: current activity 7340.73 is more than 2.0x this grid's within-day baseline of 2698.40
5159,2013-11-01 18:00:00,HIGH_ACTIVITY,6519.64,2698.4006,HIGH_ACTIVITY: current activity 6519.64 is more than 2.0x this grid's within-day baseline of 2698.40
5159,2013-11-01 19:00:00,HIGH_ACTIVITY,5515.2698,2698.4006,HIGH_ACTIVITY: current activity 5515.27 is more than 2.0x this grid's within-day baseline of 2698.40
5160,2013-11-01 05:00:00,ACTIVITY_DROP,503.095,2345.9788,ACTIVITY_DROP: current activity 503.10 is below 0.25x this grid's within-day baseline of 2345.98
5160,2013-11-01 06:00:00,ACTIVITY_DROP,478.6971,2345.9788,ACTIVITY_DROP: current activity 478.70 is below 0.25x this grid's within-day baseline of 2345.98
5160,2013-11-01 11:00:00,HIGH_ACTIVITY,4502.7408,1897.9154,HIGH_ACTIVITY: current activity 4502.74 is more than 2.0x this grid's within-day baseline of 1897.92
5160,2013-11-01 12:00:00,HIGH_ACTIVITY,6098.6624,1897.9154,HIGH_ACTIVITY: current activity 6098.66 is more than 2.0x this grid's within-day baseline of 1897.92
5160,2013-11-01 13:00:00,HIGH_ACTIVITY,6603.7625,1897.9154,HIGH_ACTIVITY: current activity 6603.76 is more than 2.0x this grid's within-day baseline of 1897.92
5160,2013-11-01 14:00:00,HIGH_ACTIVITY,6849.7107,1897.9154,HIGH_ACTIVITY: current activity 6849.71 is more than 2.0x this grid's within-day baseline of 1897.92
5160,2013-11-01 15:00:00,HIGH_ACTIVITY,8707.6095,1897.9154,HIGH_ACTIVITY: current activity 8707.61 is more than 2.0x this grid's within-day baseline of 1897.92
5160,2013-11-01 16:00:00,HIGH_ACTIVITY,9505.9923,1897.9154,HIGH_ACTIVITY: current activity 9505.99 is more than 2.0x this grid's within-day baseline of 1897.92
5160,2013-11-01 17:00:00,HIGH_ACTIVITY,9867.8933,1897.9154,HIGH_ACTIVITY: current activity 9867.89 is more than 2.0x this grid's within-day baseline of 1897.92
5160,2013-11-01 18:00:00,HIGH_ACTIVITY,8556.4498,1897.9154,HIGH_ACTIVITY: current activity 8556.45 is more than 2.0x this grid's within-day baseline of 1897.92
5160,2013-11-01 19:00:00,HIGH_ACTIVITY,5727.16,1897.9154,HIGH_ACTIVITY: current activity 5727.16 is more than 2.0x this grid's within-day baseline of 1897.92
5161,2013-11-01 01:00:00,ACTIVITY_DROP,1279.4539,6628.9069,ACTIVITY_DROP: current activity 1279.45 is below 0.25x this grid's within-day baseline of 6628.91
5161,2013-11-01 02:00:00,ACTIVITY_DROP,954.2654,6628.9069,ACTIVITY_DROP: current activity 954.27 is below 0.25x this grid's within-day baseline of 6628.91
5161,2013-11-01 03:00:00,ACTIVITY_DROP,853.3033,6628.9069,ACTIVITY_DROP: current activity 853.30 is below 0.25x this grid's within-day baseline of 6628.91
5161,2013-11-01 04:00:00,ACTIVITY_DROP,750.1629,6628.9069,ACTIVITY_DROP: current activity 750.16 is below 0.25x this grid's within-day baseline of 6628.91
5161,2013-11-01 05:00:00,ACTIVITY_DROP,837.8753,6628.9069,ACTIVITY_DROP: current activity 837.88 is below 0.25x this grid's within-day baseline of 6628.91
5161,2013-11-01 06:00:00,ACTIVITY_DROP,1128.9569,6628.9069,ACTIVITY_DROP: current activity 1128.96 is below 0.25x this grid's within-day baseline of 6628.91
5161,2013-11-01 07:00:00,ACTIVITY_DROP,1251.5536,6628.9069,ACTIVITY_DROP: current activity 1251.55 is below 0.25x this grid's within-day baseline of 6628.91
5161,2013-11-01 08:00:00,ACTIVITY_DROP,1561.6135,6628.9069,ACTIVITY_DROP: current activity 1561.61 is below 0.25x this grid's within-day baseline of 6628.91
5161,2013-11-01 10:00:00,ACTIVITY_SPIKE,6628.9069,2831.8328,ACTIVITY_SPIKE: current activity 6628.91 is more than 2.0x the immediately preceding hour's 2831.83
5161,2013-11-01 11:00:00,HIGH_ACTIVITY,12760.7186,6348.3733,HIGH_ACTIVITY: current activity 12760.72 is more than 2.0x this grid's within-day baseline of 6348.37
5161,2013-11-01 12:00:00,HIGH_ACTIVITY,18921.7262,6348.3733,HIGH_ACTIVITY: current activity 18921.73 is more than 2.0x this grid's within-day baseline of 6348.37
5161,2013-11-01 13:00:00,HIGH_ACTIVITY,22490.2531,6348.3733,HIGH_ACTIVITY: current activity 22490.25 is more than 2.0x this grid's within-day baseline of 6348.37
5161,2013-11-01 14:00:00,HIGH_ACTIVITY,24326.5896,6348.3733,HIGH_ACTIVITY: current activity 24326.59 is more than 2.0x this grid's within-day baseline of 6348.37
5161,2013-11-01 15:00:00,HIGH_ACTIVITY,28109.182,6348.3733,HIGH_ACTIVITY: current activity 28109.18 is more than 2.0x this grid's within-day baseline of 6348.37
5161,2013-11-01 16:00:00,HIGH_ACTIVITY,32382.896,6348.3733,HIGH_ACTIVITY: current activity 32382.90 is more than 2.0x this grid's within-day baseline of 6348.37
5161,2013-11-01 17:00:00,HIGH_ACTIVITY,33120.7544,6348.3733,HIGH_ACTIVITY: current activity 33120.75 is more than 2.0x this grid's within-day baseline of 6348.37
5161,2013-11-01 18:00:00,HIGH_ACTIVITY,29524.5744,6348.3733,HIGH_ACTIVITY: current activity 29524.57 is more than 2.0x this grid's within-day baseline of 6348.37
5161,2013-11-01 19:00:00,HIGH_ACTIVITY,21468.6025,6348.3733,HIGH_ACTIVITY: current activity 21468.60 is more than 2.0x this grid's within-day baseline of 6348.37
5161,2013-11-01 20:00:00,HIGH_ACTIVITY,13354.8107,6348.3733,HIGH_ACTIVITY: current activity 13354.81 is more than 2.0x this grid's within-day baseline of 6348.37
5162,2013-11-01 14:00:00,HIGH_ACTIVITY,9353.9083,3971.2794,HIGH_ACTIVITY: current activity 9353.91 is more than 2.0x this grid's within-day baseline of 3971.28
5162,2013-11-01 15:00:00,HIGH_ACTIVITY,10216.3231,3971.2794,HIGH_ACTIVITY: current activity 10216.32 is more than 2.0x this grid's within-day baseline of 3971.28
5162,2013-11-01 16:00:00,HIGH_ACTIVITY,11834.7504,3971.2794,HIGH_ACTIVITY: current activity 11834.75 is more than 2.0x this grid's within-day baseline of 3971.28
5162,2013-11-01 17:00:00,HIGH_ACTIVITY,11749.6661,3971.2794,HIGH_ACTIVITY: current activity 11749.67 is more than 2.0x this grid's within-day baseline of 3971.28
5162,2013-11-01 18:00:00,HIGH_ACTIVITY,10271.9159,3971.2794,HIGH_ACTIVITY: current activity 10271.92 is more than 2.0x this grid's within-day baseline of 3971.28
5179,2013-11-01 10:00:00,HIGH_ACTIVITY,887.8835,414.7368,HIGH_ACTIVITY: current activity 887.88 is more than 2.0x this grid's within-day baseline of 414.74
5180,2013-11-01 10:00:00,HIGH_ACTIVITY,883.7992,428.8176,HIGH_ACTIVITY: current activity 883.80 is more than 2.0x this grid's within-day baseline of 428.82
5181,2013-11-01 10:00:00,HIGH_ACTIVITY,829.6861,392.1216,HIGH_ACTIVITY: current activity 829.69 is more than 2.0x this grid's within-day baseline of 392.12
5182,2013-11-01 00:00:00,HIGH_ACTIVITY,351.0824,113.1175,HIGH_ACTIVITY: current activity 351.08 is more than 2.0x this grid's within-day baseline of 113.12
5182,2013-11-01 01:00:00,HIGH_ACTIVITY,369.2389,113.1175,HIGH_ACTIVITY: current activity 369.24 is more than 2.0x this grid's within-day baseline of 113.12
5182,2013-11-01 02:00:00,HIGH_ACTIVITY,302.4473,113.1175,HIGH_ACTIVITY: current activity 302.45 is more than 2.0x this grid's within-day baseline of 113.12
5183,2013-11-01 00:00:00,HIGH_ACTIVITY,349.1595,85.3354,HIGH_ACTIVITY: current activity 349.16 is more than 2.0x this grid's within-day baseline of 85.34
5183,2013-11-01 01:00:00,HIGH_ACTIVITY,368.9927,85.3354,HIGH_ACTIVITY: current activity 368.99 is more than 2.0x this grid's within-day baseline of 85.34
5183,2013-11-01 02:00:00,HIGH_ACTIVITY,300.3813,85.3354,HIGH_ACTIVITY: current activity 300.38 is more than 2.0x this grid's within-day baseline of 85.34
5183,2013-11-01 03:00:00,HIGH_ACTIVITY,192.5227,85.3354,HIGH_ACTIVITY: current activity 192.52 is more than 2.0x this grid's within-day baseline of 85.34
5184,2013-11-01 00:00:00,HIGH_ACTIVITY,344.1535,81.2588,HIGH_ACTIVITY: current activity 344.15 is more than 2.0x this grid's within-day baseline of 81.26
5184,2013-11-01 01:00:00,HIGH_ACTIVITY,363.86,81.2588,HIGH_ACTIVITY: current activity 363.86 is more than 2.0x this grid's within-day baseline of 81.26
5184,2013-11-01 02:00:00,HIGH_ACTIVITY,295.387,81.2588,HIGH_ACTIVITY: current activity 295.39 is more than 2.0x this grid's within-day baseline of 81.26
5184,2013-11-01 03:00:00,HIGH_ACTIVITY,188.5916,81.2588,HIGH_ACTIVITY: current activity 188.59 is more than 2.0x this grid's within-day baseline of 81.26
5213,2013-11-01 13:00:00,HIGH_ACTIVITY,263.6011,92.1488,HIGH_ACTIVITY: current activity 263.60 is more than 2.0x this grid's within-day baseline of 92.15
5213,2013-11-01 13:00:00,ACTIVITY_SPIKE,263.6011,105.4101,ACTIVITY_SPIKE: current activity 263.60 is more than 2.0x the immediately preceding hour's 105.41
5214,2013-11-01 13:00:00,HIGH_ACTIVITY,413.21,133.6843,HIGH_ACTIVITY: current activity 413.21 is more than 2.0x this grid's within-day baseline of 133.68
5214,2013-11-01 13:00:00,ACTIVITY_SPIKE,413.21,144.4449,ACTIVITY_SPIKE: current activity 413.21 is more than 2.0x the immediately preceding hour's 144.44
5219,2013-11-01 13:00:00,HIGH_ACTIVITY,1247.1782,299.2743,HIGH_ACTIVITY: current activity 1247.18 is more than 2.0x this grid's within-day baseline of 299.27
5219,2013-11-01 13:00:00,ACTIVITY_SPIKE,1247.1782,309.2263,ACTIVITY_SPIKE: current activity 1247.18 is more than 2.0x the immediately preceding hour's 309.23
5220,2013-11-01 13:00:00,HIGH_ACTIVITY,1069.2648,297.0332,HIGH_ACTIVITY: current activity 1069.26 is more than 2.0x this grid's within-day baseline of 297.03
5220,2013-11-01 13:00:00,ACTIVITY_SPIKE,1069.2648,318.4242,ACTIVITY_SPIKE: current activity 1069.26 is more than 2.0x the immediately preceding hour's 318.42
5257,2013-11-01 16:00:00,HIGH_ACTIVITY,4469.5837,2209.8842,HIGH_ACTIVITY: current activity 4469.58 is more than 2.0x this grid's within-day baseline of 2209.88
5257,2013-11-01 17:00:00,HIGH_ACTIVITY,4598.5621,2209.8842,HIGH_ACTIVITY: current activity 4598.56 is more than 2.0x this grid's within-day baseline of 2209.88
5259,2013-11-01 00:00:00,HIGH_ACTIVITY,6190.0358,3002.9785,HIGH_ACTIVITY: current activity 6190.04 is more than 2.0x this grid's within-day baseline of 3002.98
5259,2013-11-01 01:00:00,HIGH_ACTIVITY,8964.824,3002.9785,HIGH_ACTIVITY: current activity 8964.82 is more than 2.0x this grid's within-day baseline of 3002.98
5259,2013-11-01 02:00:00,HIGH_ACTIVITY,10245.7718,3002.9785,HIGH_ACTIVITY: current activity 10245.77 is more than 2.0x this grid's within-day baseline of 3002.98
5259,2013-11-01 03:00:00,HIGH_ACTIVITY,7588.5007,3002.9785,HIGH_ACTIVITY: current activity 7588.50 is more than 2.0x this grid's within-day baseline of 3002.98
5260,2013-11-01 13:00:00,HIGH_ACTIVITY,3084.561,1529.7898,HIGH_ACTIVITY: current activity 3084.56 is more than 2.0x this grid's within-day baseline of 1529.79
5260,2013-11-01 14:00:00,HIGH_ACTIVITY,3358.3673,1529.7898,HIGH_ACTIVITY: current activity 3358.37 is more than 2.0x this grid's within-day baseline of 1529.79
5260,2013-11-01 15:00:00,HIGH_ACTIVITY,3285.2058,1529.7898,HIGH_ACTIVITY: current activity 3285.21 is more than 2.0x this grid's within-day baseline of 1529.79
5260,2013-11-01 16:00:00,HIGH_ACTIVITY,3826.9394,1529.7898,HIGH_ACTIVITY: current activity 3826.94 is more than 2.0x this grid's within-day baseline of 1529.79
5260,2013-11-01 17:00:00,HIGH_ACTIVITY,3853.2289,1529.7898,HIGH_ACTIVITY: current activity 3853.23 is more than 2.0x this grid's within-day baseline of 1529.79
5260,2013-11-01 18:00:00,HIGH_ACTIVITY,3351.7083,1529.7898,HIGH_ACTIVITY: current activity 3351.71 is more than 2.0x this grid's within-day baseline of 1529.79
5261,2013-11-01 11:00:00,HIGH_ACTIVITY,4390.017,1809.1674,HIGH_ACTIVITY: current activity 4390.02 is more than 2.0x this grid's within-day baseline of 1809.17
5261,2013-11-01 12:00:00,HIGH_ACTIVITY,4139.6315,1809.1674,HIGH_ACTIVITY: current activity 4139.63 is more than 2.0x this grid's within-day baseline of 1809.17
5261,2013-11-01 13:00:00,HIGH_ACTIVITY,5134.1851,1809.1674,HIGH_ACTIVITY: current activity 5134.19 is more than 2.0x this grid's within-day baseline of 1809.17
5261,2013-11-01 14:00:00,HIGH_ACTIVITY,5776.8657,1809.1674,HIGH_ACTIVITY: current activity 5776.87 is more than 2.0x this grid's within-day baseline of 1809.17
5261,2013-11-01 15:00:00,HIGH_ACTIVITY,6232.8817,1809.1674,HIGH_ACTIVITY: current activity 6232.88 is more than 2.0x this grid's within-day baseline of 1809.17
5261,2013-11-01 16:00:00,HIGH_ACTIVITY,6248.3472,1809.1674,HIGH_ACTIVITY: current activity 6248.35 is more than 2.0x this grid's within-day baseline of 1809.17
5261,2013-11-01 17:00:00,HIGH_ACTIVITY,5808.9576,1809.1674,HIGH_ACTIVITY: current activity 5808.96 is more than 2.0x this grid's within-day baseline of 1809.17
5261,2013-11-01 18:00:00,HIGH_ACTIVITY,6183.6813,1809.1674,HIGH_ACTIVITY: current activity 6183.68 is more than 2.0x this grid's within-day baseline of 1809.17
5261,2013-11-01 19:00:00,HIGH_ACTIVITY,3774.095,1809.1674,HIGH_ACTIVITY: current activity 3774.09 is more than 2.0x this grid's within-day baseline of 1809.17
5262,2013-11-01 12:00:00,HIGH_ACTIVITY,8412.1126,3679.043,HIGH_ACTIVITY: current activity 8412.11 is more than 2.0x this grid's within-day baseline of 3679.04
5262,2013-11-01 13:00:00,HIGH_ACTIVITY,11095.8002,3679.043,HIGH_ACTIVITY: current activity 11095.80 is more than 2.0x this grid's within-day baseline of 3679.04
5262,2013-11-01 14:00:00,HIGH_ACTIVITY,10256.7954,3679.043,HIGH_ACTIVITY: current activity 10256.80 is more than 2.0x this grid's within-day baseline of 3679.04
5262,2013-11-01 15:00:00,HIGH_ACTIVITY,11070.1276,3679.043,HIGH_ACTIVITY: current activity 11070.13 is more than 2.0x this grid's within-day baseline of 3679.04
5262,2013-11-01 16:00:00,HIGH_ACTIVITY,12479.4092,3679.043,HIGH_ACTIVITY: current activity 12479.41 is more than 2.0x this grid's within-day baseline of 3679.04
5262,2013-11-01 17:00:00,HIGH_ACTIVITY,12492.0899,3679.043,HIGH_ACTIVITY: current activity 12492.09 is more than 2.0x this grid's within-day baseline of 3679.04
5262,2013-11-01 18:00:00,HIGH_ACTIVITY,10630.3603,3679.043,HIGH_ACTIVITY: current activity 10630.36 is more than 2.0x this grid's within-day baseline of 3679.04
5262,2013-11-01 19:00:00,HIGH_ACTIVITY,8995.8941,3679.043,HIGH_ACTIVITY: current activity 8995.89 is more than 2.0x this grid's within-day baseline of 3679.04
5263,2013-11-01 16:00:00,HIGH_ACTIVITY,6668.1545,3025.4342,HIGH_ACTIVITY: current activity 6668.15 is more than 2.0x this grid's within-day baseline of 3025.43
5263,2013-11-01 17:00:00,HIGH_ACTIVITY,6974.7179,3025.4342,HIGH_ACTIVITY: current activity 6974.72 is more than 2.0x this grid's within-day baseline of 3025.43
5263,2013-11-01 18:00:00,HIGH_ACTIVITY,6130.7824,3025.4342,HIGH_ACTIVITY: current activity 6130.78 is more than 2.0x this grid's within-day baseline of 3025.43
5280,2013-11-01 10:00:00,HIGH_ACTIVITY,1031.0557,443.9218,HIGH_ACTIVITY: current activity 1031.06 is more than 2.0x this grid's within-day baseline of 443.92
5282,2013-11-01 00:00:00,HIGH_ACTIVITY,573.1434,212.4258,HIGH_ACTIVITY: current activity 573.14 is more than 2.0x this grid's within-day baseline of 212.43
5282,2013-11-01 01:00:00,HIGH_ACTIVITY,606.1085,212.4258,HIGH_ACTIVITY: current activity 606.11 is more than 2.0x this grid's within-day baseline of 212.43
5282,2013-11-01 02:00:00,HIGH_ACTIVITY,551.4404,212.4258,HIGH_ACTIVITY: current activity 551.44 is more than 2.0x this grid's within-day baseline of 212.43
5283,2013-11-01 00:00:00,HIGH_ACTIVITY,362.5686,83.0751,HIGH_ACTIVITY: current activity 362.57 is more than 2.0x this grid's within-day baseline of 83.08
5283,2013-11-01 01:00:00,HIGH_ACTIVITY,383.8034,83.0751,HIGH_ACTIVITY: current activity 383.80 is more than 2.0x this grid's within-day baseline of 83.08
5283,2013-11-01 02:00:00,HIGH_ACTIVITY,317.7474,83.0751,HIGH_ACTIVITY: current activity 317.75 is more than 2.0x this grid's within-day baseline of 83.08
5283,2013-11-01 03:00:00,HIGH_ACTIVITY,202.7358,83.0751,HIGH_ACTIVITY: current activity 202.74 is more than 2.0x this grid's within-day baseline of 83.08
5291,2013-11-01 17:00:00,HIGH_ACTIVITY,410.3996,199.7005,HIGH_ACTIVITY: current activity 410.40 is more than 2.0x this grid's within-day baseline of 199.70
5292,2013-11-01 17:00:00,HIGH_ACTIVITY,199.6415,98.6778,HIGH_ACTIVITY: current activity 199.64 is more than 2.0x this grid's within-day baseline of 98.68
5314,2013-11-01 13:00:00,HIGH_ACTIVITY,661.2411,199.699,HIGH_ACTIVITY: current activity 661.24 is more than 2.0x this grid's within-day baseline of 199.70
5314,2013-11-01 13:00:00,ACTIVITY_SPIKE,661.2411,214.2007,ACTIVITY_SPIKE: current activity 661.24 is more than 2.0x the immediately preceding hour's 214.20
5318,2013-11-01 13:00:00,HIGH_ACTIVITY,792.3975,299.8475,HIGH_ACTIVITY: current activity 792.40 is more than 2.0x this grid's within-day baseline of 299.85
5318,2013-11-01 13:00:00,ACTIVITY_SPIKE,792.3975,315.3188,ACTIVITY_SPIKE: current activity 792.40 is more than 2.0x the immediately preceding hour's 315.32
5319,2013-11-01 13:00:00,HIGH_ACTIVITY,1931.7446,364.9338,HIGH_ACTIVITY: current activity 1931.74 is more than 2.0x this grid's within-day baseline of 364.93
5319,2013-11-01 13:00:00,ACTIVITY_SPIKE,1931.7446,388.5144,ACTIVITY_SPIKE: current activity 1931.74 is more than 2.0x the immediately preceding hour's 388.51
5320,2013-11-01 13:00:00,HIGH_ACTIVITY,1911.4958,365.6339,HIGH_ACTIVITY: current activity 1911.50 is more than 2.0x this grid's within-day baseline of 365.63
5320,2013-11-01 13:00:00,ACTIVITY_SPIKE,1911.4958,384.0161,ACTIVITY_SPIKE: current activity 1911.50 is more than 2.0x the immediately preceding hour's 384.02
5321,2013-11-01 13:00:00,HIGH_ACTIVITY,577.396,262.8154,HIGH_ACTIVITY: current activity 577.40 is more than 2.0x this grid's within-day baseline of 262.82
5337,2013-11-01 11:00:00,HIGH_ACTIVITY,618.8656,280.6201,HIGH_ACTIVITY: current activity 618.87 is more than 2.0x this grid's within-day baseline of 280.62
5337,2013-11-01 12:00:00,HIGH_ACTIVITY,567.5613,280.6201,HIGH_ACTIVITY: current activity 567.56 is more than 2.0x this grid's within-day baseline of 280.62
5356,2013-11-01 14:00:00,HIGH_ACTIVITY,2494.3184,1231.5423,HIGH_ACTIVITY: current activity 2494.32 is more than 2.0x this grid's within-day baseline of 1231.54
5356,2013-11-01 15:00:00,HIGH_ACTIVITY,2550.8792,1231.5423,HIGH_ACTIVITY: current activity 2550.88 is more than 2.0x this grid's within-day baseline of 1231.54
5356,2013-11-01 16:00:00,HIGH_ACTIVITY,2841.9137,1231.5423,HIGH_ACTIVITY: current activity 2841.91 is more than 2.0x this grid's within-day baseline of 1231.54
5356,2013-11-01 17:00:00,HIGH_ACTIVITY,2927.9018,1231.5423,HIGH_ACTIVITY: current activity 2927.90 is more than 2.0x this grid's within-day baseline of 1231.54
5357,2013-11-01 06:00:00,ACTIVITY_DROP,277.4138,1212.9783,ACTIVITY_DROP: current activity 277.41 is below 0.25x this grid's within-day baseline of 1212.98
5357,2013-11-01 12:00:00,HIGH_ACTIVITY,2084.4302,936.0755,HIGH_ACTIVITY: current activity 2084.43 is more than 2.0x this grid's within-day baseline of 936.08
5357,2013-11-01 13:00:00,HIGH_ACTIVITY,2349.2922,936.0755,HIGH_ACTIVITY: current activity 2349.29 is more than 2.0x this grid's within-day baseline of 936.08
5357,2013-11-01 14:00:00,HIGH_ACTIVITY,2328.9807,936.0755,HIGH_ACTIVITY: current activity 2328.98 is more than 2.0x this grid's within-day baseline of 936.08
5357,2013-11-01 15:00:00,HIGH_ACTIVITY,2784.2189,936.0755,HIGH_ACTIVITY: current activity 2784.22 is more than 2.0x this grid's within-day baseline of 936.08
5357,2013-11-01 16:00:00,HIGH_ACTIVITY,2897.2135,936.0755,HIGH_ACTIVITY: current activity 2897.21 is more than 2.0x this grid's within-day baseline of 936.08
5357,2013-11-01 17:00:00,HIGH_ACTIVITY,3221.827,936.0755,HIGH_ACTIVITY: current activity 3221.83 is more than 2.0x this grid's within-day baseline of 936.08
5357,2013-11-01 18:00:00,HIGH_ACTIVITY,2055.1886,936.0755,HIGH_ACTIVITY: current activity 2055.19 is more than 2.0x this grid's within-day baseline of 936.08
5361,2013-11-01 12:00:00,HIGH_ACTIVITY,5556.155,2194.6342,HIGH_ACTIVITY: current activity 5556.15 is more than 2.0x this grid's within-day baseline of 2194.63
5361,2013-11-01 13:00:00,HIGH_ACTIVITY,5528.4666,2194.6342,HIGH_ACTIVITY: current activity 5528.47 is more than 2.0x this grid's within-day baseline of 2194.63
5361,2013-11-01 14:00:00,HIGH_ACTIVITY,5313.7258,2194.6342,HIGH_ACTIVITY: current activity 5313.73 is more than 2.0x this grid's within-day baseline of 2194.63
5361,2013-11-01 15:00:00,HIGH_ACTIVITY,5976.4863,2194.6342,HIGH_ACTIVITY: current activity 5976.49 is more than 2.0x this grid's within-day baseline of 2194.63
5361,2013-11-01 16:00:00,HIGH_ACTIVITY,6361.0735,2194.6342,HIGH_ACTIVITY: current activity 6361.07 is more than 2.0x this grid's within-day baseline of 2194.63
5361,2013-11-01 17:00:00,HIGH_ACTIVITY,6805.6608,2194.6342,HIGH_ACTIVITY: current activity 6805.66 is more than 2.0x this grid's within-day baseline of 2194.63
5361,2013-11-01 18:00:00,HIGH_ACTIVITY,5495.0063,2194.6342,HIGH_ACTIVITY: current activity 5495.01 is more than 2.0x this grid's within-day baseline of 2194.63
5362,2013-11-01 13:00:00,HIGH_ACTIVITY,3788.2677,1697.653,HIGH_ACTIVITY: current activity 3788.27 is more than 2.0x this grid's within-day baseline of 1697.65
5362,2013-11-01 15:00:00,HIGH_ACTIVITY,3661.6006,1697.653,HIGH_ACTIVITY: current activity 3661.60 is more than 2.0x this grid's within-day baseline of 1697.65
5362,2013-11-01 16:00:00,HIGH_ACTIVITY,3762.6569,1697.653,HIGH_ACTIVITY: current activity 3762.66 is more than 2.0x this grid's within-day baseline of 1697.65
5362,2013-11-01 17:00:00,HIGH_ACTIVITY,4117.1081,1697.653,HIGH_ACTIVITY: current activity 4117.11 is more than 2.0x this grid's within-day baseline of 1697.65
5362,2013-11-01 18:00:00,HIGH_ACTIVITY,3569.9075,1697.653,HIGH_ACTIVITY: current activity 3569.91 is more than 2.0x this grid's within-day baseline of 1697.65
5363,2013-11-01 16:00:00,HIGH_ACTIVITY,3448.7993,1623.48,HIGH_ACTIVITY: current activity 3448.80 is more than 2.0x this grid's within-day baseline of 1623.48
5363,2013-11-01 17:00:00,HIGH_ACTIVITY,3617.6338,1623.48,HIGH_ACTIVITY: current activity 3617.63 is more than 2.0x this grid's within-day baseline of 1623.48
5364,2013-11-01 17:00:00,HIGH_ACTIVITY,1117.0965,535.7292,HIGH_ACTIVITY: current activity 1117.10 is more than 2.0x this grid's within-day baseline of 535.73
5379,2013-11-01 10:00:00,HIGH_ACTIVITY,1130.5844,508.8206,HIGH_ACTIVITY: current activity 1130.58 is more than 2.0x this grid's within-day baseline of 508.82
5380,2013-11-01 01:00:00,HIGH_ACTIVITY,1012.9139,488.912,HIGH_ACTIVITY: current activity 1012.91 is more than 2.0x this grid's within-day baseline of 488.91
5380,2013-11-01 02:00:00,HIGH_ACTIVITY,1054.7795,488.912,HIGH_ACTIVITY: current activity 1054.78 is more than 2.0x this grid's within-day baseline of 488.91
5380,2013-11-01 10:00:00,HIGH_ACTIVITY,1198.0665,488.912,HIGH_ACTIVITY: current activity 1198.07 is more than 2.0x this grid's within-day baseline of 488.91
5380,2013-11-01 10:00:00,ACTIVITY_SPIKE,1198.0665,595.5377,ACTIVITY_SPIKE: current activity 1198.07 is more than 2.0x the immediately preceding hour's 595.54
5381,2013-11-01 01:00:00,HIGH_ACTIVITY,1011.8982,488.199,HIGH_ACTIVITY: current activity 1011.90 is more than 2.0x this grid's within-day baseline of 488.20
5381,2013-11-01 02:00:00,HIGH_ACTIVITY,1053.6138,488.199,HIGH_ACTIVITY: current activity 1053.61 is more than 2.0x this grid's within-day baseline of 488.20
5381,2013-11-01 10:00:00,HIGH_ACTIVITY,1195.1973,488.199,HIGH_ACTIVITY: current activity 1195.20 is more than 2.0x this grid's within-day baseline of 488.20
5381,2013-11-01 10:00:00,ACTIVITY_SPIKE,1195.1973,594.3927,ACTIVITY_SPIKE: current activity 1195.20 is more than 2.0x the immediately preceding hour's 594.39
5382,2013-11-01 00:00:00,HIGH_ACTIVITY,745.1471,317.9158,HIGH_ACTIVITY: current activity 745.15 is more than 2.0x this grid's within-day baseline of 317.92
5382,2013-11-01 01:00:00,HIGH_ACTIVITY,787.0937,317.9158,HIGH_ACTIVITY: current activity 787.09 is more than 2.0x this grid's within-day baseline of 317.92
5382,2013-11-01 02:00:00,HIGH_ACTIVITY,761.5101,317.9158,HIGH_ACTIVITY: current activity 761.51 is more than 2.0x this grid's within-day baseline of 317.92
5383,2013-11-01 00:00:00,HIGH_ACTIVITY,307.6998,76.9263,HIGH_ACTIVITY: current activity 307.70 is more than 2.0x this grid's within-day baseline of 76.93
5383,2013-11-01 01:00:00,HIGH_ACTIVITY,324.2585,76.9263,HIGH_ACTIVITY: current activity 324.26 is more than 2.0x this grid's within-day baseline of 76.93
5383,2013-11-01 02:00:00,HIGH_ACTIVITY,271.8147,76.9263,HIGH_ACTIVITY: current activity 271.81 is more than 2.0x this grid's within-day baseline of 76.93
5383,2013-11-01 03:00:00,HIGH_ACTIVITY,173.0282,76.9263,HIGH_ACTIVITY: current activity 173.03 is more than 2.0x this grid's within-day baseline of 76.93
5389,2013-11-01 17:00:00,HIGH_ACTIVITY,362.824,167.8974,HIGH_ACTIVITY: current activity 362.82 is more than 2.0x this grid's within-day baseline of 167.90
5390,2013-11-01 17:00:00,HIGH_ACTIVITY,457.2804,206.1413,HIGH_ACTIVITY: current activity 457.28 is more than 2.0x this grid's within-day baseline of 206.14
5391,2013-11-01 17:00:00,HIGH_ACTIVITY,457.2804,206.1413,HIGH_ACTIVITY: current activity 457.28 is more than 2.0x this grid's within-day baseline of 206.14
5392,2013-11-01 17:00:00,HIGH_ACTIVITY,457.2804,206.1413,HIGH_ACTIVITY: current activity 457.28 is more than 2.0x this grid's within-day baseline of 206.14
5393,2013-11-01 17:00:00,HIGH_ACTIVITY,289.0755,137.1184,HIGH_ACTIVITY: current activity 289.08 is more than 2.0x this grid's within-day baseline of 137.12
5418,2013-11-01 13:00:00,HIGH_ACTIVITY,1598.9741,346.8928,HIGH_ACTIVITY: current activity 1598.97 is more than 2.0x this grid's within-day baseline of 346.89
5418,2013-11-01 13:00:00,ACTIVITY_SPIKE,1598.9741,365.0222,ACTIVITY_SPIKE: current activity 1598.97 is more than 2.0x the immediately preceding hour's 365.02
5419,2013-11-01 13:00:00,HIGH_ACTIVITY,1886.0128,359.7925,HIGH_ACTIVITY: current activity 1886.01 is more than 2.0x this grid's within-day baseline of 359.79
5419,2013-11-01 13:00:00,ACTIVITY_SPIKE,1886.0128,382.2782,ACTIVITY_SPIKE: current activity 1886.01 is more than 2.0x the immediately preceding hour's 382.28
5420,2013-11-01 13:00:00,HIGH_ACTIVITY,1154.6362,309.1802,HIGH_ACTIVITY: current activity 1154.64 is more than 2.0x this grid's within-day baseline of 309.18
5420,2013-11-01 13:00:00,ACTIVITY_SPIKE,1154.6362,394.1132,ACTIVITY_SPIKE: current activity 1154.64 is more than 2.0x the immediately preceding hour's 394.11
5421,2013-11-01 07:00:00,ACTIVITY_SPIKE,310.4264,119.5379,ACTIVITY_SPIKE: current activity 310.43 is more than 2.0x the immediately preceding hour's 119.54
5422,2013-11-01 07:00:00,ACTIVITY_SPIKE,308.1203,122.6792,ACTIVITY_SPIKE: current activity 308.12 is more than 2.0x the immediately preceding hour's 122.68
5437,2013-11-01 03:00:00,ACTIVITY_DROP,154.1896,696.9882,ACTIVITY_DROP: current activity 154.19 is below 0.25x this grid's within-day baseline of 696.99
5437,2013-11-01 09:00:00,ACTIVITY_SPIKE,723.6905,353.158,ACTIVITY_SPIKE: current activity 723.69 is more than 2.0x the immediately preceding hour's 353.16
5437,2013-11-01 11:00:00,HIGH_ACTIVITY,1452.9209,540.0351,HIGH_ACTIVITY: current activity 1452.92 is more than 2.0x this grid's within-day baseline of 540.04
5437,2013-11-01 12:00:00,HIGH_ACTIVITY,1314.6696,540.0351,HIGH_ACTIVITY: current activity 1314.67 is more than 2.0x this grid's within-day baseline of 540.04
5437,2013-11-01 14:00:00,HIGH_ACTIVITY,1163.578,540.0351,HIGH_ACTIVITY: current activity 1163.58 is more than 2.0x this grid's within-day baseline of 540.04
5437,2013-11-01 18:00:00,HIGH_ACTIVITY,1130.7217,540.0351,HIGH_ACTIVITY: current activity 1130.72 is more than 2.0x this grid's within-day baseline of 540.04
5438,2013-11-01 01:00:00,ACTIVITY_DROP,31.4127,127.3798,ACTIVITY_DROP: current activity 31.41 is below 0.25x this grid's within-day baseline of 127.38
5438,2013-11-01 02:00:00,ACTIVITY_DROP,29.3897,127.3798,ACTIVITY_DROP: current activity 29.39 is below 0.25x this grid's within-day baseline of 127.38
5438,2013-11-01 03:00:00,ACTIVITY_DROP,25.4282,127.3798,ACTIVITY_DROP: current activity 25.43 is below 0.25x this grid's within-day baseline of 127.38
5438,2013-11-01 04:00:00,ACTIVITY_DROP,30.0493,127.3798,ACTIVITY_DROP: current activity 30.05 is below 0.25x this grid's within-day baseline of 127.38
5438,2013-11-01 11:00:00,HIGH_ACTIVITY,232.3969,95.013,HIGH_ACTIVITY: current activity 232.40 is more than 2.0x this grid's within-day baseline of 95.01
5438,2013-11-01 12:00:00,HIGH_ACTIVITY,211.9252,95.013,HIGH_ACTIVITY: current activity 211.93 is more than 2.0x this grid's within-day baseline of 95.01
5443,2013-11-01 02:00:00,HIGH_ACTIVITY,2125.4172,811.9659,HIGH_ACTIVITY: current activity 2125.42 is more than 2.0x this grid's within-day baseline of 811.97
5443,2013-11-01 16:00:00,HIGH_ACTIVITY,2100.3896,811.9659,HIGH_ACTIVITY: current activity 2100.39 is more than 2.0x this grid's within-day baseline of 811.97
5443,2013-11-01 16:00:00,ACTIVITY_SPIKE,2100.3896,902.8394,ACTIVITY_SPIKE: current activity 2100.39 is more than 2.0x the immediately preceding hour's 902.84
5451,2013-11-01 11:00:00,HIGH_ACTIVITY,4103.2312,1499.5056,HIGH_ACTIVITY: current activity 4103.23 is more than 2.0x this grid's within-day baseline of 1499.51
5453,2013-11-01 02:00:00,HIGH_ACTIVITY,3839.8751,1876.7539,HIGH_ACTIVITY: current activity 3839.88 is more than 2.0x this grid's within-day baseline of 1876.75
5455,2013-11-01 14:00:00,HIGH_ACTIVITY,1764.6503,875.0113,HIGH_ACTIVITY: current activity 1764.65 is more than 2.0x this grid's within-day baseline of 875.01
5456,2013-11-01 16:00:00,HIGH_ACTIVITY,2020.0129,944.7393,HIGH_ACTIVITY: current activity 2020.01 is more than 2.0x this grid's within-day baseline of 944.74
5457,2013-11-01 16:00:00,HIGH_ACTIVITY,2752.2986,1284.3945,HIGH_ACTIVITY: current activity 2752.30 is more than 2.0x this grid's within-day baseline of 1284.39
5462,2013-11-01 17:00:00,HIGH_ACTIVITY,3693.2307,1799.8805,HIGH_ACTIVITY: current activity 3693.23 is more than 2.0x this grid's within-day baseline of 1799.88
5463,2013-11-01 17:00:00,HIGH_ACTIVITY,2076.6044,904.7542,HIGH_ACTIVITY: current activity 2076.60 is more than 2.0x this grid's within-day baseline of 904.75
5464,2013-11-01 17:00:00,HIGH_ACTIVITY,1079.2171,492.8883,HIGH_ACTIVITY: current activity 1079.22 is more than 2.0x this grid's within-day baseline of 492.89
5480,2013-11-01 01:00:00,HIGH_ACTIVITY,995.1543,484.0628,HIGH_ACTIVITY: current activity 995.15 is more than 2.0x this grid's within-day baseline of 484.06
5480,2013-11-01 02:00:00,HIGH_ACTIVITY,1035.1167,484.0628,HIGH_ACTIVITY: current activity 1035.12 is more than 2.0x this grid's within-day baseline of 484.06
5480,2013-11-01 10:00:00,HIGH_ACTIVITY,1185.45,484.0628,HIGH_ACTIVITY: current activity 1185.45 is more than 2.0x this grid's within-day baseline of 484.06
5480,2013-11-01 10:00:00,ACTIVITY_SPIKE,1185.45,589.548,ACTIVITY_SPIKE: current activity 1185.45 is more than 2.0x the immediately preceding hour's 589.55
5481,2013-11-01 01:00:00,HIGH_ACTIVITY,837.7474,418.1082,HIGH_ACTIVITY: current activity 837.75 is more than 2.0x this grid's within-day baseline of 418.11
5481,2013-11-01 02:00:00,HIGH_ACTIVITY,862.4583,418.1082,HIGH_ACTIVITY: current activity 862.46 is more than 2.0x this grid's within-day baseline of 418.11
5481,2013-11-01 10:00:00,HIGH_ACTIVITY,1035.05,418.1082,HIGH_ACTIVITY: current activity 1035.05 is more than 2.0x this grid's within-day baseline of 418.11
5481,2013-11-01 10:00:00,ACTIVITY_SPIKE,1035.05,516.7113,ACTIVITY_SPIKE: current activity 1035.05 is more than 2.0x the immediately preceding hour's 516.71
5482,2013-11-01 10:00:00,HIGH_ACTIVITY,609.1886,241.8255,HIGH_ACTIVITY: current activity 609.19 is more than 2.0x this grid's within-day baseline of 241.83
5482,2013-11-01 10:00:00,ACTIVITY_SPIKE,609.1886,300.0923,ACTIVITY_SPIKE: current activity 609.19 is more than 2.0x the immediately preceding hour's 300.09
5482,2013-11-01 11:00:00,HIGH_ACTIVITY,507.2007,241.8255,HIGH_ACTIVITY: current activity 507.20 is more than 2.0x this grid's within-day baseline of 241.83
5489,2013-11-01 17:00:00,HIGH_ACTIVITY,346.4194,161.8691,HIGH_ACTIVITY: current activity 346.42 is more than 2.0x this grid's within-day baseline of 161.87
5490,2013-11-01 17:00:00,HIGH_ACTIVITY,457.2804,206.1413,HIGH_ACTIVITY: current activity 457.28 is more than 2.0x this grid's within-day baseline of 206.14
5491,2013-11-01 17:00:00,HIGH_ACTIVITY,457.2804,206.1413,HIGH_ACTIVITY: current activity 457.28 is more than 2.0x this grid's within-day baseline of 206.14
5492,2013-11-01 17:00:00,HIGH_ACTIVITY,456.5069,205.2091,HIGH_ACTIVITY: current activity 456.51 is more than 2.0x this grid's within-day baseline of 205.21
5493,2013-11-01 17:00:00,HIGH_ACTIVITY,300.9193,144.2881,HIGH_ACTIVITY: current activity 300.92 is more than 2.0x this grid's within-day baseline of 144.29
5518,2013-11-01 13:00:00,HIGH_ACTIVITY,1173.8852,263.173,HIGH_ACTIVITY: current activity 1173.89 is more than 2.0x this grid's within-day baseline of 263.17
5518,2013-11-01 13:00:00,ACTIVITY_SPIKE,1173.8852,272.0072,ACTIVITY_SPIKE: current activity 1173.89 is more than 2.0x the immediately preceding hour's 272.01
5519,2013-11-01 13:00:00,HIGH_ACTIVITY,915.6138,226.226,HIGH_ACTIVITY: current activity 915.61 is more than 2.0x this grid's within-day baseline of 226.23
5519,2013-11-01 13:00:00,ACTIVITY_SPIKE,915.6138,238.1746,ACTIVITY_SPIKE: current activity 915.61 is more than 2.0x the immediately preceding hour's 238.17
5520,2013-11-01 07:00:00,ACTIVITY_SPIKE,187.7099,87.5703,ACTIVITY_SPIKE: current activity 187.71 is more than 2.0x the immediately preceding hour's 87.57
5521,2013-11-01 07:00:00,ACTIVITY_SPIKE,300.1078,113.8377,ACTIVITY_SPIKE: current activity 300.11 is more than 2.0x the immediately preceding hour's 113.84
5522,2013-11-01 07:00:00,ACTIVITY_SPIKE,269.2561,125.1232,ACTIVITY_SPIKE: current activity 269.26 is more than 2.0x the immediately preceding hour's 125.12
5573,2013-11-01 08:00:00,ACTIVITY_SPIKE,445.5259,222.0119,ACTIVITY_SPIKE: current activity 445.53 is more than 2.0x the immediately preceding hour's 222.01
5581,2013-11-01 10:00:00,HIGH_ACTIVITY,530.3936,221.2098,HIGH_ACTIVITY: current activity 530.39 is more than 2.0x this grid's within-day baseline of 221.21
5581,2013-11-01 11:00:00,HIGH_ACTIVITY,475.3624,221.2098,HIGH_ACTIVITY: current activity 475.36 is more than 2.0x this grid's within-day baseline of 221.21
5582,2013-11-01 10:00:00,HIGH_ACTIVITY,366.0295,150.1499,HIGH_ACTIVITY: current activity 366.03 is more than 2.0x this grid's within-day baseline of 150.15
5582,2013-11-01 11:00:00,HIGH_ACTIVITY,366.8492,150.1499,HIGH_ACTIVITY: current activity 366.85 is more than 2.0x this grid's within-day baseline of 150.15
5583,2013-11-01 10:00:00,HIGH_ACTIVITY,335.8571,145.351,HIGH_ACTIVITY: current activity 335.86 is more than 2.0x this grid's within-day baseline of 145.35
5583,2013-11-01 11:00:00,HIGH_ACTIVITY,340.0011,145.351,HIGH_ACTIVITY: current activity 340.00 is more than 2.0x this grid's within-day baseline of 145.35
5589,2013-11-01 17:00:00,HIGH_ACTIVITY,348.7576,161.1599,HIGH_ACTIVITY: current activity 348.76 is more than 2.0x this grid's within-day baseline of 161.16
5590,2013-11-01 17:00:00,HIGH_ACTIVITY,463.2383,214.5402,HIGH_ACTIVITY: current activity 463.24 is more than 2.0x this grid's within-day baseline of 214.54
5591,2013-11-01 17:00:00,HIGH_ACTIVITY,454.7107,204.7754,HIGH_ACTIVITY: current activity 454.71 is more than 2.0x this grid's within-day baseline of 204.78
5592,2013-11-01 17:00:00,HIGH_ACTIVITY,452.743,200.672,HIGH_ACTIVITY: current activity 452.74 is more than 2.0x this grid's within-day baseline of 200.67
5593,2013-11-01 17:00:00,HIGH_ACTIVITY,272.1008,134.1946,HIGH_ACTIVITY: current activity 272.10 is more than 2.0x this grid's within-day baseline of 134.19
5622,2013-11-01 07:00:00,ACTIVITY_SPIKE,205.3375,87.0663,ACTIVITY_SPIKE: current activity 205.34 is more than 2.0x the immediately preceding hour's 87.07
5623,2013-11-01 10:00:00,HIGH_ACTIVITY,262.8849,126.1183,HIGH_ACTIVITY: current activity 262.88 is more than 2.0x this grid's within-day baseline of 126.12
5623,2013-11-01 11:00:00,HIGH_ACTIVITY,351.9455,126.1183,HIGH_ACTIVITY: current activity 351.95 is more than 2.0x this grid's within-day baseline of 126.12
5624,2013-11-01 11:00:00,HIGH_ACTIVITY,391.6046,187.0238,HIGH_ACTIVITY: current activity 391.60 is more than 2.0x this grid's within-day baseline of 187.02
5653,2013-11-01 00:00:00,HIGH_ACTIVITY,4743.3644,2255.2059,HIGH_ACTIVITY: current activity 4743.36 is more than 2.0x this grid's within-day baseline of 2255.21
5669,2013-11-01 11:00:00,HIGH_ACTIVITY,4979.7244,2343.1151,HIGH_ACTIVITY: current activity 4979.72 is more than 2.0x this grid's within-day baseline of 2343.12
5672,2013-11-01 08:00:00,ACTIVITY_SPIKE,1058.391,456.0678,ACTIVITY_SPIKE: current activity 1058.39 is more than 2.0x the immediately preceding hour's 456.07
5673,2013-11-01 08:00:00,HIGH_ACTIVITY,612.401,256.0043,HIGH_ACTIVITY: current activity 612.40 is more than 2.0x this grid's within-day baseline of 256.00
5673,2013-11-01 08:00:00,ACTIVITY_SPIKE,612.401,164.5289,ACTIVITY_SPIKE: current activity 612.40 is more than 2.0x the immediately preceding hour's 164.53
5674,2013-11-01 08:00:00,ACTIVITY_SPIKE,418.4683,165.4703,ACTIVITY_SPIKE: current activity 418.47 is more than 2.0x the immediately preceding hour's 165.47
5681,2013-11-01 10:00:00,HIGH_ACTIVITY,370.1583,155.1017,HIGH_ACTIVITY: current activity 370.16 is more than 2.0x this grid's within-day baseline of 155.10
5681,2013-11-01 11:00:00,HIGH_ACTIVITY,372.3981,155.1017,HIGH_ACTIVITY: current activity 372.40 is more than 2.0x this grid's within-day baseline of 155.10
5682,2013-11-01 10:00:00,HIGH_ACTIVITY,367.0101,152.0825,HIGH_ACTIVITY: current activity 367.01 is more than 2.0x this grid's within-day baseline of 152.08
5682,2013-11-01 11:00:00,HIGH_ACTIVITY,368.7854,152.0825,HIGH_ACTIVITY: current activity 368.79 is more than 2.0x this grid's within-day baseline of 152.08
5683,2013-11-01 10:00:00,HIGH_ACTIVITY,364.9907,150.1458,HIGH_ACTIVITY: current activity 364.99 is more than 2.0x this grid's within-day baseline of 150.15
5683,2013-11-01 11:00:00,HIGH_ACTIVITY,366.468,150.1458,HIGH_ACTIVITY: current activity 366.47 is more than 2.0x this grid's within-day baseline of 150.15
5690,2013-11-01 17:00:00,HIGH_ACTIVITY,464.4923,211.4711,HIGH_ACTIVITY: current activity 464.49 is more than 2.0x this grid's within-day baseline of 211.47
5691,2013-11-01 17:00:00,HIGH_ACTIVITY,457.2804,206.1413,HIGH_ACTIVITY: current activity 457.28 is more than 2.0x this grid's within-day baseline of 206.14
5692,2013-11-01 17:00:00,HIGH_ACTIVITY,419.9396,186.9423,HIGH_ACTIVITY: current activity 419.94 is more than 2.0x this grid's within-day baseline of 186.94
5723,2013-11-01 10:00:00,HIGH_ACTIVITY,233.4134,99.9356,HIGH_ACTIVITY: current activity 233.41 is more than 2.0x this grid's within-day baseline of 99.94
5723,2013-11-01 11:00:00,HIGH_ACTIVITY,321.7679,99.9356,HIGH_ACTIVITY: current activity 321.77 is more than 2.0x this grid's within-day baseline of 99.94
5724,2013-11-01 10:00:00,HIGH_ACTIVITY,203.4221,84.8225,HIGH_ACTIVITY: current activity 203.42 is more than 2.0x this grid's within-day baseline of 84.82
5724,2013-11-01 10:00:00,ACTIVITY_SPIKE,203.4221,95.2345,ACTIVITY_SPIKE: current activity 203.42 is more than 2.0x the immediately preceding hour's 95.23
5724,2013-11-01 11:00:00,HIGH_ACTIVITY,293.4874,84.8225,HIGH_ACTIVITY: current activity 293.49 is more than 2.0x this grid's within-day baseline of 84.82
5737,2013-11-01 20:00:00,HIGH_ACTIVITY,1397.1088,587.1355,HIGH_ACTIVITY: current activity 1397.11 is more than 2.0x this grid's within-day baseline of 587.14
5737,2013-11-01 21:00:00,HIGH_ACTIVITY,1232.6225,587.1355,HIGH_ACTIVITY: current activity 1232.62 is more than 2.0x this grid's within-day baseline of 587.14
5741,2013-11-01 12:00:00,HIGH_ACTIVITY,194.7019,94.8816,HIGH_ACTIVITY: current activity 194.70 is more than 2.0x this grid's within-day baseline of 94.88
5756,2013-11-01 09:00:00,ACTIVITY_SPIKE,2355.3924,1173.9676,ACTIVITY_SPIKE: current activity 2355.39 is more than 2.0x the immediately preceding hour's 1173.97
5758,2013-11-01 01:00:00,HIGH_ACTIVITY,13040.3491,5370.2175,HIGH_ACTIVITY: current activity 13040.35 is more than 2.0x this grid's within-day baseline of 5370.22
5758,2013-11-01 02:00:00,HIGH_ACTIVITY,12064.737,5370.2175,HIGH_ACTIVITY: current activity 12064.74 is more than 2.0x this grid's within-day baseline of 5370.22
5766,2013-11-01 17:00:00,HIGH_ACTIVITY,6925.5182,3355.651,HIGH_ACTIVITY: current activity 6925.52 is more than 2.0x this grid's within-day baseline of 3355.65
5778,2013-11-01 10:00:00,HIGH_ACTIVITY,827.157,406.4454,HIGH_ACTIVITY: current activity 827.16 is more than 2.0x this grid's within-day baseline of 406.45
5778,2013-11-01 11:00:00,HIGH_ACTIVITY,897.7155,406.4454,HIGH_ACTIVITY: current activity 897.72 is more than 2.0x this grid's within-day baseline of 406.45
5778,2013-11-01 12:00:00,HIGH_ACTIVITY,865.3084,406.4454,HIGH_ACTIVITY: current activity 865.31 is more than 2.0x this grid's within-day baseline of 406.45
5778,2013-11-01 17:00:00,HIGH_ACTIVITY,837.9131,406.4454,HIGH_ACTIVITY: current activity 837.91 is more than 2.0x this grid's within-day baseline of 406.45
5778,2013-11-01 18:00:00,HIGH_ACTIVITY,869.2061,406.4454,HIGH_ACTIVITY: current activity 869.21 is more than 2.0x this grid's within-day baseline of 406.45
5781,2013-11-01 10:00:00,HIGH_ACTIVITY,396.0972,193.7616,HIGH_ACTIVITY: current activity 396.10 is more than 2.0x this grid's within-day baseline of 193.76
5781,2013-11-01 11:00:00,HIGH_ACTIVITY,393.0804,193.7616,HIGH_ACTIVITY: current activity 393.08 is more than 2.0x this grid's within-day baseline of 193.76
5782,2013-11-01 10:00:00,HIGH_ACTIVITY,370.1583,155.1017,HIGH_ACTIVITY: current activity 370.16 is more than 2.0x this grid's within-day baseline of 155.10
5782,2013-11-01 11:00:00,HIGH_ACTIVITY,372.3981,155.1017,HIGH_ACTIVITY: current activity 372.40 is more than 2.0x this grid's within-day baseline of 155.10
5783,2013-11-01 10:00:00,HIGH_ACTIVITY,361.1728,155.8298,HIGH_ACTIVITY: current activity 361.17 is more than 2.0x this grid's within-day baseline of 155.83
5783,2013-11-01 11:00:00,HIGH_ACTIVITY,360.4088,155.8298,HIGH_ACTIVITY: current activity 360.41 is more than 2.0x this grid's within-day baseline of 155.83
5823,2013-11-01 10:00:00,ACTIVITY_SPIKE,156.4949,77.3171,ACTIVITY_SPIKE: current activity 156.49 is more than 2.0x the immediately preceding hour's 77.32
5848,2013-11-01 10:00:00,HIGH_ACTIVITY,576.023,253.6578,HIGH_ACTIVITY: current activity 576.02 is more than 2.0x this grid's within-day baseline of 253.66
5848,2013-11-01 11:00:00,HIGH_ACTIVITY,516.1913,253.6578,HIGH_ACTIVITY: current activity 516.19 is more than 2.0x this grid's within-day baseline of 253.66
5848,2013-11-01 12:00:00,HIGH_ACTIVITY,622.7614,253.6578,HIGH_ACTIVITY: current activity 622.76 is more than 2.0x this grid's within-day baseline of 253.66
5848,2013-11-01 15:00:00,HIGH_ACTIVITY,558.394,253.6578,HIGH_ACTIVITY: current activity 558.39 is more than 2.0x this grid's within-day baseline of 253.66
5848,2013-11-01 17:00:00,HIGH_ACTIVITY,508.6103,253.6578,HIGH_ACTIVITY: current activity 508.61 is more than 2.0x this grid's within-day baseline of 253.66
5857,2013-11-01 17:00:00,ACTIVITY_DROP,1205.0676,5251.0181,ACTIVITY_DROP: current activity 1205.07 is below 0.25x this grid's within-day baseline of 5251.02
5857,2013-11-01 18:00:00,ACTIVITY_DROP,625.2098,5251.0181,ACTIVITY_DROP: current activity 625.21 is below 0.25x this grid's within-day baseline of 5251.02
5857,2013-11-01 19:00:00,ACTIVITY_SPIKE,2348.2574,625.2098,ACTIVITY_SPIKE: current activity 2348.26 is more than 2.0x the immediately preceding hour's 625.21
5857,2013-11-01 20:00:00,ACTIVITY_SPIKE,6454.2695,2348.2574,ACTIVITY_SPIKE: current activity 6454.27 is more than 2.0x the immediately preceding hour's 2348.26
5878,2013-11-01 17:00:00,HIGH_ACTIVITY,1202.506,598.7029,HIGH_ACTIVITY: current activity 1202.51 is more than 2.0x this grid's within-day baseline of 598.70
5878,2013-11-01 18:00:00,HIGH_ACTIVITY,1281.2779,598.7029,HIGH_ACTIVITY: current activity 1281.28 is more than 2.0x this grid's within-day baseline of 598.70
5882,2013-11-01 10:00:00,HIGH_ACTIVITY,325.4474,144.2943,HIGH_ACTIVITY: current activity 325.45 is more than 2.0x this grid's within-day baseline of 144.29
5882,2013-11-01 11:00:00,HIGH_ACTIVITY,328.7919,144.2943,HIGH_ACTIVITY: current activity 328.79 is more than 2.0x this grid's within-day baseline of 144.29
5883,2013-11-01 10:00:00,HIGH_ACTIVITY,288.1621,143.8653,HIGH_ACTIVITY: current activity 288.16 is more than 2.0x this grid's within-day baseline of 143.87
5956,2013-11-01 16:00:00,HIGH_ACTIVITY,7840.3622,3792.4601,HIGH_ACTIVITY: current activity 7840.36 is more than 2.0x this grid's within-day baseline of 3792.46
5956,2013-11-01 17:00:00,HIGH_ACTIVITY,10804.8647,3792.4601,HIGH_ACTIVITY: current activity 10804.86 is more than 2.0x this grid's within-day baseline of 3792.46
5956,2013-11-01 18:00:00,HIGH_ACTIVITY,10423.0622,3792.4601,HIGH_ACTIVITY: current activity 10423.06 is more than 2.0x this grid's within-day baseline of 3792.46
5956,2013-11-01 19:00:00,HIGH_ACTIVITY,7792.587,3792.4601,HIGH_ACTIVITY: current activity 7792.59 is more than 2.0x this grid's within-day baseline of 3792.46
5957,2013-11-01 18:00:00,ACTIVITY_DROP,929.6864,3857.3319,ACTIVITY_DROP: current activity 929.69 is below 0.25x this grid's within-day baseline of 3857.33
5957,2013-11-01 19:00:00,ACTIVITY_SPIKE,2942.7126,929.6864,ACTIVITY_SPIKE: current activity 2942.71 is more than 2.0x the immediately preceding hour's 929.69
5958,2013-11-01 17:00:00,HIGH_ACTIVITY,7695.0097,3752.5594,HIGH_ACTIVITY: current activity 7695.01 is more than 2.0x this grid's within-day baseline of 3752.56
5958,2013-11-01 18:00:00,HIGH_ACTIVITY,8132.8561,3752.5594,HIGH_ACTIVITY: current activity 8132.86 is more than 2.0x this grid's within-day baseline of 3752.56
5958,2013-11-01 19:00:00,HIGH_ACTIVITY,7975.9551,3752.5594,HIGH_ACTIVITY: current activity 7975.96 is more than 2.0x this grid's within-day baseline of 3752.56
5979,2013-11-01 10:00:00,HIGH_ACTIVITY,531.9412,263.9978,HIGH_ACTIVITY: current activity 531.94 is more than 2.0x this grid's within-day baseline of 264.00
5979,2013-11-01 11:00:00,HIGH_ACTIVITY,572.5523,263.9978,HIGH_ACTIVITY: current activity 572.55 is more than 2.0x this grid's within-day baseline of 264.00
5979,2013-11-01 12:00:00,HIGH_ACTIVITY,552.521,263.9978,HIGH_ACTIVITY: current activity 552.52 is more than 2.0x this grid's within-day baseline of 264.00
5999,2013-11-01 10:00:00,HIGH_ACTIVITY,496.8386,217.6329,HIGH_ACTIVITY: current activity 496.84 is more than 2.0x this grid's within-day baseline of 217.63
6000,2013-11-01 10:00:00,HIGH_ACTIVITY,480.1762,211.3622,HIGH_ACTIVITY: current activity 480.18 is more than 2.0x this grid's within-day baseline of 211.36
6038,2013-11-01 14:00:00,HIGH_ACTIVITY,184.3899,90.0911,HIGH_ACTIVITY: current activity 184.39 is more than 2.0x this grid's within-day baseline of 90.09
6039,2013-11-01 14:00:00,HIGH_ACTIVITY,217.5548,96.5698,HIGH_ACTIVITY: current activity 217.55 is more than 2.0x this grid's within-day baseline of 96.57
6044,2013-11-01 11:00:00,HIGH_ACTIVITY,1742.2777,568.0925,HIGH_ACTIVITY: current activity 1742.28 is more than 2.0x this grid's within-day baseline of 568.09
6044,2013-11-01 11:00:00,ACTIVITY_SPIKE,1742.2777,832.1356,ACTIVITY_SPIKE: current activity 1742.28 is more than 2.0x the immediately preceding hour's 832.14
6044,2013-11-01 12:00:00,HIGH_ACTIVITY,1142.1425,568.0925,HIGH_ACTIVITY: current activity 1142.14 is more than 2.0x this grid's within-day baseline of 568.09
6045,2013-11-01 11:00:00,HIGH_ACTIVITY,3093.2865,881.4346,HIGH_ACTIVITY: current activity 3093.29 is more than 2.0x this grid's within-day baseline of 881.43
6045,2013-11-01 11:00:00,ACTIVITY_SPIKE,3093.2865,1318.1916,ACTIVITY_SPIKE: current activity 3093.29 is more than 2.0x the immediately preceding hour's 1318.19
6045,2013-11-01 12:00:00,HIGH_ACTIVITY,1905.6925,881.4346,HIGH_ACTIVITY: current activity 1905.69 is more than 2.0x this grid's within-day baseline of 881.43
6045,2013-11-01 18:00:00,HIGH_ACTIVITY,1769.2038,881.4346,HIGH_ACTIVITY: current activity 1769.20 is more than 2.0x this grid's within-day baseline of 881.43
6046,2013-11-01 11:00:00,HIGH_ACTIVITY,1572.302,772.4267,HIGH_ACTIVITY: current activity 1572.30 is more than 2.0x this grid's within-day baseline of 772.43
6054,2013-11-01 00:00:00,HIGH_ACTIVITY,2729.2888,1358.955,HIGH_ACTIVITY: current activity 2729.29 is more than 2.0x this grid's within-day baseline of 1358.96
6059,2013-11-01 01:00:00,HIGH_ACTIVITY,5876.6377,2203.4353,HIGH_ACTIVITY: current activity 5876.64 is more than 2.0x this grid's within-day baseline of 2203.44
6059,2013-11-01 02:00:00,HIGH_ACTIVITY,5281.8854,2203.4353,HIGH_ACTIVITY: current activity 5281.89 is more than 2.0x this grid's within-day baseline of 2203.44
6059,2013-11-01 03:00:00,HIGH_ACTIVITY,4643.342,2203.4353,HIGH_ACTIVITY: current activity 4643.34 is more than 2.0x this grid's within-day baseline of 2203.44
6064,2013-11-01 10:00:00,HIGH_ACTIVITY,9980.3932,4881.6244,HIGH_ACTIVITY: current activity 9980.39 is more than 2.0x this grid's within-day baseline of 4881.62
6082,2013-11-01 11:00:00,HIGH_ACTIVITY,473.7305,236.2776,HIGH_ACTIVITY: current activity 473.73 is more than 2.0x this grid's within-day baseline of 236.28
6083,2013-11-01 11:00:00,HIGH_ACTIVITY,494.4552,220.2332,HIGH_ACTIVITY: current activity 494.46 is more than 2.0x this grid's within-day baseline of 220.23
6098,2013-11-01 10:00:00,HIGH_ACTIVITY,493.6827,218.5054,HIGH_ACTIVITY: current activity 493.68 is more than 2.0x this grid's within-day baseline of 218.51
6099,2013-11-01 10:00:00,HIGH_ACTIVITY,496.8386,217.6329,HIGH_ACTIVITY: current activity 496.84 is more than 2.0x this grid's within-day baseline of 217.63
6100,2013-11-01 10:00:00,HIGH_ACTIVITY,496.8386,217.6329,HIGH_ACTIVITY: current activity 496.84 is more than 2.0x this grid's within-day baseline of 217.63
6138,2013-11-01 14:00:00,HIGH_ACTIVITY,222.9939,101.1677,HIGH_ACTIVITY: current activity 222.99 is more than 2.0x this grid's within-day baseline of 101.17
6139,2013-11-01 14:00:00,HIGH_ACTIVITY,226.4562,97.7904,HIGH_ACTIVITY: current activity 226.46 is more than 2.0x this grid's within-day baseline of 97.79
6140,2013-11-01 14:00:00,HIGH_ACTIVITY,226.0221,98.7544,HIGH_ACTIVITY: current activity 226.02 is more than 2.0x this grid's within-day baseline of 98.75
6143,2013-11-01 11:00:00,HIGH_ACTIVITY,961.6568,373.7387,HIGH_ACTIVITY: current activity 961.66 is more than 2.0x this grid's within-day baseline of 373.74
6144,2013-11-01 00:00:00,HIGH_ACTIVITY,1702.7228,829.1674,HIGH_ACTIVITY: current activity 1702.72 is more than 2.0x this grid's within-day baseline of 829.17
6144,2013-11-01 11:00:00,HIGH_ACTIVITY,3082.065,829.1674,HIGH_ACTIVITY: current activity 3082.06 is more than 2.0x this grid's within-day baseline of 829.17
6144,2013-11-01 11:00:00,ACTIVITY_SPIKE,3082.065,1290.6212,ACTIVITY_SPIKE: current activity 3082.06 is more than 2.0x the immediately preceding hour's 1290.62
6144,2013-11-01 12:00:00,HIGH_ACTIVITY,1891.137,829.1674,HIGH_ACTIVITY: current activity 1891.14 is more than 2.0x this grid's within-day baseline of 829.17
6144,2013-11-01 18:00:00,HIGH_ACTIVITY,1762.2173,829.1674,HIGH_ACTIVITY: current activity 1762.22 is more than 2.0x this grid's within-day baseline of 829.17
6145,2013-11-01 00:00:00,HIGH_ACTIVITY,1750.1461,847.3209,HIGH_ACTIVITY: current activity 1750.15 is more than 2.0x this grid's within-day baseline of 847.32
6145,2013-11-01 11:00:00,HIGH_ACTIVITY,3173.7207,847.3209,HIGH_ACTIVITY: current activity 3173.72 is more than 2.0x this grid's within-day baseline of 847.32
6145,2013-11-01 11:00:00,ACTIVITY_SPIKE,3173.7207,1323.3148,ACTIVITY_SPIKE: current activity 3173.72 is more than 2.0x the immediately preceding hour's 1323.31
6145,2013-11-01 12:00:00,HIGH_ACTIVITY,1943.7562,847.3209,HIGH_ACTIVITY: current activity 1943.76 is more than 2.0x this grid's within-day baseline of 847.32
6145,2013-11-01 18:00:00,HIGH_ACTIVITY,1813.6448,847.3209,HIGH_ACTIVITY: current activity 1813.64 is more than 2.0x this grid's within-day baseline of 847.32
6146,2013-11-01 11:00:00,HIGH_ACTIVITY,2081.795,950.2711,HIGH_ACTIVITY: current activity 2081.80 is more than 2.0x this grid's within-day baseline of 950.27
6165,2013-11-01 10:00:00,HIGH_ACTIVITY,7379.9786,3574.9729,HIGH_ACTIVITY: current activity 7379.98 is more than 2.0x this grid's within-day baseline of 3574.97
6165,2013-11-01 11:00:00,HIGH_ACTIVITY,7549.9263,3574.9729,HIGH_ACTIVITY: current activity 7549.93 is more than 2.0x this grid's within-day baseline of 3574.97
6165,2013-11-01 12:00:00,HIGH_ACTIVITY,7276.7551,3574.9729,HIGH_ACTIVITY: current activity 7276.76 is more than 2.0x this grid's within-day baseline of 3574.97
6179,2013-11-01 06:00:00,ACTIVITY_SPIKE,499.0779,238.8667,ACTIVITY_SPIKE: current activity 499.08 is more than 2.0x the immediately preceding hour's 238.87
6181,2013-11-01 10:00:00,HIGH_ACTIVITY,455.4986,205.062,HIGH_ACTIVITY: current activity 455.50 is more than 2.0x this grid's within-day baseline of 205.06
6181,2013-11-01 11:00:00,HIGH_ACTIVITY,515.7651,205.062,HIGH_ACTIVITY: current activity 515.77 is more than 2.0x this grid's within-day baseline of 205.06
6181,2013-11-01 12:00:00,HIGH_ACTIVITY,426.9904,205.062,HIGH_ACTIVITY: current activity 426.99 is more than 2.0x this grid's within-day baseline of 205.06
6182,2013-11-01 10:00:00,HIGH_ACTIVITY,454.9292,196.1826,HIGH_ACTIVITY: current activity 454.93 is more than 2.0x this grid's within-day baseline of 196.18
6182,2013-11-01 11:00:00,HIGH_ACTIVITY,526.0706,196.1826,HIGH_ACTIVITY: current activity 526.07 is more than 2.0x this grid's within-day baseline of 196.18
6182,2013-11-01 12:00:00,HIGH_ACTIVITY,421.4609,196.1826,HIGH_ACTIVITY: current activity 421.46 is more than 2.0x this grid's within-day baseline of 196.18
6183,2013-11-01 10:00:00,HIGH_ACTIVITY,449.4809,195.8216,HIGH_ACTIVITY: current activity 449.48 is more than 2.0x this grid's within-day baseline of 195.82
6183,2013-11-01 11:00:00,HIGH_ACTIVITY,522.6096,195.8216,HIGH_ACTIVITY: current activity 522.61 is more than 2.0x this grid's within-day baseline of 195.82
6183,2013-11-01 12:00:00,HIGH_ACTIVITY,421.1278,195.8216,HIGH_ACTIVITY: current activity 421.13 is more than 2.0x this grid's within-day baseline of 195.82
6198,2013-11-01 10:00:00,HIGH_ACTIVITY,462.6977,229.6008,HIGH_ACTIVITY: current activity 462.70 is more than 2.0x this grid's within-day baseline of 229.60
6199,2013-11-01 10:00:00,HIGH_ACTIVITY,496.8386,217.6329,HIGH_ACTIVITY: current activity 496.84 is more than 2.0x this grid's within-day baseline of 217.63
6200,2013-11-01 10:00:00,HIGH_ACTIVITY,481.2412,224.4846,HIGH_ACTIVITY: current activity 481.24 is more than 2.0x this grid's within-day baseline of 224.48
6218,2013-11-01 10:00:00,HIGH_ACTIVITY,670.5078,318.1232,HIGH_ACTIVITY: current activity 670.51 is more than 2.0x this grid's within-day baseline of 318.12
6218,2013-11-01 11:00:00,HIGH_ACTIVITY,747.3237,318.1232,HIGH_ACTIVITY: current activity 747.32 is more than 2.0x this grid's within-day baseline of 318.12
6219,2013-11-01 10:00:00,HIGH_ACTIVITY,605.8657,295.6072,HIGH_ACTIVITY: current activity 605.87 is more than 2.0x this grid's within-day baseline of 295.61
6219,2013-11-01 11:00:00,HIGH_ACTIVITY,677.8514,295.6072,HIGH_ACTIVITY: current activity 677.85 is more than 2.0x this grid's within-day baseline of 295.61
6238,2013-11-01 14:00:00,HIGH_ACTIVITY,207.6816,100.1064,HIGH_ACTIVITY: current activity 207.68 is more than 2.0x this grid's within-day baseline of 100.11
6239,2013-11-01 14:00:00,HIGH_ACTIVITY,226.4562,97.7904,HIGH_ACTIVITY: current activity 226.46 is more than 2.0x this grid's within-day baseline of 97.79
6240,2013-11-01 14:00:00,HIGH_ACTIVITY,226.4562,97.7904,HIGH_ACTIVITY: current activity 226.46 is more than 2.0x this grid's within-day baseline of 97.79
6241,2013-11-01 14:00:00,HIGH_ACTIVITY,213.0067,97.8204,HIGH_ACTIVITY: current activity 213.01 is more than 2.0x this grid's within-day baseline of 97.82
6243,2013-11-01 11:00:00,HIGH_ACTIVITY,535.5157,229.4413,HIGH_ACTIVITY: current activity 535.52 is more than 2.0x this grid's within-day baseline of 229.44
6243,2013-11-01 12:00:00,HIGH_ACTIVITY,492.7275,229.4413,HIGH_ACTIVITY: current activity 492.73 is more than 2.0x this grid's within-day baseline of 229.44
6243,2013-11-01 16:00:00,HIGH_ACTIVITY,475.7361,229.4413,HIGH_ACTIVITY: current activity 475.74 is more than 2.0x this grid's within-day baseline of 229.44
6243,2013-11-01 17:00:00,HIGH_ACTIVITY,496.9173,229.4413,HIGH_ACTIVITY: current activity 496.92 is more than 2.0x this grid's within-day baseline of 229.44
6243,2013-11-01 18:00:00,HIGH_ACTIVITY,567.3386,229.4413,HIGH_ACTIVITY: current activity 567.34 is more than 2.0x this grid's within-day baseline of 229.44
6244,2013-11-01 11:00:00,HIGH_ACTIVITY,1737.5529,584.1571,HIGH_ACTIVITY: current activity 1737.55 is more than 2.0x this grid's within-day baseline of 584.16
6244,2013-11-01 11:00:00,ACTIVITY_SPIKE,1737.5529,844.7114,ACTIVITY_SPIKE: current activity 1737.55 is more than 2.0x the immediately preceding hour's 844.71
6244,2013-11-01 12:00:00,HIGH_ACTIVITY,1181.7594,584.1571,HIGH_ACTIVITY: current activity 1181.76 is more than 2.0x this grid's within-day baseline of 584.16
6244,2013-11-01 18:00:00,HIGH_ACTIVITY,1184.3663,584.1571,HIGH_ACTIVITY: current activity 1184.37 is more than 2.0x this grid's within-day baseline of 584.16
6245,2013-11-01 11:00:00,HIGH_ACTIVITY,2771.4402,1296.6572,HIGH_ACTIVITY: current activity 2771.44 is more than 2.0x this grid's within-day baseline of 1296.66
6255,2013-11-01 01:00:00,HIGH_ACTIVITY,1164.3959,563.2202,HIGH_ACTIVITY: current activity 1164.40 is more than 2.0x this grid's within-day baseline of 563.22
6265,2013-11-01 12:00:00,HIGH_ACTIVITY,5089.8393,2492.1452,HIGH_ACTIVITY: current activity 5089.84 is more than 2.0x this grid's within-day baseline of 2492.15
6280,2013-11-01 10:00:00,HIGH_ACTIVITY,481.4409,210.7264,HIGH_ACTIVITY: current activity 481.44 is more than 2.0x this grid's within-day baseline of 210.73
6280,2013-11-01 11:00:00,HIGH_ACTIVITY,550.65,210.7264,HIGH_ACTIVITY: current activity 550.65 is more than 2.0x this grid's within-day baseline of 210.73
6280,2013-11-01 12:00:00,HIGH_ACTIVITY,445.3875,210.7264,HIGH_ACTIVITY: current activity 445.39 is more than 2.0x this grid's within-day baseline of 210.73
6281,2013-11-01 10:00:00,HIGH_ACTIVITY,454.5418,196.0743,HIGH_ACTIVITY: current activity 454.54 is more than 2.0x this grid's within-day baseline of 196.07
6281,2013-11-01 11:00:00,HIGH_ACTIVITY,526.5917,196.0743,HIGH_ACTIVITY: current activity 526.59 is more than 2.0x this grid's within-day baseline of 196.07
6281,2013-11-01 12:00:00,HIGH_ACTIVITY,421.5338,196.0743,HIGH_ACTIVITY: current activity 421.53 is more than 2.0x this grid's within-day baseline of 196.07
6282,2013-11-01 10:00:00,HIGH_ACTIVITY,448.1621,192.8235,HIGH_ACTIVITY: current activity 448.16 is more than 2.0x this grid's within-day baseline of 192.82
6282,2013-11-01 11:00:00,HIGH_ACTIVITY,518.8552,192.8235,HIGH_ACTIVITY: current activity 518.86 is more than 2.0x this grid's within-day baseline of 192.82
6282,2013-11-01 12:00:00,HIGH_ACTIVITY,415.9414,192.8235,HIGH_ACTIVITY: current activity 415.94 is more than 2.0x this grid's within-day baseline of 192.82
6283,2013-11-01 10:00:00,HIGH_ACTIVITY,455.4561,196.5142,HIGH_ACTIVITY: current activity 455.46 is more than 2.0x this grid's within-day baseline of 196.51
6283,2013-11-01 11:00:00,HIGH_ACTIVITY,529.6749,196.5142,HIGH_ACTIVITY: current activity 529.67 is more than 2.0x this grid's within-day baseline of 196.51
6283,2013-11-01 12:00:00,HIGH_ACTIVITY,431.4283,196.5142,HIGH_ACTIVITY: current activity 431.43 is more than 2.0x this grid's within-day baseline of 196.51
6299,2013-11-01 10:00:00,HIGH_ACTIVITY,327.7783,160.8218,HIGH_ACTIVITY: current activity 327.78 is more than 2.0x this grid's within-day baseline of 160.82
6317,2013-11-01 10:00:00,HIGH_ACTIVITY,640.4822,302.4198,HIGH_ACTIVITY: current activity 640.48 is more than 2.0x this grid's within-day baseline of 302.42
6317,2013-11-01 11:00:00,HIGH_ACTIVITY,709.1499,302.4198,HIGH_ACTIVITY: current activity 709.15 is more than 2.0x this grid's within-day baseline of 302.42
6318,2013-11-01 10:00:00,HIGH_ACTIVITY,690.2551,322.4439,HIGH_ACTIVITY: current activity 690.26 is more than 2.0x this grid's within-day baseline of 322.44
6318,2013-11-01 11:00:00,HIGH_ACTIVITY,768.5946,322.4439,HIGH_ACTIVITY: current activity 768.59 is more than 2.0x this grid's within-day baseline of 322.44
6319,2013-11-01 10:00:00,HIGH_ACTIVITY,587.1571,275.1367,HIGH_ACTIVITY: current activity 587.16 is more than 2.0x this grid's within-day baseline of 275.14
6319,2013-11-01 11:00:00,HIGH_ACTIVITY,652.7153,275.1367,HIGH_ACTIVITY: current activity 652.72 is more than 2.0x this grid's within-day baseline of 275.14
6343,2013-11-01 18:00:00,HIGH_ACTIVITY,429.4436,212.9087,HIGH_ACTIVITY: current activity 429.44 is more than 2.0x this grid's within-day baseline of 212.91
6345,2013-11-01 11:00:00,HIGH_ACTIVITY,5549.4476,2751.3643,HIGH_ACTIVITY: current activity 5549.45 is more than 2.0x this grid's within-day baseline of 2751.36
6345,2013-11-01 16:00:00,HIGH_ACTIVITY,6490.8211,2751.3643,HIGH_ACTIVITY: current activity 6490.82 is more than 2.0x this grid's within-day baseline of 2751.36
6345,2013-11-01 17:00:00,HIGH_ACTIVITY,7205.5886,2751.3643,HIGH_ACTIVITY: current activity 7205.59 is more than 2.0x this grid's within-day baseline of 2751.36
6345,2013-11-01 18:00:00,HIGH_ACTIVITY,6537.4257,2751.3643,HIGH_ACTIVITY: current activity 6537.43 is more than 2.0x this grid's within-day baseline of 2751.36
6370,2013-11-01 14:00:00,HIGH_ACTIVITY,4424.764,2112.7251,HIGH_ACTIVITY: current activity 4424.76 is more than 2.0x this grid's within-day baseline of 2112.73
6380,2013-11-01 11:00:00,HIGH_ACTIVITY,583.8997,272.2049,HIGH_ACTIVITY: current activity 583.90 is more than 2.0x this grid's within-day baseline of 272.20
6381,2013-11-01 10:00:00,HIGH_ACTIVITY,496.1481,215.5697,HIGH_ACTIVITY: current activity 496.15 is more than 2.0x this grid's within-day baseline of 215.57
6381,2013-11-01 11:00:00,HIGH_ACTIVITY,565.5901,215.5697,HIGH_ACTIVITY: current activity 565.59 is more than 2.0x this grid's within-day baseline of 215.57
6381,2013-11-01 12:00:00,HIGH_ACTIVITY,454.9102,215.5697,HIGH_ACTIVITY: current activity 454.91 is more than 2.0x this grid's within-day baseline of 215.57
6382,2013-11-01 10:00:00,HIGH_ACTIVITY,452.9702,196.3944,HIGH_ACTIVITY: current activity 452.97 is more than 2.0x this grid's within-day baseline of 196.39
6382,2013-11-01 11:00:00,HIGH_ACTIVITY,525.0995,196.3944,HIGH_ACTIVITY: current activity 525.10 is more than 2.0x this grid's within-day baseline of 196.39
6382,2013-11-01 12:00:00,HIGH_ACTIVITY,421.7472,196.3944,HIGH_ACTIVITY: current activity 421.75 is more than 2.0x this grid's within-day baseline of 196.39
6383,2013-11-01 10:00:00,HIGH_ACTIVITY,502.6964,229.7614,HIGH_ACTIVITY: current activity 502.70 is more than 2.0x this grid's within-day baseline of 229.76
6383,2013-11-01 11:00:00,HIGH_ACTIVITY,573.1236,229.7614,HIGH_ACTIVITY: current activity 573.12 is more than 2.0x this grid's within-day baseline of 229.76
6383,2013-11-01 12:00:00,HIGH_ACTIVITY,495.4098,229.7614,HIGH_ACTIVITY: current activity 495.41 is more than 2.0x this grid's within-day baseline of 229.76
6390,2013-11-01 18:00:00,ACTIVITY_SPIKE,200.1227,96.5423,ACTIVITY_SPIKE: current activity 200.12 is more than 2.0x the immediately preceding hour's 96.54
6391,2013-11-01 18:00:00,ACTIVITY_SPIKE,202.5047,97.2439,ACTIVITY_SPIKE: current activity 202.50 is more than 2.0x the immediately preceding hour's 97.24
6417,2013-11-01 11:00:00,HIGH_ACTIVITY,468.4037,224.1714,HIGH_ACTIVITY: current activity 468.40 is more than 2.0x this grid's within-day baseline of 224.17
6418,2013-11-01 10:00:00,HIGH_ACTIVITY,589.4549,279.7324,HIGH_ACTIVITY: current activity 589.45 is more than 2.0x this grid's within-day baseline of 279.73
6418,2013-11-01 11:00:00,HIGH_ACTIVITY,669.9302,279.7324,HIGH_ACTIVITY: current activity 669.93 is more than 2.0x this grid's within-day baseline of 279.73
6419,2013-11-01 10:00:00,HIGH_ACTIVITY,350.1115,172.5658,HIGH_ACTIVITY: current activity 350.11 is more than 2.0x this grid's within-day baseline of 172.57
6419,2013-11-01 11:00:00,HIGH_ACTIVITY,424.0462,172.5658,HIGH_ACTIVITY: current activity 424.05 is more than 2.0x this grid's within-day baseline of 172.57
6419,2013-11-01 12:00:00,HIGH_ACTIVITY,351.508,172.5658,HIGH_ACTIVITY: current activity 351.51 is more than 2.0x this grid's within-day baseline of 172.57
6480,2013-11-01 10:00:00,HIGH_ACTIVITY,555.6043,265.1025,HIGH_ACTIVITY: current activity 555.60 is more than 2.0x this grid's within-day baseline of 265.10
6480,2013-11-01 11:00:00,HIGH_ACTIVITY,575.1269,265.1025,HIGH_ACTIVITY: current activity 575.13 is more than 2.0x this grid's within-day baseline of 265.10
6481,2013-11-01 10:00:00,HIGH_ACTIVITY,541.2232,217.6825,HIGH_ACTIVITY: current activity 541.22 is more than 2.0x this grid's within-day baseline of 217.68
6481,2013-11-01 11:00:00,HIGH_ACTIVITY,591.9276,217.6825,HIGH_ACTIVITY: current activity 591.93 is more than 2.0x this grid's within-day baseline of 217.68
6481,2013-11-01 12:00:00,HIGH_ACTIVITY,446.2829,217.6825,HIGH_ACTIVITY: current activity 446.28 is more than 2.0x this grid's within-day baseline of 217.68
6482,2013-11-01 10:00:00,HIGH_ACTIVITY,437.2199,183.2276,HIGH_ACTIVITY: current activity 437.22 is more than 2.0x this grid's within-day baseline of 183.23
6482,2013-11-01 11:00:00,HIGH_ACTIVITY,529.9104,183.2276,HIGH_ACTIVITY: current activity 529.91 is more than 2.0x this grid's within-day baseline of 183.23
6482,2013-11-01 12:00:00,HIGH_ACTIVITY,399.1185,183.2276,HIGH_ACTIVITY: current activity 399.12 is more than 2.0x this grid's within-day baseline of 183.23
6482,2013-11-01 16:00:00,HIGH_ACTIVITY,379.1709,183.2276,HIGH_ACTIVITY: current activity 379.17 is more than 2.0x this grid's within-day baseline of 183.23
6489,2013-11-01 01:00:00,HIGH_ACTIVITY,285.0834,140.7309,HIGH_ACTIVITY: current activity 285.08 is more than 2.0x this grid's within-day baseline of 140.73
6489,2013-11-01 03:00:00,HIGH_ACTIVITY,283.21,140.7309,HIGH_ACTIVITY: current activity 283.21 is more than 2.0x this grid's within-day baseline of 140.73
6490,2013-11-01 18:00:00,ACTIVITY_SPIKE,201.996,97.7423,ACTIVITY_SPIKE: current activity 202.00 is more than 2.0x the immediately preceding hour's 97.74
6491,2013-11-01 18:00:00,ACTIVITY_SPIKE,202.4695,97.233,ACTIVITY_SPIKE: current activity 202.47 is more than 2.0x the immediately preceding hour's 97.23
6518,2013-11-01 11:00:00,HIGH_ACTIVITY,243.2091,92.3806,HIGH_ACTIVITY: current activity 243.21 is more than 2.0x this grid's within-day baseline of 92.38
6518,2013-11-01 12:00:00,HIGH_ACTIVITY,208.8104,92.3806,HIGH_ACTIVITY: current activity 208.81 is more than 2.0x this grid's within-day baseline of 92.38
6519,2013-11-01 11:00:00,HIGH_ACTIVITY,240.1854,89.6351,HIGH_ACTIVITY: current activity 240.19 is more than 2.0x this grid's within-day baseline of 89.64
6519,2013-11-01 12:00:00,HIGH_ACTIVITY,206.6962,89.6351,HIGH_ACTIVITY: current activity 206.70 is more than 2.0x this grid's within-day baseline of 89.64
6520,2013-11-01 11:00:00,HIGH_ACTIVITY,240.1854,89.6351,HIGH_ACTIVITY: current activity 240.19 is more than 2.0x this grid's within-day baseline of 89.64
6520,2013-11-01 12:00:00,HIGH_ACTIVITY,206.6962,89.6351,HIGH_ACTIVITY: current activity 206.70 is more than 2.0x this grid's within-day baseline of 89.64
6537,2013-11-01 11:00:00,HIGH_ACTIVITY,342.6352,137.8873,HIGH_ACTIVITY: current activity 342.64 is more than 2.0x this grid's within-day baseline of 137.89
6537,2013-11-01 12:00:00,HIGH_ACTIVITY,296.3145,137.8873,HIGH_ACTIVITY: current activity 296.31 is more than 2.0x this grid's within-day baseline of 137.89
6538,2013-11-01 11:00:00,HIGH_ACTIVITY,262.3403,128.2964,HIGH_ACTIVITY: current activity 262.34 is more than 2.0x this grid's within-day baseline of 128.30
6539,2013-11-01 11:00:00,HIGH_ACTIVITY,343.0722,138.5694,HIGH_ACTIVITY: current activity 343.07 is more than 2.0x this grid's within-day baseline of 138.57
6539,2013-11-01 12:00:00,HIGH_ACTIVITY,296.5282,138.5694,HIGH_ACTIVITY: current activity 296.53 is more than 2.0x this grid's within-day baseline of 138.57
6540,2013-11-01 11:00:00,HIGH_ACTIVITY,363.9052,150.2697,HIGH_ACTIVITY: current activity 363.91 is more than 2.0x this grid's within-day baseline of 150.27
6540,2013-11-01 12:00:00,HIGH_ACTIVITY,315.661,150.2697,HIGH_ACTIVITY: current activity 315.66 is more than 2.0x this grid's within-day baseline of 150.27
6557,2013-11-01 00:00:00,HIGH_ACTIVITY,8264.7057,2397.7782,HIGH_ACTIVITY: current activity 8264.71 is more than 2.0x this grid's within-day baseline of 2397.78
6557,2013-11-01 01:00:00,HIGH_ACTIVITY,9356.3294,2397.7782,HIGH_ACTIVITY: current activity 9356.33 is more than 2.0x this grid's within-day baseline of 2397.78
6557,2013-11-01 02:00:00,HIGH_ACTIVITY,8034.823,2397.7782,HIGH_ACTIVITY: current activity 8034.82 is more than 2.0x this grid's within-day baseline of 2397.78
6557,2013-11-01 03:00:00,HIGH_ACTIVITY,6213.7363,2397.7782,HIGH_ACTIVITY: current activity 6213.74 is more than 2.0x this grid's within-day baseline of 2397.78
6558,2013-11-01 00:00:00,HIGH_ACTIVITY,6969.2447,2792.4631,HIGH_ACTIVITY: current activity 6969.24 is more than 2.0x this grid's within-day baseline of 2792.46
6558,2013-11-01 01:00:00,HIGH_ACTIVITY,7614.6714,2792.4631,HIGH_ACTIVITY: current activity 7614.67 is more than 2.0x this grid's within-day baseline of 2792.46
6558,2013-11-01 02:00:00,HIGH_ACTIVITY,6717.4919,2792.4631,HIGH_ACTIVITY: current activity 6717.49 is more than 2.0x this grid's within-day baseline of 2792.46
6580,2013-11-01 10:00:00,HIGH_ACTIVITY,552.5145,257.5826,HIGH_ACTIVITY: current activity 552.51 is more than 2.0x this grid's within-day baseline of 257.58
6580,2013-11-01 11:00:00,HIGH_ACTIVITY,571.9224,257.5826,HIGH_ACTIVITY: current activity 571.92 is more than 2.0x this grid's within-day baseline of 257.58
6581,2013-11-01 10:00:00,HIGH_ACTIVITY,496.4797,166.0482,HIGH_ACTIVITY: current activity 496.48 is more than 2.0x this grid's within-day baseline of 166.05
6581,2013-11-01 11:00:00,HIGH_ACTIVITY,533.3267,166.0482,HIGH_ACTIVITY: current activity 533.33 is more than 2.0x this grid's within-day baseline of 166.05
6582,2013-11-01 10:00:00,HIGH_ACTIVITY,464.941,198.5805,HIGH_ACTIVITY: current activity 464.94 is more than 2.0x this grid's within-day baseline of 198.58
6582,2013-11-01 11:00:00,HIGH_ACTIVITY,508.984,198.5805,HIGH_ACTIVITY: current activity 508.98 is more than 2.0x this grid's within-day baseline of 198.58
6588,2013-11-01 00:00:00,HIGH_ACTIVITY,476.2998,224.1847,HIGH_ACTIVITY: current activity 476.30 is more than 2.0x this grid's within-day baseline of 224.18
6588,2013-11-01 01:00:00,HIGH_ACTIVITY,545.3059,224.1847,HIGH_ACTIVITY: current activity 545.31 is more than 2.0x this grid's within-day baseline of 224.18
6588,2013-11-01 02:00:00,HIGH_ACTIVITY,497.2971,224.1847,HIGH_ACTIVITY: current activity 497.30 is more than 2.0x this grid's within-day baseline of 224.18
6588,2013-11-01 03:00:00,HIGH_ACTIVITY,647.1514,224.1847,HIGH_ACTIVITY: current activity 647.15 is more than 2.0x this grid's within-day baseline of 224.18
6589,2013-11-01 00:00:00,HIGH_ACTIVITY,423.3196,204.5345,HIGH_ACTIVITY: current activity 423.32 is more than 2.0x this grid's within-day baseline of 204.53
6589,2013-11-01 01:00:00,HIGH_ACTIVITY,481.888,204.5345,HIGH_ACTIVITY: current activity 481.89 is more than 2.0x this grid's within-day baseline of 204.53
6589,2013-11-01 02:00:00,HIGH_ACTIVITY,437.0998,204.5345,HIGH_ACTIVITY: current activity 437.10 is more than 2.0x this grid's within-day baseline of 204.53
6589,2013-11-01 03:00:00,HIGH_ACTIVITY,535.6131,204.5345,HIGH_ACTIVITY: current activity 535.61 is more than 2.0x this grid's within-day baseline of 204.53
6590,2013-11-01 18:00:00,HIGH_ACTIVITY,196.8546,77.8235,HIGH_ACTIVITY: current activity 196.85 is more than 2.0x this grid's within-day baseline of 77.82
6591,2013-11-01 18:00:00,HIGH_ACTIVITY,234.5077,93.9166,HIGH_ACTIVITY: current activity 234.51 is more than 2.0x this grid's within-day baseline of 93.92
6618,2013-11-01 11:00:00,HIGH_ACTIVITY,240.1854,89.6351,HIGH_ACTIVITY: current activity 240.19 is more than 2.0x this grid's within-day baseline of 89.64
6618,2013-11-01 12:00:00,HIGH_ACTIVITY,206.6962,89.6351,HIGH_ACTIVITY: current activity 206.70 is more than 2.0x this grid's within-day baseline of 89.64
6619,2013-11-01 11:00:00,HIGH_ACTIVITY,240.1854,89.6351,HIGH_ACTIVITY: current activity 240.19 is more than 2.0x this grid's within-day baseline of 89.64
6619,2013-11-01 12:00:00,HIGH_ACTIVITY,206.6962,89.6351,HIGH_ACTIVITY: current activity 206.70 is more than 2.0x this grid's within-day baseline of 89.64
6620,2013-11-01 11:00:00,HIGH_ACTIVITY,240.1854,89.6351,HIGH_ACTIVITY: current activity 240.19 is more than 2.0x this grid's within-day baseline of 89.64
6620,2013-11-01 12:00:00,HIGH_ACTIVITY,206.6962,89.6351,HIGH_ACTIVITY: current activity 206.70 is more than 2.0x this grid's within-day baseline of 89.64
6634,2013-11-01 01:00:00,ACTIVITY_DROP,49.5286,257.2616,ACTIVITY_DROP: current activity 49.53 is below 0.25x this grid's within-day baseline of 257.26
6634,2013-11-01 02:00:00,ACTIVITY_DROP,47.6521,257.2616,ACTIVITY_DROP: current activity 47.65 is below 0.25x this grid's within-day baseline of 257.26
6634,2013-11-01 03:00:00,ACTIVITY_DROP,49.1651,257.2616,ACTIVITY_DROP: current activity 49.17 is below 0.25x this grid's within-day baseline of 257.26
6634,2013-11-01 04:00:00,ACTIVITY_DROP,42.5825,257.2616,ACTIVITY_DROP: current activity 42.58 is below 0.25x this grid's within-day baseline of 257.26
6634,2013-11-01 05:00:00,ACTIVITY_DROP,42.9645,257.2616,ACTIVITY_DROP: current activity 42.96 is below 0.25x this grid's within-day baseline of 257.26
6634,2013-11-01 06:00:00,ACTIVITY_DROP,50.4151,257.2616,ACTIVITY_DROP: current activity 50.42 is below 0.25x this grid's within-day baseline of 257.26
6634,2013-11-01 08:00:00,ACTIVITY_SPIKE,192.7744,81.3613,ACTIVITY_SPIKE: current activity 192.77 is more than 2.0x the immediately preceding hour's 81.36
6634,2013-11-01 09:00:00,HIGH_ACTIVITY,528.839,192.7744,HIGH_ACTIVITY: current activity 528.84 is more than 2.0x this grid's within-day baseline of 192.77
6634,2013-11-01 09:00:00,ACTIVITY_SPIKE,528.839,192.7744,ACTIVITY_SPIKE: current activity 528.84 is more than 2.0x the immediately preceding hour's 192.77
6634,2013-11-01 10:00:00,HIGH_ACTIVITY,777.3454,192.7744,HIGH_ACTIVITY: current activity 777.35 is more than 2.0x this grid's within-day baseline of 192.77
6634,2013-11-01 11:00:00,HIGH_ACTIVITY,889.7289,192.7744,HIGH_ACTIVITY: current activity 889.73 is more than 2.0x this grid's within-day baseline of 192.77
6634,2013-11-01 12:00:00,HIGH_ACTIVITY,903.9319,192.7744,HIGH_ACTIVITY: current activity 903.93 is more than 2.0x this grid's within-day baseline of 192.77
6634,2013-11-01 13:00:00,HIGH_ACTIVITY,719.3878,192.7744,HIGH_ACTIVITY: current activity 719.39 is more than 2.0x this grid's within-day baseline of 192.77
6634,2013-11-01 14:00:00,HIGH_ACTIVITY,626.8925,192.7744,HIGH_ACTIVITY: current activity 626.89 is more than 2.0x this grid's within-day baseline of 192.77
6634,2013-11-01 15:00:00,HIGH_ACTIVITY,530.6621,192.7744,HIGH_ACTIVITY: current activity 530.66 is more than 2.0x this grid's within-day baseline of 192.77
6634,2013-11-01 16:00:00,HIGH_ACTIVITY,665.7002,192.7744,HIGH_ACTIVITY: current activity 665.70 is more than 2.0x this grid's within-day baseline of 192.77
6634,2013-11-01 17:00:00,HIGH_ACTIVITY,759.537,192.7744,HIGH_ACTIVITY: current activity 759.54 is more than 2.0x this grid's within-day baseline of 192.77
6634,2013-11-01 18:00:00,HIGH_ACTIVITY,817.3526,192.7744,HIGH_ACTIVITY: current activity 817.35 is more than 2.0x this grid's within-day baseline of 192.77
6634,2013-11-01 19:00:00,HIGH_ACTIVITY,473.4534,192.7744,HIGH_ACTIVITY: current activity 473.45 is more than 2.0x this grid's within-day baseline of 192.77
6635,2013-11-01 04:00:00,ACTIVITY_DROP,53.308,225.0089,ACTIVITY_DROP: current activity 53.31 is below 0.25x this grid's within-day baseline of 225.01
6635,2013-11-01 05:00:00,ACTIVITY_DROP,53.7825,225.0089,ACTIVITY_DROP: current activity 53.78 is below 0.25x this grid's within-day baseline of 225.01
6635,2013-11-01 08:00:00,ACTIVITY_SPIKE,171.4298,85.0755,ACTIVITY_SPIKE: current activity 171.43 is more than 2.0x the immediately preceding hour's 85.08
6635,2013-11-01 09:00:00,HIGH_ACTIVITY,393.0521,173.5174,HIGH_ACTIVITY: current activity 393.05 is more than 2.0x this grid's within-day baseline of 173.52
6635,2013-11-01 09:00:00,ACTIVITY_SPIKE,393.0521,171.4298,ACTIVITY_SPIKE: current activity 393.05 is more than 2.0x the immediately preceding hour's 171.43
6635,2013-11-01 10:00:00,HIGH_ACTIVITY,560.0869,173.5174,HIGH_ACTIVITY: current activity 560.09 is more than 2.0x this grid's within-day baseline of 173.52
6635,2013-11-01 11:00:00,HIGH_ACTIVITY,629.8291,173.5174,HIGH_ACTIVITY: current activity 629.83 is more than 2.0x this grid's within-day baseline of 173.52
6635,2013-11-01 12:00:00,HIGH_ACTIVITY,622.8786,173.5174,HIGH_ACTIVITY: current activity 622.88 is more than 2.0x this grid's within-day baseline of 173.52
6635,2013-11-01 13:00:00,HIGH_ACTIVITY,510.3394,173.5174,HIGH_ACTIVITY: current activity 510.34 is more than 2.0x this grid's within-day baseline of 173.52
6635,2013-11-01 14:00:00,HIGH_ACTIVITY,452.4755,173.5174,HIGH_ACTIVITY: current activity 452.48 is more than 2.0x this grid's within-day baseline of 173.52
6635,2013-11-01 15:00:00,HIGH_ACTIVITY,409.1873,173.5174,HIGH_ACTIVITY: current activity 409.19 is more than 2.0x this grid's within-day baseline of 173.52
6635,2013-11-01 16:00:00,HIGH_ACTIVITY,478.4569,173.5174,HIGH_ACTIVITY: current activity 478.46 is more than 2.0x this grid's within-day baseline of 173.52
6635,2013-11-01 17:00:00,HIGH_ACTIVITY,546.6962,173.5174,HIGH_ACTIVITY: current activity 546.70 is more than 2.0x this grid's within-day baseline of 173.52
6635,2013-11-01 18:00:00,HIGH_ACTIVITY,571.5904,173.5174,HIGH_ACTIVITY: current activity 571.59 is more than 2.0x this grid's within-day baseline of 173.52
6635,2013-11-01 19:00:00,HIGH_ACTIVITY,362.1869,173.5174,HIGH_ACTIVITY: current activity 362.19 is more than 2.0x this grid's within-day baseline of 173.52
6637,2013-11-01 11:00:00,HIGH_ACTIVITY,401.9687,144.1266,HIGH_ACTIVITY: current activity 401.97 is more than 2.0x this grid's within-day baseline of 144.13
6637,2013-11-01 12:00:00,HIGH_ACTIVITY,340.068,144.1266,HIGH_ACTIVITY: current activity 340.07 is more than 2.0x this grid's within-day baseline of 144.13
6638,2013-11-01 11:00:00,HIGH_ACTIVITY,476.5091,156.393,HIGH_ACTIVITY: current activity 476.51 is more than 2.0x this grid's within-day baseline of 156.39
6638,2013-11-01 12:00:00,HIGH_ACTIVITY,392.5683,156.393,HIGH_ACTIVITY: current activity 392.57 is more than 2.0x this grid's within-day baseline of 156.39
6639,2013-11-01 11:00:00,HIGH_ACTIVITY,483.8033,157.0257,HIGH_ACTIVITY: current activity 483.80 is more than 2.0x this grid's within-day baseline of 157.03
6639,2013-11-01 12:00:00,HIGH_ACTIVITY,402.8648,157.0257,HIGH_ACTIVITY: current activity 402.86 is more than 2.0x this grid's within-day baseline of 157.03
6640,2013-11-01 11:00:00,HIGH_ACTIVITY,434.7161,159.8971,HIGH_ACTIVITY: current activity 434.72 is more than 2.0x this grid's within-day baseline of 159.90
6640,2013-11-01 12:00:00,HIGH_ACTIVITY,367.6786,159.8971,HIGH_ACTIVITY: current activity 367.68 is more than 2.0x this grid's within-day baseline of 159.90
6645,2013-11-01 10:00:00,HIGH_ACTIVITY,2542.3513,1171.7049,HIGH_ACTIVITY: current activity 2542.35 is more than 2.0x this grid's within-day baseline of 1171.70
6645,2013-11-01 11:00:00,HIGH_ACTIVITY,2392.7536,1171.7049,HIGH_ACTIVITY: current activity 2392.75 is more than 2.0x this grid's within-day baseline of 1171.70
6646,2013-11-01 10:00:00,HIGH_ACTIVITY,3154.0762,1417.7651,HIGH_ACTIVITY: current activity 3154.08 is more than 2.0x this grid's within-day baseline of 1417.77
6646,2013-11-01 11:00:00,HIGH_ACTIVITY,2946.3133,1417.7651,HIGH_ACTIVITY: current activity 2946.31 is more than 2.0x this grid's within-day baseline of 1417.77
6649,2013-11-01 21:00:00,HIGH_ACTIVITY,891.6412,423.7552,HIGH_ACTIVITY: current activity 891.64 is more than 2.0x this grid's within-day baseline of 423.76
6650,2013-11-01 21:00:00,HIGH_ACTIVITY,1771.3108,535.1883,HIGH_ACTIVITY: current activity 1771.31 is more than 2.0x this grid's within-day baseline of 535.19
6650,2013-11-01 21:00:00,ACTIVITY_SPIKE,1771.3108,621.5944,ACTIVITY_SPIKE: current activity 1771.31 is more than 2.0x the immediately preceding hour's 621.59
6680,2013-11-01 11:00:00,HIGH_ACTIVITY,603.9217,290.69,HIGH_ACTIVITY: current activity 603.92 is more than 2.0x this grid's within-day baseline of 290.69
6681,2013-11-01 10:00:00,HIGH_ACTIVITY,448.1659,136.6618,HIGH_ACTIVITY: current activity 448.17 is more than 2.0x this grid's within-day baseline of 136.66
6681,2013-11-01 11:00:00,HIGH_ACTIVITY,497.8271,136.6618,HIGH_ACTIVITY: current activity 497.83 is more than 2.0x this grid's within-day baseline of 136.66
6681,2013-11-01 12:00:00,HIGH_ACTIVITY,280.1993,136.6618,HIGH_ACTIVITY: current activity 280.20 is more than 2.0x this grid's within-day baseline of 136.66
6682,2013-11-01 10:00:00,HIGH_ACTIVITY,444.3477,135.927,HIGH_ACTIVITY: current activity 444.35 is more than 2.0x this grid's within-day baseline of 135.93
6682,2013-11-01 11:00:00,HIGH_ACTIVITY,495.7947,135.927,HIGH_ACTIVITY: current activity 495.79 is more than 2.0x this grid's within-day baseline of 135.93
6682,2013-11-01 12:00:00,HIGH_ACTIVITY,278.4485,135.927,HIGH_ACTIVITY: current activity 278.45 is more than 2.0x this grid's within-day baseline of 135.93
6688,2013-11-01 00:00:00,HIGH_ACTIVITY,476.3635,224.0959,HIGH_ACTIVITY: current activity 476.36 is more than 2.0x this grid's within-day baseline of 224.10
6688,2013-11-01 01:00:00,HIGH_ACTIVITY,545.4025,224.0959,HIGH_ACTIVITY: current activity 545.40 is more than 2.0x this grid's within-day baseline of 224.10
6688,2013-11-01 02:00:00,HIGH_ACTIVITY,497.3977,224.0959,HIGH_ACTIVITY: current activity 497.40 is more than 2.0x this grid's within-day baseline of 224.10
6688,2013-11-01 03:00:00,HIGH_ACTIVITY,647.3489,224.0959,HIGH_ACTIVITY: current activity 647.35 is more than 2.0x this grid's within-day baseline of 224.10
6689,2013-11-01 00:00:00,HIGH_ACTIVITY,476.3987,224.0708,HIGH_ACTIVITY: current activity 476.40 is more than 2.0x this grid's within-day baseline of 224.07
6689,2013-11-01 01:00:00,HIGH_ACTIVITY,545.4637,224.0708,HIGH_ACTIVITY: current activity 545.46 is more than 2.0x this grid's within-day baseline of 224.07
6689,2013-11-01 02:00:00,HIGH_ACTIVITY,497.4585,224.0708,HIGH_ACTIVITY: current activity 497.46 is more than 2.0x this grid's within-day baseline of 224.07
6689,2013-11-01 03:00:00,HIGH_ACTIVITY,647.47,224.0708,HIGH_ACTIVITY: current activity 647.47 is more than 2.0x this grid's within-day baseline of 224.07
6719,2013-11-01 11:00:00,HIGH_ACTIVITY,231.265,86.7319,HIGH_ACTIVITY: current activity 231.26 is more than 2.0x this grid's within-day baseline of 86.73
6719,2013-11-01 12:00:00,HIGH_ACTIVITY,198.882,86.7319,HIGH_ACTIVITY: current activity 198.88 is more than 2.0x this grid's within-day baseline of 86.73
6720,2013-11-01 11:00:00,HIGH_ACTIVITY,229.3868,86.2198,HIGH_ACTIVITY: current activity 229.39 is more than 2.0x this grid's within-day baseline of 86.22
6720,2013-11-01 12:00:00,HIGH_ACTIVITY,197.4868,86.2198,HIGH_ACTIVITY: current activity 197.49 is more than 2.0x this grid's within-day baseline of 86.22
6732,2013-11-01 10:00:00,HIGH_ACTIVITY,331.0452,163.2815,HIGH_ACTIVITY: current activity 331.05 is more than 2.0x this grid's within-day baseline of 163.28
6732,2013-11-01 11:00:00,HIGH_ACTIVITY,375.7423,163.2815,HIGH_ACTIVITY: current activity 375.74 is more than 2.0x this grid's within-day baseline of 163.28
6733,2013-11-01 11:00:00,HIGH_ACTIVITY,379.9368,175.6682,HIGH_ACTIVITY: current activity 379.94 is more than 2.0x this grid's within-day baseline of 175.67
6734,2013-11-01 11:00:00,HIGH_ACTIVITY,361.8872,180.6851,HIGH_ACTIVITY: current activity 361.89 is more than 2.0x this grid's within-day baseline of 180.69
6737,2013-11-01 11:00:00,HIGH_ACTIVITY,391.6454,164.6753,HIGH_ACTIVITY: current activity 391.65 is more than 2.0x this grid's within-day baseline of 164.68
6738,2013-11-01 11:00:00,HIGH_ACTIVITY,476.3576,155.5013,HIGH_ACTIVITY: current activity 476.36 is more than 2.0x this grid's within-day baseline of 155.50
6738,2013-11-01 12:00:00,HIGH_ACTIVITY,393.7949,155.5013,HIGH_ACTIVITY: current activity 393.79 is more than 2.0x this grid's within-day baseline of 155.50
6739,2013-11-01 11:00:00,HIGH_ACTIVITY,448.8437,154.5282,HIGH_ACTIVITY: current activity 448.84 is more than 2.0x this grid's within-day baseline of 154.53
6739,2013-11-01 12:00:00,HIGH_ACTIVITY,378.412,154.5282,HIGH_ACTIVITY: current activity 378.41 is more than 2.0x this grid's within-day baseline of 154.53
6740,2013-11-01 11:00:00,HIGH_ACTIVITY,318.8556,155.2427,HIGH_ACTIVITY: current activity 318.86 is more than 2.0x this grid's within-day baseline of 155.24
6750,2013-11-01 21:00:00,HIGH_ACTIVITY,1136.2441,494.5601,HIGH_ACTIVITY: current activity 1136.24 is more than 2.0x this grid's within-day baseline of 494.56
6750,2013-11-01 21:00:00,ACTIVITY_SPIKE,1136.2441,541.9711,ACTIVITY_SPIKE: current activity 1136.24 is more than 2.0x the immediately preceding hour's 541.97
6773,2013-11-01 19:00:00,HIGH_ACTIVITY,3262.9428,1421.2384,HIGH_ACTIVITY: current activity 3262.94 is more than 2.0x this grid's within-day baseline of 1421.24
6781,2013-11-01 10:00:00,HIGH_ACTIVITY,519.8285,197.0389,HIGH_ACTIVITY: current activity 519.83 is more than 2.0x this grid's within-day baseline of 197.04
6781,2013-11-01 11:00:00,HIGH_ACTIVITY,570.3182,197.0389,HIGH_ACTIVITY: current activity 570.32 is more than 2.0x this grid's within-day baseline of 197.04
6782,2013-11-01 10:00:00,HIGH_ACTIVITY,455.3087,136.3702,HIGH_ACTIVITY: current activity 455.31 is more than 2.0x this grid's within-day baseline of 136.37
6782,2013-11-01 11:00:00,HIGH_ACTIVITY,513.4284,136.3702,HIGH_ACTIVITY: current activity 513.43 is more than 2.0x this grid's within-day baseline of 136.37
6782,2013-11-01 12:00:00,HIGH_ACTIVITY,282.9255,136.3702,HIGH_ACTIVITY: current activity 282.93 is more than 2.0x this grid's within-day baseline of 136.37
6788,2013-11-01 01:00:00,HIGH_ACTIVITY,465.8155,221.9244,HIGH_ACTIVITY: current activity 465.82 is more than 2.0x this grid's within-day baseline of 221.92
6788,2013-11-01 03:00:00,HIGH_ACTIVITY,538.0209,221.9244,HIGH_ACTIVITY: current activity 538.02 is more than 2.0x this grid's within-day baseline of 221.92
6789,2013-11-01 00:00:00,HIGH_ACTIVITY,452.1474,225.88,HIGH_ACTIVITY: current activity 452.15 is more than 2.0x this grid's within-day baseline of 225.88
6789,2013-11-01 01:00:00,HIGH_ACTIVITY,510.376,225.88,HIGH_ACTIVITY: current activity 510.38 is more than 2.0x this grid's within-day baseline of 225.88
6789,2013-11-01 02:00:00,HIGH_ACTIVITY,463.2157,225.88,HIGH_ACTIVITY: current activity 463.22 is more than 2.0x this grid's within-day baseline of 225.88
6789,2013-11-01 03:00:00,HIGH_ACTIVITY,581.96,225.88,HIGH_ACTIVITY: current activity 581.96 is more than 2.0x this grid's within-day baseline of 225.88
6797,2013-11-01 01:00:00,ACTIVITY_SPIKE,209.691,86.8839,ACTIVITY_SPIKE: current activity 209.69 is more than 2.0x the immediately preceding hour's 86.88
6797,2013-11-01 02:00:00,HIGH_ACTIVITY,248.713,108.9928,HIGH_ACTIVITY: current activity 248.71 is more than 2.0x this grid's within-day baseline of 108.99
6798,2013-11-01 01:00:00,ACTIVITY_SPIKE,209.691,86.8839,ACTIVITY_SPIKE: current activity 209.69 is more than 2.0x the immediately preceding hour's 86.88
6798,2013-11-01 02:00:00,HIGH_ACTIVITY,248.713,108.9928,HIGH_ACTIVITY: current activity 248.71 is more than 2.0x this grid's within-day baseline of 108.99
6799,2013-11-01 01:00:00,ACTIVITY_SPIKE,209.691,86.8839,ACTIVITY_SPIKE: current activity 209.69 is more than 2.0x the immediately preceding hour's 86.88
6799,2013-11-01 02:00:00,HIGH_ACTIVITY,248.713,108.9928,HIGH_ACTIVITY: current activity 248.71 is more than 2.0x this grid's within-day baseline of 108.99
6825,2013-11-01 16:00:00,HIGH_ACTIVITY,186.2121,86.0915,HIGH_ACTIVITY: current activity 186.21 is more than 2.0x this grid's within-day baseline of 86.09
6826,2013-11-01 12:00:00,HIGH_ACTIVITY,302.7338,126.2984,HIGH_ACTIVITY: current activity 302.73 is more than 2.0x this grid's within-day baseline of 126.30
6827,2013-11-01 12:00:00,HIGH_ACTIVITY,305.6213,133.5885,HIGH_ACTIVITY: current activity 305.62 is more than 2.0x this grid's within-day baseline of 133.59
6832,2013-11-01 10:00:00,HIGH_ACTIVITY,352.0216,171.3422,HIGH_ACTIVITY: current activity 352.02 is more than 2.0x this grid's within-day baseline of 171.34
6832,2013-11-01 11:00:00,HIGH_ACTIVITY,400.9408,171.3422,HIGH_ACTIVITY: current activity 400.94 is more than 2.0x this grid's within-day baseline of 171.34
6833,2013-11-01 10:00:00,HIGH_ACTIVITY,361.6985,177.1519,HIGH_ACTIVITY: current activity 361.70 is more than 2.0x this grid's within-day baseline of 177.15
6833,2013-11-01 11:00:00,HIGH_ACTIVITY,415.5536,177.1519,HIGH_ACTIVITY: current activity 415.55 is more than 2.0x this grid's within-day baseline of 177.15
6834,2013-11-01 10:00:00,HIGH_ACTIVITY,359.4103,175.7324,HIGH_ACTIVITY: current activity 359.41 is more than 2.0x this grid's within-day baseline of 175.73
6834,2013-11-01 11:00:00,HIGH_ACTIVITY,415.0319,175.7324,HIGH_ACTIVITY: current activity 415.03 is more than 2.0x this grid's within-day baseline of 175.73
6838,2013-11-01 11:00:00,HIGH_ACTIVITY,362.2676,180.5125,HIGH_ACTIVITY: current activity 362.27 is more than 2.0x this grid's within-day baseline of 180.51
6881,2013-11-01 10:00:00,HIGH_ACTIVITY,612.1257,303.9848,HIGH_ACTIVITY: current activity 612.13 is more than 2.0x this grid's within-day baseline of 303.98
6881,2013-11-01 11:00:00,HIGH_ACTIVITY,664.3586,303.9848,HIGH_ACTIVITY: current activity 664.36 is more than 2.0x this grid's within-day baseline of 303.98
6882,2013-11-01 10:00:00,HIGH_ACTIVITY,543.2499,229.6767,HIGH_ACTIVITY: current activity 543.25 is more than 2.0x this grid's within-day baseline of 229.68
6882,2013-11-01 11:00:00,HIGH_ACTIVITY,619.8733,229.6767,HIGH_ACTIVITY: current activity 619.87 is more than 2.0x this grid's within-day baseline of 229.68
6883,2013-11-01 10:00:00,HIGH_ACTIVITY,608.5654,294.0322,HIGH_ACTIVITY: current activity 608.57 is more than 2.0x this grid's within-day baseline of 294.03
6883,2013-11-01 11:00:00,HIGH_ACTIVITY,693.8282,294.0322,HIGH_ACTIVITY: current activity 693.83 is more than 2.0x this grid's within-day baseline of 294.03
6897,2013-11-01 01:00:00,ACTIVITY_SPIKE,205.9237,91.03,ACTIVITY_SPIKE: current activity 205.92 is more than 2.0x the immediately preceding hour's 91.03
6897,2013-11-01 02:00:00,HIGH_ACTIVITY,240.3615,117.8374,HIGH_ACTIVITY: current activity 240.36 is more than 2.0x this grid's within-day baseline of 117.84
6898,2013-11-01 01:00:00,ACTIVITY_SPIKE,209.691,86.8839,ACTIVITY_SPIKE: current activity 209.69 is more than 2.0x the immediately preceding hour's 86.88
6898,2013-11-01 02:00:00,HIGH_ACTIVITY,248.713,108.9928,HIGH_ACTIVITY: current activity 248.71 is more than 2.0x this grid's within-day baseline of 108.99
6899,2013-11-01 01:00:00,ACTIVITY_SPIKE,209.691,86.8839,ACTIVITY_SPIKE: current activity 209.69 is more than 2.0x the immediately preceding hour's 86.88
6899,2013-11-01 02:00:00,HIGH_ACTIVITY,248.713,108.9928,HIGH_ACTIVITY: current activity 248.71 is more than 2.0x this grid's within-day baseline of 108.99
6911,2013-11-01 08:00:00,ACTIVITY_SPIKE,177.0353,85.2512,ACTIVITY_SPIKE: current activity 177.04 is more than 2.0x the immediately preceding hour's 85.25
6924,2013-11-01 01:00:00,HIGH_ACTIVITY,179.5102,82.9134,HIGH_ACTIVITY: current activity 179.51 is more than 2.0x this grid's within-day baseline of 82.91
6924,2013-11-01 16:00:00,HIGH_ACTIVITY,218.5636,82.9134,HIGH_ACTIVITY: current activity 218.56 is more than 2.0x this grid's within-day baseline of 82.91
6924,2013-11-01 16:00:00,ACTIVITY_SPIKE,218.5636,82.5922,ACTIVITY_SPIKE: current activity 218.56 is more than 2.0x the immediately preceding hour's 82.59
6925,2013-11-01 16:00:00,ACTIVITY_SPIKE,236.4236,118.0199,ACTIVITY_SPIKE: current activity 236.42 is more than 2.0x the immediately preceding hour's 118.02
6928,2013-11-01 12:00:00,HIGH_ACTIVITY,286.9391,137.2732,HIGH_ACTIVITY: current activity 286.94 is more than 2.0x this grid's within-day baseline of 137.27
6928,2013-11-01 17:00:00,HIGH_ACTIVITY,275.9663,137.2732,HIGH_ACTIVITY: current activity 275.97 is more than 2.0x this grid's within-day baseline of 137.27
6932,2013-11-01 10:00:00,HIGH_ACTIVITY,338.361,166.605,HIGH_ACTIVITY: current activity 338.36 is more than 2.0x this grid's within-day baseline of 166.61
6932,2013-11-01 11:00:00,HIGH_ACTIVITY,390.0357,166.605,HIGH_ACTIVITY: current activity 390.04 is more than 2.0x this grid's within-day baseline of 166.61
6932,2013-11-01 12:00:00,HIGH_ACTIVITY,333.6992,166.605,HIGH_ACTIVITY: current activity 333.70 is more than 2.0x this grid's within-day baseline of 166.61
6933,2013-11-01 10:00:00,HIGH_ACTIVITY,354.9889,173.2842,HIGH_ACTIVITY: current activity 354.99 is more than 2.0x this grid's within-day baseline of 173.28
6933,2013-11-01 11:00:00,HIGH_ACTIVITY,410.9466,173.2842,HIGH_ACTIVITY: current activity 410.95 is more than 2.0x this grid's within-day baseline of 173.28
6933,2013-11-01 12:00:00,HIGH_ACTIVITY,347.3227,173.2842,HIGH_ACTIVITY: current activity 347.32 is more than 2.0x this grid's within-day baseline of 173.28
6934,2013-11-01 10:00:00,HIGH_ACTIVITY,360.4691,176.3633,HIGH_ACTIVITY: current activity 360.47 is more than 2.0x this grid's within-day baseline of 176.36
6934,2013-11-01 11:00:00,HIGH_ACTIVITY,416.2235,176.3633,HIGH_ACTIVITY: current activity 416.22 is more than 2.0x this grid's within-day baseline of 176.36
6935,2013-11-01 11:00:00,HIGH_ACTIVITY,441.8978,219.9532,HIGH_ACTIVITY: current activity 441.90 is more than 2.0x this grid's within-day baseline of 219.95
6952,2013-11-01 08:00:00,ACTIVITY_SPIKE,988.9274,486.6347,ACTIVITY_SPIKE: current activity 988.93 is more than 2.0x the immediately preceding hour's 486.63
6954,2013-11-01 07:00:00,ACTIVITY_SPIKE,1221.2632,604.6181,ACTIVITY_SPIKE: current activity 1221.26 is more than 2.0x the immediately preceding hour's 604.62
6982,2013-11-01 10:00:00,HIGH_ACTIVITY,609.4863,293.4899,HIGH_ACTIVITY: current activity 609.49 is more than 2.0x this grid's within-day baseline of 293.49
6982,2013-11-01 11:00:00,HIGH_ACTIVITY,699.5629,293.4899,HIGH_ACTIVITY: current activity 699.56 is more than 2.0x this grid's within-day baseline of 293.49
6983,2013-11-01 10:00:00,HIGH_ACTIVITY,609.4863,293.4899,HIGH_ACTIVITY: current activity 609.49 is more than 2.0x this grid's within-day baseline of 293.49
6983,2013-11-01 11:00:00,HIGH_ACTIVITY,699.5629,293.4899,HIGH_ACTIVITY: current activity 699.56 is more than 2.0x this grid's within-day baseline of 293.49
6984,2013-11-01 11:00:00,HIGH_ACTIVITY,476.3354,224.2108,HIGH_ACTIVITY: current activity 476.34 is more than 2.0x this grid's within-day baseline of 224.21
6999,2013-11-01 01:00:00,ACTIVITY_SPIKE,172.2805,85.541,ACTIVITY_SPIKE: current activity 172.28 is more than 2.0x the immediately preceding hour's 85.54
7009,2013-11-01 10:00:00,HIGH_ACTIVITY,188.8889,88.6949,HIGH_ACTIVITY: current activity 188.89 is more than 2.0x this grid's within-day baseline of 88.69
7009,2013-11-01 11:00:00,HIGH_ACTIVITY,184.429,88.6949,HIGH_ACTIVITY: current activity 184.43 is more than 2.0x this grid's within-day baseline of 88.69
7009,2013-11-01 12:00:00,HIGH_ACTIVITY,185.6988,88.6949,HIGH_ACTIVITY: current activity 185.70 is more than 2.0x this grid's within-day baseline of 88.69
7010,2013-11-01 08:00:00,HIGH_ACTIVITY,164.8792,82.0228,HIGH_ACTIVITY: current activity 164.88 is more than 2.0x this grid's within-day baseline of 82.02
7010,2013-11-01 10:00:00,HIGH_ACTIVITY,175.2936,82.0228,HIGH_ACTIVITY: current activity 175.29 is more than 2.0x this grid's within-day baseline of 82.02
7010,2013-11-01 11:00:00,HIGH_ACTIVITY,170.6409,82.0228,HIGH_ACTIVITY: current activity 170.64 is more than 2.0x this grid's within-day baseline of 82.02
7010,2013-11-01 12:00:00,HIGH_ACTIVITY,172.8694,82.0228,HIGH_ACTIVITY: current activity 172.87 is more than 2.0x this grid's within-day baseline of 82.02
7011,2013-11-01 08:00:00,HIGH_ACTIVITY,169.0501,83.6661,HIGH_ACTIVITY: current activity 169.05 is more than 2.0x this grid's within-day baseline of 83.67
7011,2013-11-01 10:00:00,HIGH_ACTIVITY,179.6883,83.6661,HIGH_ACTIVITY: current activity 179.69 is more than 2.0x this grid's within-day baseline of 83.67
7011,2013-11-01 11:00:00,HIGH_ACTIVITY,175.5315,83.6661,HIGH_ACTIVITY: current activity 175.53 is more than 2.0x this grid's within-day baseline of 83.67
7011,2013-11-01 12:00:00,HIGH_ACTIVITY,177.2817,83.6661,HIGH_ACTIVITY: current activity 177.28 is more than 2.0x this grid's within-day baseline of 83.67
7014,2013-11-01 11:00:00,HIGH_ACTIVITY,176.2244,75.9697,HIGH_ACTIVITY: current activity 176.22 is more than 2.0x this grid's within-day baseline of 75.97
7015,2013-11-01 11:00:00,HIGH_ACTIVITY,172.5194,81.2035,HIGH_ACTIVITY: current activity 172.52 is more than 2.0x this grid's within-day baseline of 81.20
7028,2013-11-01 16:00:00,HIGH_ACTIVITY,369.6374,162.8416,HIGH_ACTIVITY: current activity 369.64 is more than 2.0x this grid's within-day baseline of 162.84
7028,2013-11-01 17:00:00,HIGH_ACTIVITY,369.4501,162.8416,HIGH_ACTIVITY: current activity 369.45 is more than 2.0x this grid's within-day baseline of 162.84
7028,2013-11-01 18:00:00,HIGH_ACTIVITY,338.7134,162.8416,HIGH_ACTIVITY: current activity 338.71 is more than 2.0x this grid's within-day baseline of 162.84
7029,2013-11-01 16:00:00,HIGH_ACTIVITY,371.7827,164.7733,HIGH_ACTIVITY: current activity 371.78 is more than 2.0x this grid's within-day baseline of 164.77
7029,2013-11-01 17:00:00,HIGH_ACTIVITY,371.4609,164.7733,HIGH_ACTIVITY: current activity 371.46 is more than 2.0x this grid's within-day baseline of 164.77
7029,2013-11-01 18:00:00,HIGH_ACTIVITY,341.799,164.7733,HIGH_ACTIVITY: current activity 341.80 is more than 2.0x this grid's within-day baseline of 164.77
7030,2013-11-01 16:00:00,HIGH_ACTIVITY,313.5965,150.7079,HIGH_ACTIVITY: current activity 313.60 is more than 2.0x this grid's within-day baseline of 150.71
7030,2013-11-01 17:00:00,HIGH_ACTIVITY,313.1409,150.7079,HIGH_ACTIVITY: current activity 313.14 is more than 2.0x this grid's within-day baseline of 150.71
7033,2013-11-01 11:00:00,HIGH_ACTIVITY,527.6696,234.2247,HIGH_ACTIVITY: current activity 527.67 is more than 2.0x this grid's within-day baseline of 234.22
7034,2013-11-01 11:00:00,HIGH_ACTIVITY,529.06,230.0145,HIGH_ACTIVITY: current activity 529.06 is more than 2.0x this grid's within-day baseline of 230.01
7035,2013-11-01 11:00:00,HIGH_ACTIVITY,517.5143,255.2532,HIGH_ACTIVITY: current activity 517.51 is more than 2.0x this grid's within-day baseline of 255.25
7055,2013-11-01 20:00:00,HIGH_ACTIVITY,1963.8708,938.7234,HIGH_ACTIVITY: current activity 1963.87 is more than 2.0x this grid's within-day baseline of 938.72
7082,2013-11-01 10:00:00,HIGH_ACTIVITY,651.9191,311.0529,HIGH_ACTIVITY: current activity 651.92 is more than 2.0x this grid's within-day baseline of 311.05
7082,2013-11-01 11:00:00,HIGH_ACTIVITY,708.1677,311.0529,HIGH_ACTIVITY: current activity 708.17 is more than 2.0x this grid's within-day baseline of 311.05
7083,2013-11-01 10:00:00,HIGH_ACTIVITY,609.4863,293.4899,HIGH_ACTIVITY: current activity 609.49 is more than 2.0x this grid's within-day baseline of 293.49
7083,2013-11-01 11:00:00,HIGH_ACTIVITY,699.5629,293.4899,HIGH_ACTIVITY: current activity 699.56 is more than 2.0x this grid's within-day baseline of 293.49
7108,2013-11-01 10:00:00,HIGH_ACTIVITY,208.7286,103.8843,HIGH_ACTIVITY: current activity 208.73 is more than 2.0x this grid's within-day baseline of 103.88
7109,2013-11-01 08:00:00,HIGH_ACTIVITY,173.6665,85.1226,HIGH_ACTIVITY: current activity 173.67 is more than 2.0x this grid's within-day baseline of 85.12
7109,2013-11-01 10:00:00,HIGH_ACTIVITY,184.0823,85.1226,HIGH_ACTIVITY: current activity 184.08 is more than 2.0x this grid's within-day baseline of 85.12
7109,2013-11-01 11:00:00,HIGH_ACTIVITY,179.2977,85.1226,HIGH_ACTIVITY: current activity 179.30 is more than 2.0x this grid's within-day baseline of 85.12
7109,2013-11-01 12:00:00,HIGH_ACTIVITY,181.4859,85.1226,HIGH_ACTIVITY: current activity 181.49 is more than 2.0x this grid's within-day baseline of 85.12
7110,2013-11-01 08:00:00,HIGH_ACTIVITY,173.6665,85.1226,HIGH_ACTIVITY: current activity 173.67 is more than 2.0x this grid's within-day baseline of 85.12
7110,2013-11-01 10:00:00,HIGH_ACTIVITY,184.0823,85.1226,HIGH_ACTIVITY: current activity 184.08 is more than 2.0x this grid's within-day baseline of 85.12
7110,2013-11-01 11:00:00,HIGH_ACTIVITY,179.2977,85.1226,HIGH_ACTIVITY: current activity 179.30 is more than 2.0x this grid's within-day baseline of 85.12
7110,2013-11-01 12:00:00,HIGH_ACTIVITY,181.4859,85.1226,HIGH_ACTIVITY: current activity 181.49 is more than 2.0x this grid's within-day baseline of 85.12
7114,2013-11-01 11:00:00,HIGH_ACTIVITY,176.3618,76.1785,HIGH_ACTIVITY: current activity 176.36 is more than 2.0x this grid's within-day baseline of 76.18
7115,2013-11-01 11:00:00,HIGH_ACTIVITY,197.3509,86.9163,HIGH_ACTIVITY: current activity 197.35 is more than 2.0x this grid's within-day baseline of 86.92
7128,2013-11-01 16:00:00,HIGH_ACTIVITY,369.6374,162.8416,HIGH_ACTIVITY: current activity 369.64 is more than 2.0x this grid's within-day baseline of 162.84
7128,2013-11-01 17:00:00,HIGH_ACTIVITY,369.4501,162.8416,HIGH_ACTIVITY: current activity 369.45 is more than 2.0x this grid's within-day baseline of 162.84
7128,2013-11-01 18:00:00,HIGH_ACTIVITY,338.7134,162.8416,HIGH_ACTIVITY: current activity 338.71 is more than 2.0x this grid's within-day baseline of 162.84
7129,2013-11-01 16:00:00,HIGH_ACTIVITY,369.9517,163.0666,HIGH_ACTIVITY: current activity 369.95 is more than 2.0x this grid's within-day baseline of 163.07
7129,2013-11-01 17:00:00,HIGH_ACTIVITY,369.5371,163.0666,HIGH_ACTIVITY: current activity 369.54 is more than 2.0x this grid's within-day baseline of 163.07
7129,2013-11-01 18:00:00,HIGH_ACTIVITY,338.7761,163.0666,HIGH_ACTIVITY: current activity 338.78 is more than 2.0x this grid's within-day baseline of 163.07
7130,2013-11-01 16:00:00,HIGH_ACTIVITY,369.3419,164.6532,HIGH_ACTIVITY: current activity 369.34 is more than 2.0x this grid's within-day baseline of 164.65
7130,2013-11-01 17:00:00,HIGH_ACTIVITY,365.5633,164.6532,HIGH_ACTIVITY: current activity 365.56 is more than 2.0x this grid's within-day baseline of 164.65
7130,2013-11-01 18:00:00,HIGH_ACTIVITY,339.5958,164.6532,HIGH_ACTIVITY: current activity 339.60 is more than 2.0x this grid's within-day baseline of 164.65
7131,2013-11-01 16:00:00,HIGH_ACTIVITY,378.6715,181.031,HIGH_ACTIVITY: current activity 378.67 is more than 2.0x this grid's within-day baseline of 181.03
7131,2013-11-01 17:00:00,HIGH_ACTIVITY,374.1886,181.031,HIGH_ACTIVITY: current activity 374.19 is more than 2.0x this grid's within-day baseline of 181.03
7133,2013-11-01 11:00:00,HIGH_ACTIVITY,506.1427,243.9282,HIGH_ACTIVITY: current activity 506.14 is more than 2.0x this grid's within-day baseline of 243.93
7134,2013-11-01 11:00:00,HIGH_ACTIVITY,472.269,230.2806,HIGH_ACTIVITY: current activity 472.27 is more than 2.0x this grid's within-day baseline of 230.28
7135,2013-11-01 11:00:00,HIGH_ACTIVITY,442.3003,211.2895,HIGH_ACTIVITY: current activity 442.30 is more than 2.0x this grid's within-day baseline of 211.29
7144,2013-11-01 11:00:00,HIGH_ACTIVITY,1211.7997,575.1115,HIGH_ACTIVITY: current activity 1211.80 is more than 2.0x this grid's within-day baseline of 575.11
7149,2013-11-01 17:00:00,HIGH_ACTIVITY,173.4777,86.3435,HIGH_ACTIVITY: current activity 173.48 is more than 2.0x this grid's within-day baseline of 86.34
7149,2013-11-01 17:00:00,ACTIVITY_SPIKE,173.4777,86.3435,ACTIVITY_SPIKE: current activity 173.48 is more than 2.0x the immediately preceding hour's 86.34
7149,2013-11-01 18:00:00,HIGH_ACTIVITY,476.1686,86.3435,HIGH_ACTIVITY: current activity 476.17 is more than 2.0x this grid's within-day baseline of 86.34
7149,2013-11-01 18:00:00,ACTIVITY_SPIKE,476.1686,173.4777,ACTIVITY_SPIKE: current activity 476.17 is more than 2.0x the immediately preceding hour's 173.48
7150,2013-11-01 17:00:00,HIGH_ACTIVITY,275.5709,132.8866,HIGH_ACTIVITY: current activity 275.57 is more than 2.0x this grid's within-day baseline of 132.89
7150,2013-11-01 17:00:00,ACTIVITY_SPIKE,275.5709,132.8866,ACTIVITY_SPIKE: current activity 275.57 is more than 2.0x the immediately preceding hour's 132.89
7150,2013-11-01 18:00:00,HIGH_ACTIVITY,660.323,132.8866,HIGH_ACTIVITY: current activity 660.32 is more than 2.0x this grid's within-day baseline of 132.89
7150,2013-11-01 18:00:00,ACTIVITY_SPIKE,660.323,275.5709,ACTIVITY_SPIKE: current activity 660.32 is more than 2.0x the immediately preceding hour's 275.57
7153,2013-11-01 14:00:00,HIGH_ACTIVITY,347.4801,159.8916,HIGH_ACTIVITY: current activity 347.48 is more than 2.0x this grid's within-day baseline of 159.89
7208,2013-11-01 10:00:00,HIGH_ACTIVITY,190.5905,90.077,HIGH_ACTIVITY: current activity 190.59 is more than 2.0x this grid's within-day baseline of 90.08
7208,2013-11-01 11:00:00,HIGH_ACTIVITY,186.5998,90.077,HIGH_ACTIVITY: current activity 186.60 is more than 2.0x this grid's within-day baseline of 90.08
7208,2013-11-01 12:00:00,HIGH_ACTIVITY,187.7401,90.077,HIGH_ACTIVITY: current activity 187.74 is more than 2.0x this grid's within-day baseline of 90.08
7209,2013-11-01 08:00:00,HIGH_ACTIVITY,173.4069,85.3352,HIGH_ACTIVITY: current activity 173.41 is more than 2.0x this grid's within-day baseline of 85.34
7209,2013-11-01 10:00:00,HIGH_ACTIVITY,183.9911,85.3352,HIGH_ACTIVITY: current activity 183.99 is more than 2.0x this grid's within-day baseline of 85.34
7209,2013-11-01 11:00:00,HIGH_ACTIVITY,179.484,85.3352,HIGH_ACTIVITY: current activity 179.48 is more than 2.0x this grid's within-day baseline of 85.34
7209,2013-11-01 12:00:00,HIGH_ACTIVITY,181.4716,85.3352,HIGH_ACTIVITY: current activity 181.47 is more than 2.0x this grid's within-day baseline of 85.34
7214,2013-11-01 11:00:00,HIGH_ACTIVITY,177.1312,76.5681,HIGH_ACTIVITY: current activity 177.13 is more than 2.0x this grid's within-day baseline of 76.57
7215,2013-11-01 11:00:00,HIGH_ACTIVITY,197.9726,87.1245,HIGH_ACTIVITY: current activity 197.97 is more than 2.0x this grid's within-day baseline of 87.12
7216,2013-11-01 11:00:00,HIGH_ACTIVITY,195.5093,87.8126,HIGH_ACTIVITY: current activity 195.51 is more than 2.0x this grid's within-day baseline of 87.81
7219,2013-11-01 11:00:00,HIGH_ACTIVITY,200.6065,98.0048,HIGH_ACTIVITY: current activity 200.61 is more than 2.0x this grid's within-day baseline of 98.00
7220,2013-11-01 11:00:00,HIGH_ACTIVITY,296.2133,97.5382,HIGH_ACTIVITY: current activity 296.21 is more than 2.0x this grid's within-day baseline of 97.54
7220,2013-11-01 12:00:00,HIGH_ACTIVITY,228.5345,97.5382,HIGH_ACTIVITY: current activity 228.53 is more than 2.0x this grid's within-day baseline of 97.54
7221,2013-11-01 11:00:00,HIGH_ACTIVITY,340.3156,92.3885,HIGH_ACTIVITY: current activity 340.32 is more than 2.0x this grid's within-day baseline of 92.39
7221,2013-11-01 12:00:00,HIGH_ACTIVITY,241.5693,92.3885,HIGH_ACTIVITY: current activity 241.57 is more than 2.0x this grid's within-day baseline of 92.39
7222,2013-11-01 11:00:00,HIGH_ACTIVITY,347.6904,138.0696,HIGH_ACTIVITY: current activity 347.69 is more than 2.0x this grid's within-day baseline of 138.07
7233,2013-11-01 11:00:00,HIGH_ACTIVITY,421.9091,210.6028,HIGH_ACTIVITY: current activity 421.91 is more than 2.0x this grid's within-day baseline of 210.60
7234,2013-11-01 11:00:00,HIGH_ACTIVITY,422.997,207.561,HIGH_ACTIVITY: current activity 423.00 is more than 2.0x this grid's within-day baseline of 207.56
7235,2013-11-01 11:00:00,HIGH_ACTIVITY,423.7683,205.7762,HIGH_ACTIVITY: current activity 423.77 is more than 2.0x this grid's within-day baseline of 205.78
7246,2013-11-01 19:00:00,HIGH_ACTIVITY,619.2396,308.4305,HIGH_ACTIVITY: current activity 619.24 is more than 2.0x this grid's within-day baseline of 308.43
7246,2013-11-01 20:00:00,HIGH_ACTIVITY,626.9124,308.4305,HIGH_ACTIVITY: current activity 626.91 is more than 2.0x this grid's within-day baseline of 308.43
7249,2013-11-01 18:00:00,HIGH_ACTIVITY,439.2128,165.1137,HIGH_ACTIVITY: current activity 439.21 is more than 2.0x this grid's within-day baseline of 165.11
7250,2013-11-01 01:00:00,HIGH_ACTIVITY,414.9145,150.9118,HIGH_ACTIVITY: current activity 414.91 is more than 2.0x this grid's within-day baseline of 150.91
7250,2013-11-01 01:00:00,ACTIVITY_SPIKE,414.9145,132.7461,ACTIVITY_SPIKE: current activity 414.91 is more than 2.0x the immediately preceding hour's 132.75
7250,2013-11-01 12:00:00,HIGH_ACTIVITY,427.771,150.9118,HIGH_ACTIVITY: current activity 427.77 is more than 2.0x this grid's within-day baseline of 150.91
7259,2013-11-01 13:00:00,HIGH_ACTIVITY,1171.8331,581.7546,HIGH_ACTIVITY: current activity 1171.83 is more than 2.0x this grid's within-day baseline of 581.75
7276,2013-11-01 19:00:00,HIGH_ACTIVITY,960.7175,430.9028,HIGH_ACTIVITY: current activity 960.72 is more than 2.0x this grid's within-day baseline of 430.90
7308,2013-11-01 08:00:00,ACTIVITY_SPIKE,182.894,81.1743,ACTIVITY_SPIKE: current activity 182.89 is more than 2.0x the immediately preceding hour's 81.17
7314,2013-11-01 11:00:00,HIGH_ACTIVITY,187.9204,82.0326,HIGH_ACTIVITY: current activity 187.92 is more than 2.0x this grid's within-day baseline of 82.03
7315,2013-11-01 11:00:00,HIGH_ACTIVITY,197.9726,87.1245,HIGH_ACTIVITY: current activity 197.97 is more than 2.0x this grid's within-day baseline of 87.12
7316,2013-11-01 11:00:00,HIGH_ACTIVITY,229.4932,105.1523,HIGH_ACTIVITY: current activity 229.49 is more than 2.0x this grid's within-day baseline of 105.15
7319,2013-11-01 05:00:00,ACTIVITY_SPIKE,186.25,85.3407,ACTIVITY_SPIKE: current activity 186.25 is more than 2.0x the immediately preceding hour's 85.34
7320,2013-11-01 11:00:00,HIGH_ACTIVITY,403.8535,152.7464,HIGH_ACTIVITY: current activity 403.85 is more than 2.0x this grid's within-day baseline of 152.75
7320,2013-11-01 12:00:00,HIGH_ACTIVITY,326.879,152.7464,HIGH_ACTIVITY: current activity 326.88 is more than 2.0x this grid's within-day baseline of 152.75
7321,2013-11-01 11:00:00,HIGH_ACTIVITY,525.1264,127.7089,HIGH_ACTIVITY: current activity 525.13 is more than 2.0x this grid's within-day baseline of 127.71
7321,2013-11-01 11:00:00,ACTIVITY_SPIKE,525.1264,248.4655,ACTIVITY_SPIKE: current activity 525.13 is more than 2.0x the immediately preceding hour's 248.47
7321,2013-11-01 12:00:00,HIGH_ACTIVITY,348.6735,127.7089,HIGH_ACTIVITY: current activity 348.67 is more than 2.0x this grid's within-day baseline of 127.71
7321,2013-11-01 18:00:00,HIGH_ACTIVITY,291.7791,127.7089,HIGH_ACTIVITY: current activity 291.78 is more than 2.0x this grid's within-day baseline of 127.71
7322,2013-11-01 11:00:00,HIGH_ACTIVITY,525.1264,127.7089,HIGH_ACTIVITY: current activity 525.13 is more than 2.0x this grid's within-day baseline of 127.71
7322,2013-11-01 11:00:00,ACTIVITY_SPIKE,525.1264,248.4655,ACTIVITY_SPIKE: current activity 525.13 is more than 2.0x the immediately preceding hour's 248.47
7322,2013-11-01 12:00:00,HIGH_ACTIVITY,348.6735,127.7089,HIGH_ACTIVITY: current activity 348.67 is more than 2.0x this grid's within-day baseline of 127.71
7322,2013-11-01 18:00:00,HIGH_ACTIVITY,291.7791,127.7089,HIGH_ACTIVITY: current activity 291.78 is more than 2.0x this grid's within-day baseline of 127.71
7323,2013-11-01 11:00:00,HIGH_ACTIVITY,671.3308,297.7066,HIGH_ACTIVITY: current activity 671.33 is more than 2.0x this grid's within-day baseline of 297.71
7327,2013-11-01 11:00:00,HIGH_ACTIVITY,1046.155,517.1957,HIGH_ACTIVITY: current activity 1046.15 is more than 2.0x this grid's within-day baseline of 517.20
7332,2013-11-01 11:00:00,HIGH_ACTIVITY,348.5434,144.9775,HIGH_ACTIVITY: current activity 348.54 is more than 2.0x this grid's within-day baseline of 144.98
7332,2013-11-01 12:00:00,HIGH_ACTIVITY,299.3915,144.9775,HIGH_ACTIVITY: current activity 299.39 is more than 2.0x this grid's within-day baseline of 144.98
7333,2013-11-01 11:00:00,HIGH_ACTIVITY,395.7848,194.2226,HIGH_ACTIVITY: current activity 395.78 is more than 2.0x this grid's within-day baseline of 194.22
7334,2013-11-01 11:00:00,HIGH_ACTIVITY,410.0635,199.1655,HIGH_ACTIVITY: current activity 410.06 is more than 2.0x this grid's within-day baseline of 199.17
7335,2013-11-01 11:00:00,HIGH_ACTIVITY,432.7688,210.5047,HIGH_ACTIVITY: current activity 432.77 is more than 2.0x this grid's within-day baseline of 210.50
7359,2013-11-01 07:00:00,ACTIVITY_SPIKE,812.8887,361.3965,ACTIVITY_SPIKE: current activity 812.89 is more than 2.0x the immediately preceding hour's 361.40
7360,2013-11-01 07:00:00,ACTIVITY_SPIKE,795.403,377.979,ACTIVITY_SPIKE: current activity 795.40 is more than 2.0x the immediately preceding hour's 377.98
7373,2013-11-01 16:00:00,HIGH_ACTIVITY,1518.1917,737.3284,HIGH_ACTIVITY: current activity 1518.19 is more than 2.0x this grid's within-day baseline of 737.33
7373,2013-11-01 16:00:00,ACTIVITY_SPIKE,1518.1917,744.1378,ACTIVITY_SPIKE: current activity 1518.19 is more than 2.0x the immediately preceding hour's 744.14
7374,2013-11-01 16:00:00,HIGH_ACTIVITY,1378.1561,584.9453,HIGH_ACTIVITY: current activity 1378.16 is more than 2.0x this grid's within-day baseline of 584.95
7374,2013-11-01 16:00:00,ACTIVITY_SPIKE,1378.1561,598.2103,ACTIVITY_SPIKE: current activity 1378.16 is more than 2.0x the immediately preceding hour's 598.21
7416,2013-11-01 12:00:00,HIGH_ACTIVITY,529.0662,261.3858,HIGH_ACTIVITY: current activity 529.07 is more than 2.0x this grid's within-day baseline of 261.39
7417,2013-11-01 12:00:00,HIGH_ACTIVITY,629.6162,312.703,HIGH_ACTIVITY: current activity 629.62 is more than 2.0x this grid's within-day baseline of 312.70
7419,2013-11-01 05:00:00,ACTIVITY_SPIKE,185.6316,84.0773,ACTIVITY_SPIKE: current activity 185.63 is more than 2.0x the immediately preceding hour's 84.08
7420,2013-11-01 05:00:00,ACTIVITY_SPIKE,165.0386,75.2022,ACTIVITY_SPIKE: current activity 165.04 is more than 2.0x the immediately preceding hour's 75.20
7421,2013-11-01 11:00:00,HIGH_ACTIVITY,432.8099,141.7545,HIGH_ACTIVITY: current activity 432.81 is more than 2.0x this grid's within-day baseline of 141.75
7421,2013-11-01 12:00:00,HIGH_ACTIVITY,305.4136,141.7545,HIGH_ACTIVITY: current activity 305.41 is more than 2.0x this grid's within-day baseline of 141.75
7422,2013-11-01 11:00:00,HIGH_ACTIVITY,518.4923,128.3539,HIGH_ACTIVITY: current activity 518.49 is more than 2.0x this grid's within-day baseline of 128.35
7422,2013-11-01 11:00:00,ACTIVITY_SPIKE,518.4923,247.2012,ACTIVITY_SPIKE: current activity 518.49 is more than 2.0x the immediately preceding hour's 247.20
7422,2013-11-01 12:00:00,HIGH_ACTIVITY,345.1452,128.3539,HIGH_ACTIVITY: current activity 345.15 is more than 2.0x this grid's within-day baseline of 128.35
7422,2013-11-01 18:00:00,HIGH_ACTIVITY,288.0149,128.3539,HIGH_ACTIVITY: current activity 288.01 is more than 2.0x this grid's within-day baseline of 128.35
7423,2013-11-01 11:00:00,HIGH_ACTIVITY,609.5149,205.2081,HIGH_ACTIVITY: current activity 609.51 is more than 2.0x this grid's within-day baseline of 205.21
7423,2013-11-01 12:00:00,HIGH_ACTIVITY,422.7674,205.2081,HIGH_ACTIVITY: current activity 422.77 is more than 2.0x this grid's within-day baseline of 205.21
7427,2013-11-01 11:00:00,HIGH_ACTIVITY,472.717,198.4057,HIGH_ACTIVITY: current activity 472.72 is more than 2.0x this grid's within-day baseline of 198.41
7428,2013-11-01 10:00:00,ACTIVITY_SPIKE,205.7774,87.3824,ACTIVITY_SPIKE: current activity 205.78 is more than 2.0x the immediately preceding hour's 87.38
7432,2013-11-01 10:00:00,HIGH_ACTIVITY,202.4776,94.0542,HIGH_ACTIVITY: current activity 202.48 is more than 2.0x this grid's within-day baseline of 94.05
7432,2013-11-01 11:00:00,HIGH_ACTIVITY,298.6562,94.0542,HIGH_ACTIVITY: current activity 298.66 is more than 2.0x this grid's within-day baseline of 94.05
7432,2013-11-01 12:00:00,HIGH_ACTIVITY,252.5395,94.0542,HIGH_ACTIVITY: current activity 252.54 is more than 2.0x this grid's within-day baseline of 94.05
7433,2013-11-01 11:00:00,HIGH_ACTIVITY,364.7003,143.8235,HIGH_ACTIVITY: current activity 364.70 is more than 2.0x this grid's within-day baseline of 143.82
7433,2013-11-01 12:00:00,HIGH_ACTIVITY,350.6726,143.8235,HIGH_ACTIVITY: current activity 350.67 is more than 2.0x this grid's within-day baseline of 143.82
7434,2013-11-01 11:00:00,HIGH_ACTIVITY,382.2168,163.3672,HIGH_ACTIVITY: current activity 382.22 is more than 2.0x this grid's within-day baseline of 163.37
7434,2013-11-01 12:00:00,HIGH_ACTIVITY,357.6456,163.3672,HIGH_ACTIVITY: current activity 357.65 is more than 2.0x this grid's within-day baseline of 163.37
7435,2013-11-01 11:00:00,HIGH_ACTIVITY,465.9951,227.5288,HIGH_ACTIVITY: current activity 466.00 is more than 2.0x this grid's within-day baseline of 227.53
7447,2013-11-01 16:00:00,HIGH_ACTIVITY,594.4344,272.9229,HIGH_ACTIVITY: current activity 594.43 is more than 2.0x this grid's within-day baseline of 272.92
7447,2013-11-01 16:00:00,ACTIVITY_SPIKE,594.4344,284.5487,ACTIVITY_SPIKE: current activity 594.43 is more than 2.0x the immediately preceding hour's 284.55
7456,2013-11-01 18:00:00,HIGH_ACTIVITY,1359.9559,490.6503,HIGH_ACTIVITY: current activity 1359.96 is more than 2.0x this grid's within-day baseline of 490.65
7471,2013-11-01 07:00:00,ACTIVITY_SPIKE,1597.3431,793.6962,ACTIVITY_SPIKE: current activity 1597.34 is more than 2.0x the immediately preceding hour's 793.70
7472,2013-11-01 07:00:00,ACTIVITY_SPIKE,1927.6341,855.1495,ACTIVITY_SPIKE: current activity 1927.63 is more than 2.0x the immediately preceding hour's 855.15
7483,2013-11-01 11:00:00,HIGH_ACTIVITY,848.7888,407.2648,HIGH_ACTIVITY: current activity 848.79 is more than 2.0x this grid's within-day baseline of 407.26
7484,2013-11-01 11:00:00,HIGH_ACTIVITY,846.8838,406.6685,HIGH_ACTIVITY: current activity 846.88 is more than 2.0x this grid's within-day baseline of 406.67
7519,2013-11-01 05:00:00,ACTIVITY_SPIKE,182.0562,80.3529,ACTIVITY_SPIKE: current activity 182.06 is more than 2.0x the immediately preceding hour's 80.35
7523,2013-11-01 09:00:00,ACTIVITY_SPIKE,629.4113,291.3508,ACTIVITY_SPIKE: current activity 629.41 is more than 2.0x the immediately preceding hour's 291.35
7523,2013-11-01 10:00:00,HIGH_ACTIVITY,679.1548,325.226,HIGH_ACTIVITY: current activity 679.15 is more than 2.0x this grid's within-day baseline of 325.23
7523,2013-11-01 11:00:00,HIGH_ACTIVITY,963.3431,325.226,HIGH_ACTIVITY: current activity 963.34 is more than 2.0x this grid's within-day baseline of 325.23
7523,2013-11-01 12:00:00,HIGH_ACTIVITY,703.3522,325.226,HIGH_ACTIVITY: current activity 703.35 is more than 2.0x this grid's within-day baseline of 325.23
7523,2013-11-01 13:00:00,HIGH_ACTIVITY,924.3126,325.226,HIGH_ACTIVITY: current activity 924.31 is more than 2.0x this grid's within-day baseline of 325.23
7523,2013-11-01 14:00:00,HIGH_ACTIVITY,730.4758,325.226,HIGH_ACTIVITY: current activity 730.48 is more than 2.0x this grid's within-day baseline of 325.23
7523,2013-11-01 15:00:00,HIGH_ACTIVITY,764.5346,325.226,HIGH_ACTIVITY: current activity 764.53 is more than 2.0x this grid's within-day baseline of 325.23
7523,2013-11-01 16:00:00,HIGH_ACTIVITY,690.255,325.226,HIGH_ACTIVITY: current activity 690.25 is more than 2.0x this grid's within-day baseline of 325.23
7523,2013-11-01 17:00:00,HIGH_ACTIVITY,710.8533,325.226,HIGH_ACTIVITY: current activity 710.85 is more than 2.0x this grid's within-day baseline of 325.23
7524,2013-11-01 09:00:00,ACTIVITY_SPIKE,668.3289,295.7343,ACTIVITY_SPIKE: current activity 668.33 is more than 2.0x the immediately preceding hour's 295.73
7524,2013-11-01 10:00:00,HIGH_ACTIVITY,699.5405,347.8716,HIGH_ACTIVITY: current activity 699.54 is more than 2.0x this grid's within-day baseline of 347.87
7524,2013-11-01 11:00:00,HIGH_ACTIVITY,1000.5022,347.8716,HIGH_ACTIVITY: current activity 1000.50 is more than 2.0x this grid's within-day baseline of 347.87
7524,2013-11-01 12:00:00,HIGH_ACTIVITY,721.4872,347.8716,HIGH_ACTIVITY: current activity 721.49 is more than 2.0x this grid's within-day baseline of 347.87
7524,2013-11-01 13:00:00,HIGH_ACTIVITY,1002.4529,347.8716,HIGH_ACTIVITY: current activity 1002.45 is more than 2.0x this grid's within-day baseline of 347.87
7524,2013-11-01 14:00:00,HIGH_ACTIVITY,779.9102,347.8716,HIGH_ACTIVITY: current activity 779.91 is more than 2.0x this grid's within-day baseline of 347.87
7524,2013-11-01 15:00:00,HIGH_ACTIVITY,830.5465,347.8716,HIGH_ACTIVITY: current activity 830.55 is more than 2.0x this grid's within-day baseline of 347.87
7524,2013-11-01 16:00:00,HIGH_ACTIVITY,733.8457,347.8716,HIGH_ACTIVITY: current activity 733.85 is more than 2.0x this grid's within-day baseline of 347.87
7524,2013-11-01 17:00:00,HIGH_ACTIVITY,778.8007,347.8716,HIGH_ACTIVITY: current activity 778.80 is more than 2.0x this grid's within-day baseline of 347.87
7525,2013-11-01 09:00:00,ACTIVITY_SPIKE,335.5534,158.0596,ACTIVITY_SPIKE: current activity 335.55 is more than 2.0x the immediately preceding hour's 158.06
7525,2013-11-01 10:00:00,HIGH_ACTIVITY,465.9192,214.3732,HIGH_ACTIVITY: current activity 465.92 is more than 2.0x this grid's within-day baseline of 214.37
7525,2013-11-01 11:00:00,HIGH_ACTIVITY,550.9794,214.3732,HIGH_ACTIVITY: current activity 550.98 is more than 2.0x this grid's within-day baseline of 214.37
7525,2013-11-01 12:00:00,HIGH_ACTIVITY,438.9278,214.3732,HIGH_ACTIVITY: current activity 438.93 is more than 2.0x this grid's within-day baseline of 214.37
7525,2013-11-01 13:00:00,HIGH_ACTIVITY,438.2902,214.3732,HIGH_ACTIVITY: current activity 438.29 is more than 2.0x this grid's within-day baseline of 214.37
7525,2013-11-01 15:00:00,HIGH_ACTIVITY,452.257,214.3732,HIGH_ACTIVITY: current activity 452.26 is more than 2.0x this grid's within-day baseline of 214.37
7526,2013-11-01 10:00:00,HIGH_ACTIVITY,323.9885,139.6975,HIGH_ACTIVITY: current activity 323.99 is more than 2.0x this grid's within-day baseline of 139.70
7526,2013-11-01 11:00:00,HIGH_ACTIVITY,349.362,139.6975,HIGH_ACTIVITY: current activity 349.36 is more than 2.0x this grid's within-day baseline of 139.70
7527,2013-11-01 10:00:00,ACTIVITY_SPIKE,215.4508,88.2606,ACTIVITY_SPIKE: current activity 215.45 is more than 2.0x the immediately preceding hour's 88.26
7528,2013-11-01 10:00:00,ACTIVITY_SPIKE,215.451,88.2618,ACTIVITY_SPIKE: current activity 215.45 is more than 2.0x the immediately preceding hour's 88.26
7532,2013-11-01 10:00:00,HIGH_ACTIVITY,209.3605,94.4914,HIGH_ACTIVITY: current activity 209.36 is more than 2.0x this grid's within-day baseline of 94.49
7532,2013-11-01 11:00:00,HIGH_ACTIVITY,311.4907,94.4914,HIGH_ACTIVITY: current activity 311.49 is more than 2.0x this grid's within-day baseline of 94.49
7532,2013-11-01 12:00:00,HIGH_ACTIVITY,274.8662,94.4914,HIGH_ACTIVITY: current activity 274.87 is more than 2.0x this grid's within-day baseline of 94.49
7533,2013-11-01 10:00:00,HIGH_ACTIVITY,242.9132,120.8274,HIGH_ACTIVITY: current activity 242.91 is more than 2.0x this grid's within-day baseline of 120.83
7533,2013-11-01 11:00:00,HIGH_ACTIVITY,354.6464,120.8274,HIGH_ACTIVITY: current activity 354.65 is more than 2.0x this grid's within-day baseline of 120.83
7533,2013-11-01 12:00:00,HIGH_ACTIVITY,335.8704,120.8274,HIGH_ACTIVITY: current activity 335.87 is more than 2.0x this grid's within-day baseline of 120.83
7534,2013-11-01 10:00:00,HIGH_ACTIVITY,244.1034,121.4215,HIGH_ACTIVITY: current activity 244.10 is more than 2.0x this grid's within-day baseline of 121.42
7534,2013-11-01 11:00:00,HIGH_ACTIVITY,356.0941,121.4215,HIGH_ACTIVITY: current activity 356.09 is more than 2.0x this grid's within-day baseline of 121.42
7534,2013-11-01 12:00:00,HIGH_ACTIVITY,336.9752,121.4215,HIGH_ACTIVITY: current activity 336.98 is more than 2.0x this grid's within-day baseline of 121.42
7535,2013-11-01 11:00:00,HIGH_ACTIVITY,491.6434,224.97,HIGH_ACTIVITY: current activity 491.64 is more than 2.0x this grid's within-day baseline of 224.97
7540,2013-11-01 07:00:00,ACTIVITY_SPIKE,903.0973,312.9815,ACTIVITY_SPIKE: current activity 903.10 is more than 2.0x the immediately preceding hour's 312.98
7540,2013-11-01 09:00:00,HIGH_ACTIVITY,1589.9722,683.1714,HIGH_ACTIVITY: current activity 1589.97 is more than 2.0x this grid's within-day baseline of 683.17
7541,2013-11-01 07:00:00,ACTIVITY_SPIKE,925.8363,310.5888,ACTIVITY_SPIKE: current activity 925.84 is more than 2.0x the immediately preceding hour's 310.59
7541,2013-11-01 09:00:00,HIGH_ACTIVITY,1620.2113,666.6392,HIGH_ACTIVITY: current activity 1620.21 is more than 2.0x this grid's within-day baseline of 666.64
7542,2013-11-01 07:00:00,ACTIVITY_SPIKE,869.4039,339.2176,ACTIVITY_SPIKE: current activity 869.40 is more than 2.0x the immediately preceding hour's 339.22
7542,2013-11-01 09:00:00,HIGH_ACTIVITY,1541.6051,741.5134,HIGH_ACTIVITY: current activity 1541.61 is more than 2.0x this grid's within-day baseline of 741.51
7547,2013-11-01 16:00:00,HIGH_ACTIVITY,662.4366,294.4184,HIGH_ACTIVITY: current activity 662.44 is more than 2.0x this grid's within-day baseline of 294.42
7547,2013-11-01 16:00:00,ACTIVITY_SPIKE,662.4366,304.7169,ACTIVITY_SPIKE: current activity 662.44 is more than 2.0x the immediately preceding hour's 304.72
7548,2013-11-01 16:00:00,HIGH_ACTIVITY,631.6275,291.8098,HIGH_ACTIVITY: current activity 631.63 is more than 2.0x this grid's within-day baseline of 291.81
7583,2013-11-01 11:00:00,HIGH_ACTIVITY,833.5339,415.7742,HIGH_ACTIVITY: current activity 833.53 is more than 2.0x this grid's within-day baseline of 415.77
7618,2013-11-01 05:00:00,ACTIVITY_SPIKE,184.6424,83.0461,ACTIVITY_SPIKE: current activity 184.64 is more than 2.0x the immediately preceding hour's 83.05
7619,2013-11-01 05:00:00,ACTIVITY_SPIKE,178.9474,79.8187,ACTIVITY_SPIKE: current activity 178.95 is more than 2.0x the immediately preceding hour's 79.82
7622,2013-11-01 11:00:00,HIGH_ACTIVITY,268.8991,124.4746,HIGH_ACTIVITY: current activity 268.90 is more than 2.0x this grid's within-day baseline of 124.47
7623,2013-11-01 03:00:00,ACTIVITY_DROP,10.7773,120.9065,ACTIVITY_DROP: current activity 10.78 is below 0.25x this grid's within-day baseline of 120.91
7623,2013-11-01 04:00:00,ACTIVITY_DROP,13.743,120.9065,ACTIVITY_DROP: current activity 13.74 is below 0.25x this grid's within-day baseline of 120.91
7623,2013-11-01 05:00:00,ACTIVITY_DROP,5.4895,120.9065,ACTIVITY_DROP: current activity 5.49 is below 0.25x this grid's within-day baseline of 120.91
7623,2013-11-01 06:00:00,ACTIVITY_DROP,20.7747,120.9065,ACTIVITY_DROP: current activity 20.77 is below 0.25x this grid's within-day baseline of 120.91
7623,2013-11-01 10:00:00,HIGH_ACTIVITY,308.6669,119.0842,HIGH_ACTIVITY: current activity 308.67 is more than 2.0x this grid's within-day baseline of 119.08
7623,2013-11-01 12:00:00,HIGH_ACTIVITY,264.3635,119.0842,HIGH_ACTIVITY: current activity 264.36 is more than 2.0x this grid's within-day baseline of 119.08
7623,2013-11-01 13:00:00,HIGH_ACTIVITY,300.085,119.0842,HIGH_ACTIVITY: current activity 300.08 is more than 2.0x this grid's within-day baseline of 119.08
7623,2013-11-01 14:00:00,HIGH_ACTIVITY,286.6901,119.0842,HIGH_ACTIVITY: current activity 286.69 is more than 2.0x this grid's within-day baseline of 119.08
7623,2013-11-01 16:00:00,HIGH_ACTIVITY,271.1788,119.0842,HIGH_ACTIVITY: current activity 271.18 is more than 2.0x this grid's within-day baseline of 119.08
7624,2013-11-01 03:00:00,ACTIVITY_DROP,18.2524,119.5023,ACTIVITY_DROP: current activity 18.25 is below 0.25x this grid's within-day baseline of 119.50
7624,2013-11-01 04:00:00,ACTIVITY_DROP,19.0258,119.5023,ACTIVITY_DROP: current activity 19.03 is below 0.25x this grid's within-day baseline of 119.50
7624,2013-11-01 05:00:00,ACTIVITY_DROP,16.3296,119.5023,ACTIVITY_DROP: current activity 16.33 is below 0.25x this grid's within-day baseline of 119.50
7624,2013-11-01 06:00:00,ACTIVITY_DROP,27.8214,119.5023,ACTIVITY_DROP: current activity 27.82 is below 0.25x this grid's within-day baseline of 119.50
7624,2013-11-01 10:00:00,HIGH_ACTIVITY,312.8363,107.1294,HIGH_ACTIVITY: current activity 312.84 is more than 2.0x this grid's within-day baseline of 107.13
7624,2013-11-01 11:00:00,HIGH_ACTIVITY,276.0754,107.1294,HIGH_ACTIVITY: current activity 276.08 is more than 2.0x this grid's within-day baseline of 107.13
7624,2013-11-01 12:00:00,HIGH_ACTIVITY,276.4993,107.1294,HIGH_ACTIVITY: current activity 276.50 is more than 2.0x this grid's within-day baseline of 107.13
7624,2013-11-01 13:00:00,HIGH_ACTIVITY,271.3947,107.1294,HIGH_ACTIVITY: current activity 271.39 is more than 2.0x this grid's within-day baseline of 107.13
7624,2013-11-01 14:00:00,HIGH_ACTIVITY,279.7353,107.1294,HIGH_ACTIVITY: current activity 279.74 is more than 2.0x this grid's within-day baseline of 107.13
7624,2013-11-01 15:00:00,HIGH_ACTIVITY,260.5658,107.1294,HIGH_ACTIVITY: current activity 260.57 is more than 2.0x this grid's within-day baseline of 107.13
7624,2013-11-01 16:00:00,HIGH_ACTIVITY,252.6697,107.1294,HIGH_ACTIVITY: current activity 252.67 is more than 2.0x this grid's within-day baseline of 107.13
7625,2013-11-01 02:00:00,ACTIVITY_DROP,34.4507,150.8889,ACTIVITY_DROP: current activity 34.45 is below 0.25x this grid's within-day baseline of 150.89
7625,2013-11-01 03:00:00,ACTIVITY_DROP,33.09,150.8889,ACTIVITY_DROP: current activity 33.09 is below 0.25x this grid's within-day baseline of 150.89
7625,2013-11-01 04:00:00,ACTIVITY_DROP,30.3686,150.8889,ACTIVITY_DROP: current activity 30.37 is below 0.25x this grid's within-day baseline of 150.89
7625,2013-11-01 05:00:00,ACTIVITY_DROP,34.055,150.8889,ACTIVITY_DROP: current activity 34.05 is below 0.25x this grid's within-day baseline of 150.89
7625,2013-11-01 06:00:00,ACTIVITY_DROP,37.2468,150.8889,ACTIVITY_DROP: current activity 37.25 is below 0.25x this grid's within-day baseline of 150.89
7625,2013-11-01 09:00:00,ACTIVITY_SPIKE,217.625,97.5005,ACTIVITY_SPIKE: current activity 217.62 is more than 2.0x the immediately preceding hour's 97.50
7625,2013-11-01 10:00:00,HIGH_ACTIVITY,367.6834,142.0435,HIGH_ACTIVITY: current activity 367.68 is more than 2.0x this grid's within-day baseline of 142.04
7625,2013-11-01 11:00:00,HIGH_ACTIVITY,381.6618,142.0435,HIGH_ACTIVITY: current activity 381.66 is more than 2.0x this grid's within-day baseline of 142.04
7625,2013-11-01 12:00:00,HIGH_ACTIVITY,325.4529,142.0435,HIGH_ACTIVITY: current activity 325.45 is more than 2.0x this grid's within-day baseline of 142.04
7625,2013-11-01 14:00:00,HIGH_ACTIVITY,294.3304,142.0435,HIGH_ACTIVITY: current activity 294.33 is more than 2.0x this grid's within-day baseline of 142.04
7625,2013-11-01 15:00:00,HIGH_ACTIVITY,321.6807,142.0435,HIGH_ACTIVITY: current activity 321.68 is more than 2.0x this grid's within-day baseline of 142.04
7626,2013-11-01 02:00:00,ACTIVITY_DROP,34.0517,140.6673,ACTIVITY_DROP: current activity 34.05 is below 0.25x this grid's within-day baseline of 140.67
7626,2013-11-01 03:00:00,ACTIVITY_DROP,33.2302,140.6673,ACTIVITY_DROP: current activity 33.23 is below 0.25x this grid's within-day baseline of 140.67
7626,2013-11-01 04:00:00,ACTIVITY_DROP,30.0006,140.6673,ACTIVITY_DROP: current activity 30.00 is below 0.25x this grid's within-day baseline of 140.67
7626,2013-11-01 05:00:00,ACTIVITY_DROP,33.4595,140.6673,ACTIVITY_DROP: current activity 33.46 is below 0.25x this grid's within-day baseline of 140.67
7626,2013-11-01 09:00:00,ACTIVITY_SPIKE,201.5607,92.5492,ACTIVITY_SPIKE: current activity 201.56 is more than 2.0x the immediately preceding hour's 92.55
7626,2013-11-01 10:00:00,HIGH_ACTIVITY,329.8158,125.4234,HIGH_ACTIVITY: current activity 329.82 is more than 2.0x this grid's within-day baseline of 125.42
7626,2013-11-01 11:00:00,HIGH_ACTIVITY,346.0937,125.4234,HIGH_ACTIVITY: current activity 346.09 is more than 2.0x this grid's within-day baseline of 125.42
7626,2013-11-01 12:00:00,HIGH_ACTIVITY,292.8674,125.4234,HIGH_ACTIVITY: current activity 292.87 is more than 2.0x this grid's within-day baseline of 125.42
7626,2013-11-01 14:00:00,HIGH_ACTIVITY,267.3668,125.4234,HIGH_ACTIVITY: current activity 267.37 is more than 2.0x this grid's within-day baseline of 125.42
7626,2013-11-01 15:00:00,HIGH_ACTIVITY,286.9898,125.4234,HIGH_ACTIVITY: current activity 286.99 is more than 2.0x this grid's within-day baseline of 125.42
7628,2013-11-01 10:00:00,ACTIVITY_SPIKE,203.1969,91.3404,ACTIVITY_SPIKE: current activity 203.20 is more than 2.0x the immediately preceding hour's 91.34
7629,2013-11-01 10:00:00,ACTIVITY_SPIKE,167.8737,77.6824,ACTIVITY_SPIKE: current activity 167.87 is more than 2.0x the immediately preceding hour's 77.68
7630,2013-11-01 10:00:00,HIGH_ACTIVITY,213.9173,77.7342,HIGH_ACTIVITY: current activity 213.92 is more than 2.0x this grid's within-day baseline of 77.73
7630,2013-11-01 10:00:00,ACTIVITY_SPIKE,213.9173,96.1422,ACTIVITY_SPIKE: current activity 213.92 is more than 2.0x the immediately preceding hour's 96.14
7630,2013-11-01 11:00:00,HIGH_ACTIVITY,261.778,77.7342,HIGH_ACTIVITY: current activity 261.78 is more than 2.0x this grid's within-day baseline of 77.73
7630,2013-11-01 12:00:00,HIGH_ACTIVITY,165.8124,77.7342,HIGH_ACTIVITY: current activity 165.81 is more than 2.0x this grid's within-day baseline of 77.73
7631,2013-11-01 10:00:00,HIGH_ACTIVITY,231.3904,78.8978,HIGH_ACTIVITY: current activity 231.39 is more than 2.0x this grid's within-day baseline of 78.90
7631,2013-11-01 10:00:00,ACTIVITY_SPIKE,231.3904,98.3363,ACTIVITY_SPIKE: current activity 231.39 is more than 2.0x the immediately preceding hour's 98.34
7631,2013-11-01 11:00:00,HIGH_ACTIVITY,260.8348,78.8978,HIGH_ACTIVITY: current activity 260.83 is more than 2.0x this grid's within-day baseline of 78.90
7631,2013-11-01 12:00:00,HIGH_ACTIVITY,161.9822,78.8978,HIGH_ACTIVITY: current activity 161.98 is more than 2.0x this grid's within-day baseline of 78.90
7632,2013-11-01 11:00:00,HIGH_ACTIVITY,312.4154,123.8728,HIGH_ACTIVITY: current activity 312.42 is more than 2.0x this grid's within-day baseline of 123.87
7632,2013-11-01 12:00:00,HIGH_ACTIVITY,274.0144,123.8728,HIGH_ACTIVITY: current activity 274.01 is more than 2.0x this grid's within-day baseline of 123.87
7633,2013-11-01 11:00:00,HIGH_ACTIVITY,335.25,128.7723,HIGH_ACTIVITY: current activity 335.25 is more than 2.0x this grid's within-day baseline of 128.77
7633,2013-11-01 12:00:00,HIGH_ACTIVITY,314.5803,128.7723,HIGH_ACTIVITY: current activity 314.58 is more than 2.0x this grid's within-day baseline of 128.77
7634,2013-11-01 11:00:00,HIGH_ACTIVITY,501.3368,234.513,HIGH_ACTIVITY: current activity 501.34 is more than 2.0x this grid's within-day baseline of 234.51
7641,2013-11-01 07:00:00,ACTIVITY_SPIKE,854.9636,304.0159,ACTIVITY_SPIKE: current activity 854.96 is more than 2.0x the immediately preceding hour's 304.02
7641,2013-11-01 09:00:00,HIGH_ACTIVITY,1497.9554,661.0104,HIGH_ACTIVITY: current activity 1497.96 is more than 2.0x this grid's within-day baseline of 661.01
7642,2013-11-01 07:00:00,ACTIVITY_SPIKE,582.712,271.0466,ACTIVITY_SPIKE: current activity 582.71 is more than 2.0x the immediately preceding hour's 271.05
7646,2013-11-01 00:00:00,ACTIVITY_DROP,127.9037,645.3845,ACTIVITY_DROP: current activity 127.90 is below 0.25x this grid's within-day baseline of 645.38
7646,2013-11-01 01:00:00,ACTIVITY_DROP,133.4679,645.3845,ACTIVITY_DROP: current activity 133.47 is below 0.25x this grid's within-day baseline of 645.38
7646,2013-11-01 02:00:00,ACTIVITY_DROP,137.2755,645.3845,ACTIVITY_DROP: current activity 137.28 is below 0.25x this grid's within-day baseline of 645.38
7646,2013-11-01 03:00:00,ACTIVITY_DROP,124.0216,645.3845,ACTIVITY_DROP: current activity 124.02 is below 0.25x this grid's within-day baseline of 645.38
7646,2013-11-01 04:00:00,ACTIVITY_DROP,111.5617,645.3845,ACTIVITY_DROP: current activity 111.56 is below 0.25x this grid's within-day baseline of 645.38
7646,2013-11-01 05:00:00,ACTIVITY_DROP,105.1794,645.3845,ACTIVITY_DROP: current activity 105.18 is below 0.25x this grid's within-day baseline of 645.38
7646,2013-11-01 06:00:00,ACTIVITY_DROP,100.0696,645.3845,ACTIVITY_DROP: current activity 100.07 is below 0.25x this grid's within-day baseline of 645.38
7646,2013-11-01 09:00:00,ACTIVITY_SPIKE,645.3845,291.113,ACTIVITY_SPIKE: current activity 645.38 is more than 2.0x the immediately preceding hour's 291.11
7646,2013-11-01 11:00:00,HIGH_ACTIVITY,1362.4593,485.2718,HIGH_ACTIVITY: current activity 1362.46 is more than 2.0x this grid's within-day baseline of 485.27
7646,2013-11-01 12:00:00,HIGH_ACTIVITY,1294.9628,485.2718,HIGH_ACTIVITY: current activity 1294.96 is more than 2.0x this grid's within-day baseline of 485.27
7646,2013-11-01 13:00:00,HIGH_ACTIVITY,1107.9594,485.2718,HIGH_ACTIVITY: current activity 1107.96 is more than 2.0x this grid's within-day baseline of 485.27
7646,2013-11-01 14:00:00,HIGH_ACTIVITY,1190.7909,485.2718,HIGH_ACTIVITY: current activity 1190.79 is more than 2.0x this grid's within-day baseline of 485.27
7646,2013-11-01 15:00:00,HIGH_ACTIVITY,1763.0587,485.2718,HIGH_ACTIVITY: current activity 1763.06 is more than 2.0x this grid's within-day baseline of 485.27
7646,2013-11-01 16:00:00,HIGH_ACTIVITY,2043.7337,485.2718,HIGH_ACTIVITY: current activity 2043.73 is more than 2.0x this grid's within-day baseline of 485.27
7646,2013-11-01 17:00:00,HIGH_ACTIVITY,2165.3862,485.2718,HIGH_ACTIVITY: current activity 2165.39 is more than 2.0x this grid's within-day baseline of 485.27
7646,2013-11-01 18:00:00,HIGH_ACTIVITY,2183.5786,485.2718,HIGH_ACTIVITY: current activity 2183.58 is more than 2.0x this grid's within-day baseline of 485.27
7646,2013-11-01 19:00:00,HIGH_ACTIVITY,1490.8497,485.2718,HIGH_ACTIVITY: current activity 1490.85 is more than 2.0x this grid's within-day baseline of 485.27
7647,2013-11-01 00:00:00,ACTIVITY_DROP,162.4362,799.6886,ACTIVITY_DROP: current activity 162.44 is below 0.25x this grid's within-day baseline of 799.69
7647,2013-11-01 01:00:00,ACTIVITY_DROP,160.5003,799.6886,ACTIVITY_DROP: current activity 160.50 is below 0.25x this grid's within-day baseline of 799.69
7647,2013-11-01 02:00:00,ACTIVITY_DROP,149.8169,799.6886,ACTIVITY_DROP: current activity 149.82 is below 0.25x this grid's within-day baseline of 799.69
7647,2013-11-01 03:00:00,ACTIVITY_DROP,136.2196,799.6886,ACTIVITY_DROP: current activity 136.22 is below 0.25x this grid's within-day baseline of 799.69
7647,2013-11-01 04:00:00,ACTIVITY_DROP,123.8765,799.6886,ACTIVITY_DROP: current activity 123.88 is below 0.25x this grid's within-day baseline of 799.69
7647,2013-11-01 05:00:00,ACTIVITY_DROP,125.2101,799.6886,ACTIVITY_DROP: current activity 125.21 is below 0.25x this grid's within-day baseline of 799.69
7647,2013-11-01 06:00:00,ACTIVITY_DROP,121.5341,799.6886,ACTIVITY_DROP: current activity 121.53 is below 0.25x this grid's within-day baseline of 799.69
7647,2013-11-01 09:00:00,HIGH_ACTIVITY,816.7032,382.9943,HIGH_ACTIVITY: current activity 816.70 is more than 2.0x this grid's within-day baseline of 382.99
7647,2013-11-01 09:00:00,ACTIVITY_SPIKE,816.7032,382.4782,ACTIVITY_SPIKE: current activity 816.70 is more than 2.0x the immediately preceding hour's 382.48
7647,2013-11-01 10:00:00,HIGH_ACTIVITY,1215.3779,382.9943,HIGH_ACTIVITY: current activity 1215.38 is more than 2.0x this grid's within-day baseline of 382.99
7647,2013-11-01 11:00:00,HIGH_ACTIVITY,1684.8932,382.9943,HIGH_ACTIVITY: current activity 1684.89 is more than 2.0x this grid's within-day baseline of 382.99
7647,2013-11-01 12:00:00,HIGH_ACTIVITY,1512.0739,382.9943,HIGH_ACTIVITY: current activity 1512.07 is more than 2.0x this grid's within-day baseline of 382.99
7647,2013-11-01 13:00:00,HIGH_ACTIVITY,1173.1397,382.9943,HIGH_ACTIVITY: current activity 1173.14 is more than 2.0x this grid's within-day baseline of 382.99
7647,2013-11-01 14:00:00,HIGH_ACTIVITY,1392.2749,382.9943,HIGH_ACTIVITY: current activity 1392.27 is more than 2.0x this grid's within-day baseline of 382.99
7647,2013-11-01 15:00:00,HIGH_ACTIVITY,2028.8742,382.9943,HIGH_ACTIVITY: current activity 2028.87 is more than 2.0x this grid's within-day baseline of 382.99
7647,2013-11-01 16:00:00,HIGH_ACTIVITY,2433.9478,382.9943,HIGH_ACTIVITY: current activity 2433.95 is more than 2.0x this grid's within-day baseline of 382.99
7647,2013-11-01 17:00:00,HIGH_ACTIVITY,2683.9825,382.9943,HIGH_ACTIVITY: current activity 2683.98 is more than 2.0x this grid's within-day baseline of 382.99
7647,2013-11-01 18:00:00,HIGH_ACTIVITY,2550.5939,382.9943,HIGH_ACTIVITY: current activity 2550.59 is more than 2.0x this grid's within-day baseline of 382.99
7647,2013-11-01 19:00:00,HIGH_ACTIVITY,1631.4206,382.9943,HIGH_ACTIVITY: current activity 1631.42 is more than 2.0x this grid's within-day baseline of 382.99
7647,2013-11-01 20:00:00,HIGH_ACTIVITY,799.6886,382.9943,HIGH_ACTIVITY: current activity 799.69 is more than 2.0x this grid's within-day baseline of 382.99
7722,2013-11-01 00:00:00,ACTIVITY_DROP,19.1943,109.3884,ACTIVITY_DROP: current activity 19.19 is below 0.25x this grid's within-day baseline of 109.39
7722,2013-11-01 01:00:00,ACTIVITY_DROP,17.5898,109.3884,ACTIVITY_DROP: current activity 17.59 is below 0.25x this grid's within-day baseline of 109.39
7722,2013-11-01 02:00:00,ACTIVITY_DROP,23.6354,109.3884,ACTIVITY_DROP: current activity 23.64 is below 0.25x this grid's within-day baseline of 109.39
7722,2013-11-01 04:00:00,ACTIVITY_DROP,25.3923,109.3884,ACTIVITY_DROP: current activity 25.39 is below 0.25x this grid's within-day baseline of 109.39
7722,2013-11-01 05:00:00,ACTIVITY_DROP,20.4991,109.3884,ACTIVITY_DROP: current activity 20.50 is below 0.25x this grid's within-day baseline of 109.39
7722,2013-11-01 06:00:00,ACTIVITY_DROP,21.8891,109.3884,ACTIVITY_DROP: current activity 21.89 is below 0.25x this grid's within-day baseline of 109.39
7722,2013-11-01 09:00:00,HIGH_ACTIVITY,264.7423,101.7265,HIGH_ACTIVITY: current activity 264.74 is more than 2.0x this grid's within-day baseline of 101.73
7722,2013-11-01 09:00:00,ACTIVITY_SPIKE,264.7423,109.3884,ACTIVITY_SPIKE: current activity 264.74 is more than 2.0x the immediately preceding hour's 109.39
7722,2013-11-01 10:00:00,HIGH_ACTIVITY,479.6216,101.7265,HIGH_ACTIVITY: current activity 479.62 is more than 2.0x this grid's within-day baseline of 101.73
7722,2013-11-01 11:00:00,HIGH_ACTIVITY,996.3138,101.7265,HIGH_ACTIVITY: current activity 996.31 is more than 2.0x this grid's within-day baseline of 101.73
7722,2013-11-01 11:00:00,ACTIVITY_SPIKE,996.3138,479.6216,ACTIVITY_SPIKE: current activity 996.31 is more than 2.0x the immediately preceding hour's 479.62
7722,2013-11-01 12:00:00,HIGH_ACTIVITY,778.2112,101.7265,HIGH_ACTIVITY: current activity 778.21 is more than 2.0x this grid's within-day baseline of 101.73
7722,2013-11-01 13:00:00,HIGH_ACTIVITY,789.7702,101.7265,HIGH_ACTIVITY: current activity 789.77 is more than 2.0x this grid's within-day baseline of 101.73
7722,2013-11-01 14:00:00,HIGH_ACTIVITY,690.7501,101.7265,HIGH_ACTIVITY: current activity 690.75 is more than 2.0x this grid's within-day baseline of 101.73
7722,2013-11-01 15:00:00,HIGH_ACTIVITY,585.8196,101.7265,HIGH_ACTIVITY: current activity 585.82 is more than 2.0x this grid's within-day baseline of 101.73
7722,2013-11-01 16:00:00,HIGH_ACTIVITY,486.6713,101.7265,HIGH_ACTIVITY: current activity 486.67 is more than 2.0x this grid's within-day baseline of 101.73
7722,2013-11-01 17:00:00,HIGH_ACTIVITY,443.3405,101.7265,HIGH_ACTIVITY: current activity 443.34 is more than 2.0x this grid's within-day baseline of 101.73
7722,2013-11-01 18:00:00,HIGH_ACTIVITY,258.5109,101.7265,HIGH_ACTIVITY: current activity 258.51 is more than 2.0x this grid's within-day baseline of 101.73
7722,2013-11-01 23:00:00,ACTIVITY_DROP,24.8464,109.3884,ACTIVITY_DROP: current activity 24.85 is below 0.25x this grid's within-day baseline of 109.39
7723,2013-11-01 00:00:00,ACTIVITY_DROP,29.9781,146.2068,ACTIVITY_DROP: current activity 29.98 is below 0.25x this grid's within-day baseline of 146.21
7723,2013-11-01 01:00:00,ACTIVITY_DROP,23.9604,146.2068,ACTIVITY_DROP: current activity 23.96 is below 0.25x this grid's within-day baseline of 146.21
7723,2013-11-01 02:00:00,ACTIVITY_DROP,26.2269,146.2068,ACTIVITY_DROP: current activity 26.23 is below 0.25x this grid's within-day baseline of 146.21
7723,2013-11-01 03:00:00,ACTIVITY_DROP,20.8429,146.2068,ACTIVITY_DROP: current activity 20.84 is below 0.25x this grid's within-day baseline of 146.21
7723,2013-11-01 04:00:00,ACTIVITY_DROP,20.1071,146.2068,ACTIVITY_DROP: current activity 20.11 is below 0.25x this grid's within-day baseline of 146.21
7723,2013-11-01 05:00:00,ACTIVITY_DROP,13.6038,146.2068,ACTIVITY_DROP: current activity 13.60 is below 0.25x this grid's within-day baseline of 146.21
7723,2013-11-01 06:00:00,ACTIVITY_DROP,19.7454,146.2068,ACTIVITY_DROP: current activity 19.75 is below 0.25x this grid's within-day baseline of 146.21
7723,2013-11-01 09:00:00,HIGH_ACTIVITY,346.0592,142.3935,HIGH_ACTIVITY: current activity 346.06 is more than 2.0x this grid's within-day baseline of 142.39
7723,2013-11-01 09:00:00,ACTIVITY_SPIKE,346.0592,142.3935,ACTIVITY_SPIKE: current activity 346.06 is more than 2.0x the immediately preceding hour's 142.39
7723,2013-11-01 10:00:00,HIGH_ACTIVITY,643.1617,142.3935,HIGH_ACTIVITY: current activity 643.16 is more than 2.0x this grid's within-day baseline of 142.39
7723,2013-11-01 11:00:00,HIGH_ACTIVITY,1131.495,142.3935,HIGH_ACTIVITY: current activity 1131.49 is more than 2.0x this grid's within-day baseline of 142.39
7723,2013-11-01 12:00:00,HIGH_ACTIVITY,1036.9851,142.3935,HIGH_ACTIVITY: current activity 1036.99 is more than 2.0x this grid's within-day baseline of 142.39
7723,2013-11-01 13:00:00,HIGH_ACTIVITY,1068.4097,142.3935,HIGH_ACTIVITY: current activity 1068.41 is more than 2.0x this grid's within-day baseline of 142.39
7723,2013-11-01 14:00:00,HIGH_ACTIVITY,917.0882,142.3935,HIGH_ACTIVITY: current activity 917.09 is more than 2.0x this grid's within-day baseline of 142.39
7723,2013-11-01 15:00:00,HIGH_ACTIVITY,765.084,142.3935,HIGH_ACTIVITY: current activity 765.08 is more than 2.0x this grid's within-day baseline of 142.39
7723,2013-11-01 16:00:00,HIGH_ACTIVITY,693.9232,142.3935,HIGH_ACTIVITY: current activity 693.92 is more than 2.0x this grid's within-day baseline of 142.39
7723,2013-11-01 17:00:00,HIGH_ACTIVITY,622.7313,142.3935,HIGH_ACTIVITY: current activity 622.73 is more than 2.0x this grid's within-day baseline of 142.39
7723,2013-11-01 18:00:00,HIGH_ACTIVITY,353.2314,142.3935,HIGH_ACTIVITY: current activity 353.23 is more than 2.0x this grid's within-day baseline of 142.39
7724,2013-11-01 00:00:00,ACTIVITY_DROP,25.6867,167.6692,ACTIVITY_DROP: current activity 25.69 is below 0.25x this grid's within-day baseline of 167.67
7724,2013-11-01 01:00:00,ACTIVITY_DROP,17.9325,167.6692,ACTIVITY_DROP: current activity 17.93 is below 0.25x this grid's within-day baseline of 167.67
7724,2013-11-01 02:00:00,ACTIVITY_DROP,14.9341,167.6692,ACTIVITY_DROP: current activity 14.93 is below 0.25x this grid's within-day baseline of 167.67
7724,2013-11-01 03:00:00,ACTIVITY_DROP,7.9225,167.6692,ACTIVITY_DROP: current activity 7.92 is below 0.25x this grid's within-day baseline of 167.67
7724,2013-11-01 04:00:00,ACTIVITY_DROP,8.7952,167.6692,ACTIVITY_DROP: current activity 8.80 is below 0.25x this grid's within-day baseline of 167.67
7724,2013-11-01 05:00:00,ACTIVITY_DROP,8.0646,167.6692,ACTIVITY_DROP: current activity 8.06 is below 0.25x this grid's within-day baseline of 167.67
7724,2013-11-01 06:00:00,ACTIVITY_DROP,18.2438,167.6692,ACTIVITY_DROP: current activity 18.24 is below 0.25x this grid's within-day baseline of 167.67
7724,2013-11-01 08:00:00,HIGH_ACTIVITY,243.3884,101.3709,HIGH_ACTIVITY: current activity 243.39 is more than 2.0x this grid's within-day baseline of 101.37
7724,2013-11-01 08:00:00,ACTIVITY_SPIKE,243.3884,101.3709,ACTIVITY_SPIKE: current activity 243.39 is more than 2.0x the immediately preceding hour's 101.37
7724,2013-11-01 09:00:00,HIGH_ACTIVITY,404.1971,101.3709,HIGH_ACTIVITY: current activity 404.20 is more than 2.0x this grid's within-day baseline of 101.37
7724,2013-11-01 10:00:00,HIGH_ACTIVITY,471.8432,101.3709,HIGH_ACTIVITY: current activity 471.84 is more than 2.0x this grid's within-day baseline of 101.37
7724,2013-11-01 11:00:00,HIGH_ACTIVITY,530.5151,101.3709,HIGH_ACTIVITY: current activity 530.52 is more than 2.0x this grid's within-day baseline of 101.37
7724,2013-11-01 12:00:00,HIGH_ACTIVITY,461.3004,101.3709,HIGH_ACTIVITY: current activity 461.30 is more than 2.0x this grid's within-day baseline of 101.37
7724,2013-11-01 13:00:00,HIGH_ACTIVITY,467.961,101.3709,HIGH_ACTIVITY: current activity 467.96 is more than 2.0x this grid's within-day baseline of 101.37
7724,2013-11-01 14:00:00,HIGH_ACTIVITY,509.6289,101.3709,HIGH_ACTIVITY: current activity 509.63 is more than 2.0x this grid's within-day baseline of 101.37
7724,2013-11-01 15:00:00,HIGH_ACTIVITY,457.6284,101.3709,HIGH_ACTIVITY: current activity 457.63 is more than 2.0x this grid's within-day baseline of 101.37
7724,2013-11-01 16:00:00,HIGH_ACTIVITY,510.8542,101.3709,HIGH_ACTIVITY: current activity 510.85 is more than 2.0x this grid's within-day baseline of 101.37
7724,2013-11-01 17:00:00,HIGH_ACTIVITY,501.5782,101.3709,HIGH_ACTIVITY: current activity 501.58 is more than 2.0x this grid's within-day baseline of 101.37
7724,2013-11-01 18:00:00,HIGH_ACTIVITY,386.9729,101.3709,HIGH_ACTIVITY: current activity 386.97 is more than 2.0x this grid's within-day baseline of 101.37
7725,2013-11-01 02:00:00,ACTIVITY_DROP,24.3825,103.8992,ACTIVITY_DROP: current activity 24.38 is below 0.25x this grid's within-day baseline of 103.90
7725,2013-11-01 03:00:00,ACTIVITY_DROP,23.2027,103.8992,ACTIVITY_DROP: current activity 23.20 is below 0.25x this grid's within-day baseline of 103.90
7725,2013-11-01 04:00:00,ACTIVITY_DROP,21.113,103.8992,ACTIVITY_DROP: current activity 21.11 is below 0.25x this grid's within-day baseline of 103.90
7725,2013-11-01 05:00:00,ACTIVITY_DROP,23.5837,103.8992,ACTIVITY_DROP: current activity 23.58 is below 0.25x this grid's within-day baseline of 103.90
7725,2013-11-01 10:00:00,HIGH_ACTIVITY,268.0817,89.4423,HIGH_ACTIVITY: current activity 268.08 is more than 2.0x this grid's within-day baseline of 89.44
7725,2013-11-01 11:00:00,HIGH_ACTIVITY,303.2626,89.4423,HIGH_ACTIVITY: current activity 303.26 is more than 2.0x this grid's within-day baseline of 89.44
7725,2013-11-01 12:00:00,HIGH_ACTIVITY,269.714,89.4423,HIGH_ACTIVITY: current activity 269.71 is more than 2.0x this grid's within-day baseline of 89.44
7725,2013-11-01 13:00:00,HIGH_ACTIVITY,228.5664,89.4423,HIGH_ACTIVITY: current activity 228.57 is more than 2.0x this grid's within-day baseline of 89.44
7725,2013-11-01 14:00:00,HIGH_ACTIVITY,257.9759,89.4423,HIGH_ACTIVITY: current activity 257.98 is more than 2.0x this grid's within-day baseline of 89.44
7725,2013-11-01 15:00:00,HIGH_ACTIVITY,259.0672,89.4423,HIGH_ACTIVITY: current activity 259.07 is more than 2.0x this grid's within-day baseline of 89.44
7725,2013-11-01 16:00:00,HIGH_ACTIVITY,213.5683,89.4423,HIGH_ACTIVITY: current activity 213.57 is more than 2.0x this grid's within-day baseline of 89.44
7725,2013-11-01 17:00:00,HIGH_ACTIVITY,193.4975,89.4423,HIGH_ACTIVITY: current activity 193.50 is more than 2.0x this grid's within-day baseline of 89.44
7729,2013-11-01 10:00:00,HIGH_ACTIVITY,345.9385,149.6194,HIGH_ACTIVITY: current activity 345.94 is more than 2.0x this grid's within-day baseline of 149.62
7729,2013-11-01 10:00:00,ACTIVITY_SPIKE,345.9385,147.9912,ACTIVITY_SPIKE: current activity 345.94 is more than 2.0x the immediately preceding hour's 147.99
7730,2013-11-01 10:00:00,HIGH_ACTIVITY,453.8499,173.2626,HIGH_ACTIVITY: current activity 453.85 is more than 2.0x this grid's within-day baseline of 173.26
7730,2013-11-01 10:00:00,ACTIVITY_SPIKE,453.8499,160.3829,ACTIVITY_SPIKE: current activity 453.85 is more than 2.0x the immediately preceding hour's 160.38
7731,2013-11-01 10:00:00,HIGH_ACTIVITY,451.8135,172.7654,HIGH_ACTIVITY: current activity 451.81 is more than 2.0x this grid's within-day baseline of 172.77
7731,2013-11-01 10:00:00,ACTIVITY_SPIKE,451.8135,159.7261,ACTIVITY_SPIKE: current activity 451.81 is more than 2.0x the immediately preceding hour's 159.73
7732,2013-11-01 11:00:00,HIGH_ACTIVITY,253.1616,117.8582,HIGH_ACTIVITY: current activity 253.16 is more than 2.0x this grid's within-day baseline of 117.86
7732,2013-11-01 16:00:00,HIGH_ACTIVITY,246.4619,117.8582,HIGH_ACTIVITY: current activity 246.46 is more than 2.0x this grid's within-day baseline of 117.86
7732,2013-11-01 17:00:00,HIGH_ACTIVITY,241.6398,117.8582,HIGH_ACTIVITY: current activity 241.64 is more than 2.0x this grid's within-day baseline of 117.86
7733,2013-11-01 11:00:00,HIGH_ACTIVITY,254.3112,117.1481,HIGH_ACTIVITY: current activity 254.31 is more than 2.0x this grid's within-day baseline of 117.15
7733,2013-11-01 16:00:00,HIGH_ACTIVITY,244.7083,117.1481,HIGH_ACTIVITY: current activity 244.71 is more than 2.0x this grid's within-day baseline of 117.15
7733,2013-11-01 17:00:00,HIGH_ACTIVITY,239.6546,117.1481,HIGH_ACTIVITY: current activity 239.65 is more than 2.0x this grid's within-day baseline of 117.15
7745,2013-11-01 15:00:00,HIGH_ACTIVITY,683.149,287.9514,HIGH_ACTIVITY: current activity 683.15 is more than 2.0x this grid's within-day baseline of 287.95
7745,2013-11-01 16:00:00,HIGH_ACTIVITY,789.1279,287.9514,HIGH_ACTIVITY: current activity 789.13 is more than 2.0x this grid's within-day baseline of 287.95
7745,2013-11-01 17:00:00,HIGH_ACTIVITY,789.6888,287.9514,HIGH_ACTIVITY: current activity 789.69 is more than 2.0x this grid's within-day baseline of 287.95
7745,2013-11-01 18:00:00,HIGH_ACTIVITY,824.0515,287.9514,HIGH_ACTIVITY: current activity 824.05 is more than 2.0x this grid's within-day baseline of 287.95
7745,2013-11-01 19:00:00,HIGH_ACTIVITY,630.2208,287.9514,HIGH_ACTIVITY: current activity 630.22 is more than 2.0x this grid's within-day baseline of 287.95
7746,2013-11-01 11:00:00,HIGH_ACTIVITY,865.375,409.0069,HIGH_ACTIVITY: current activity 865.38 is more than 2.0x this grid's within-day baseline of 409.01
7746,2013-11-01 12:00:00,HIGH_ACTIVITY,836.5646,409.0069,HIGH_ACTIVITY: current activity 836.56 is more than 2.0x this grid's within-day baseline of 409.01
7746,2013-11-01 15:00:00,HIGH_ACTIVITY,1109.2249,409.0069,HIGH_ACTIVITY: current activity 1109.22 is more than 2.0x this grid's within-day baseline of 409.01
7746,2013-11-01 16:00:00,HIGH_ACTIVITY,1306.3652,409.0069,HIGH_ACTIVITY: current activity 1306.37 is more than 2.0x this grid's within-day baseline of 409.01
7746,2013-11-01 17:00:00,HIGH_ACTIVITY,1352.1954,409.0069,HIGH_ACTIVITY: current activity 1352.20 is more than 2.0x this grid's within-day baseline of 409.01
7746,2013-11-01 18:00:00,HIGH_ACTIVITY,1469.9143,409.0069,HIGH_ACTIVITY: current activity 1469.91 is more than 2.0x this grid's within-day baseline of 409.01
7746,2013-11-01 19:00:00,HIGH_ACTIVITY,1060.1157,409.0069,HIGH_ACTIVITY: current activity 1060.12 is more than 2.0x this grid's within-day baseline of 409.01
7747,2013-11-01 15:00:00,HIGH_ACTIVITY,891.6781,422.7068,HIGH_ACTIVITY: current activity 891.68 is more than 2.0x this grid's within-day baseline of 422.71
7747,2013-11-01 16:00:00,HIGH_ACTIVITY,1054.9367,422.7068,HIGH_ACTIVITY: current activity 1054.94 is more than 2.0x this grid's within-day baseline of 422.71
7747,2013-11-01 17:00:00,HIGH_ACTIVITY,1143.0867,422.7068,HIGH_ACTIVITY: current activity 1143.09 is more than 2.0x this grid's within-day baseline of 422.71
7747,2013-11-01 18:00:00,HIGH_ACTIVITY,1278.9907,422.7068,HIGH_ACTIVITY: current activity 1278.99 is more than 2.0x this grid's within-day baseline of 422.71
7747,2013-11-01 19:00:00,HIGH_ACTIVITY,920.9441,422.7068,HIGH_ACTIVITY: current activity 920.94 is more than 2.0x this grid's within-day baseline of 422.71
7767,2013-11-01 08:00:00,ACTIVITY_SPIKE,686.6265,340.0074,ACTIVITY_SPIKE: current activity 686.63 is more than 2.0x the immediately preceding hour's 340.01
7767,2013-11-01 18:00:00,HIGH_ACTIVITY,1763.8967,874.1885,HIGH_ACTIVITY: current activity 1763.90 is more than 2.0x this grid's within-day baseline of 874.19
7767,2013-11-01 19:00:00,HIGH_ACTIVITY,2031.4635,874.1885,HIGH_ACTIVITY: current activity 2031.46 is more than 2.0x this grid's within-day baseline of 874.19
7767,2013-11-01 20:00:00,HIGH_ACTIVITY,2322.6381,874.1885,HIGH_ACTIVITY: current activity 2322.64 is more than 2.0x this grid's within-day baseline of 874.19
7767,2013-11-01 21:00:00,HIGH_ACTIVITY,2578.3525,874.1885,HIGH_ACTIVITY: current activity 2578.35 is more than 2.0x this grid's within-day baseline of 874.19
7767,2013-11-01 22:00:00,HIGH_ACTIVITY,2539.0512,874.1885,HIGH_ACTIVITY: current activity 2539.05 is more than 2.0x this grid's within-day baseline of 874.19
7767,2013-11-01 23:00:00,HIGH_ACTIVITY,1769.6505,874.1885,HIGH_ACTIVITY: current activity 1769.65 is more than 2.0x this grid's within-day baseline of 874.19
7768,2013-11-01 08:00:00,ACTIVITY_SPIKE,656.089,323.2173,ACTIVITY_SPIKE: current activity 656.09 is more than 2.0x the immediately preceding hour's 323.22
7768,2013-11-01 18:00:00,HIGH_ACTIVITY,1898.0012,886.9776,HIGH_ACTIVITY: current activity 1898.00 is more than 2.0x this grid's within-day baseline of 886.98
7768,2013-11-01 19:00:00,HIGH_ACTIVITY,2318.5255,886.9776,HIGH_ACTIVITY: current activity 2318.53 is more than 2.0x this grid's within-day baseline of 886.98
7768,2013-11-01 20:00:00,HIGH_ACTIVITY,2652.0452,886.9776,HIGH_ACTIVITY: current activity 2652.05 is more than 2.0x this grid's within-day baseline of 886.98
7768,2013-11-01 21:00:00,HIGH_ACTIVITY,2868.3996,886.9776,HIGH_ACTIVITY: current activity 2868.40 is more than 2.0x this grid's within-day baseline of 886.98
7768,2013-11-01 22:00:00,HIGH_ACTIVITY,2976.6136,886.9776,HIGH_ACTIVITY: current activity 2976.61 is more than 2.0x this grid's within-day baseline of 886.98
7768,2013-11-01 23:00:00,HIGH_ACTIVITY,2048.9244,886.9776,HIGH_ACTIVITY: current activity 2048.92 is more than 2.0x this grid's within-day baseline of 886.98
7769,2013-11-01 00:00:00,HIGH_ACTIVITY,2137.3677,937.7564,HIGH_ACTIVITY: current activity 2137.37 is more than 2.0x this grid's within-day baseline of 937.76
7769,2013-11-01 06:00:00,ACTIVITY_DROP,241.0206,996.8575,ACTIVITY_DROP: current activity 241.02 is below 0.25x this grid's within-day baseline of 996.86
7769,2013-11-01 18:00:00,HIGH_ACTIVITY,1884.4291,937.7564,HIGH_ACTIVITY: current activity 1884.43 is more than 2.0x this grid's within-day baseline of 937.76
7769,2013-11-01 19:00:00,HIGH_ACTIVITY,2665.1731,937.7564,HIGH_ACTIVITY: current activity 2665.17 is more than 2.0x this grid's within-day baseline of 937.76
7769,2013-11-01 20:00:00,HIGH_ACTIVITY,3088.1435,937.7564,HIGH_ACTIVITY: current activity 3088.14 is more than 2.0x this grid's within-day baseline of 937.76
7769,2013-11-01 21:00:00,HIGH_ACTIVITY,3007.9295,937.7564,HIGH_ACTIVITY: current activity 3007.93 is more than 2.0x this grid's within-day baseline of 937.76
7769,2013-11-01 22:00:00,HIGH_ACTIVITY,3807.5823,937.7564,HIGH_ACTIVITY: current activity 3807.58 is more than 2.0x this grid's within-day baseline of 937.76
7769,2013-11-01 23:00:00,HIGH_ACTIVITY,2939.6682,937.7564,HIGH_ACTIVITY: current activity 2939.67 is more than 2.0x this grid's within-day baseline of 937.76
7770,2013-11-01 19:00:00,HIGH_ACTIVITY,1689.2912,773.9397,HIGH_ACTIVITY: current activity 1689.29 is more than 2.0x this grid's within-day baseline of 773.94
7770,2013-11-01 20:00:00,HIGH_ACTIVITY,1869.9597,773.9397,HIGH_ACTIVITY: current activity 1869.96 is more than 2.0x this grid's within-day baseline of 773.94
7770,2013-11-01 21:00:00,HIGH_ACTIVITY,1846.7574,773.9397,HIGH_ACTIVITY: current activity 1846.76 is more than 2.0x this grid's within-day baseline of 773.94
7770,2013-11-01 22:00:00,HIGH_ACTIVITY,2319.5526,773.9397,HIGH_ACTIVITY: current activity 2319.55 is more than 2.0x this grid's within-day baseline of 773.94
7770,2013-11-01 23:00:00,HIGH_ACTIVITY,1915.5936,773.9397,HIGH_ACTIVITY: current activity 1915.59 is more than 2.0x this grid's within-day baseline of 773.94
7822,2013-11-01 00:00:00,ACTIVITY_DROP,11.0725,86.2349,ACTIVITY_DROP: current activity 11.07 is below 0.25x this grid's within-day baseline of 86.23
7822,2013-11-01 01:00:00,ACTIVITY_DROP,9.171,86.2349,ACTIVITY_DROP: current activity 9.17 is below 0.25x this grid's within-day baseline of 86.23
7822,2013-11-01 02:00:00,ACTIVITY_DROP,10.5317,86.2349,ACTIVITY_DROP: current activity 10.53 is below 0.25x this grid's within-day baseline of 86.23
7822,2013-11-01 03:00:00,ACTIVITY_DROP,11.1555,86.2349,ACTIVITY_DROP: current activity 11.16 is below 0.25x this grid's within-day baseline of 86.23
7822,2013-11-01 04:00:00,ACTIVITY_DROP,7.9101,86.2349,ACTIVITY_DROP: current activity 7.91 is below 0.25x this grid's within-day baseline of 86.23
7822,2013-11-01 05:00:00,ACTIVITY_DROP,8.5114,86.2349,ACTIVITY_DROP: current activity 8.51 is below 0.25x this grid's within-day baseline of 86.23
7822,2013-11-01 06:00:00,ACTIVITY_DROP,12.73,86.2349,ACTIVITY_DROP: current activity 12.73 is below 0.25x this grid's within-day baseline of 86.23
7822,2013-11-01 09:00:00,ACTIVITY_SPIKE,347.8375,86.2349,ACTIVITY_SPIKE: current activity 347.84 is more than 2.0x the immediately preceding hour's 86.23
7822,2013-11-01 10:00:00,ACTIVITY_SPIKE,751.0005,347.8375,ACTIVITY_SPIKE: current activity 751.00 is more than 2.0x the immediately preceding hour's 347.84
7823,2013-11-01 00:00:00,ACTIVITY_DROP,13.4866,82.718,ACTIVITY_DROP: current activity 13.49 is below 0.25x this grid's within-day baseline of 82.72
7823,2013-11-01 01:00:00,ACTIVITY_DROP,10.5246,82.718,ACTIVITY_DROP: current activity 10.52 is below 0.25x this grid's within-day baseline of 82.72
7823,2013-11-01 02:00:00,ACTIVITY_DROP,10.0675,82.718,ACTIVITY_DROP: current activity 10.07 is below 0.25x this grid's within-day baseline of 82.72
7823,2013-11-01 03:00:00,ACTIVITY_DROP,9.3129,82.718,ACTIVITY_DROP: current activity 9.31 is below 0.25x this grid's within-day baseline of 82.72
7823,2013-11-01 04:00:00,ACTIVITY_DROP,7.6646,82.718,ACTIVITY_DROP: current activity 7.66 is below 0.25x this grid's within-day baseline of 82.72
7823,2013-11-01 05:00:00,ACTIVITY_DROP,12.4175,82.718,ACTIVITY_DROP: current activity 12.42 is below 0.25x this grid's within-day baseline of 82.72
7823,2013-11-01 06:00:00,ACTIVITY_DROP,10.9229,82.718,ACTIVITY_DROP: current activity 10.92 is below 0.25x this grid's within-day baseline of 82.72
7823,2013-11-01 09:00:00,ACTIVITY_SPIKE,194.5921,82.718,ACTIVITY_SPIKE: current activity 194.59 is more than 2.0x the immediately preceding hour's 82.72
7823,2013-11-01 10:00:00,ACTIVITY_SPIKE,563.4638,194.5921,ACTIVITY_SPIKE: current activity 563.46 is more than 2.0x the immediately preceding hour's 194.59
7823,2013-11-01 20:00:00,ACTIVITY_DROP,19.0099,82.718,ACTIVITY_DROP: current activity 19.01 is below 0.25x this grid's within-day baseline of 82.72
7823,2013-11-01 22:00:00,ACTIVITY_DROP,12.1398,82.718,ACTIVITY_DROP: current activity 12.14 is below 0.25x this grid's within-day baseline of 82.72
7823,2013-11-01 23:00:00,ACTIVITY_DROP,11.7624,82.718,ACTIVITY_DROP: current activity 11.76 is below 0.25x this grid's within-day baseline of 82.72
7824,2013-11-01 00:00:00,ACTIVITY_DROP,16.0722,114.0005,ACTIVITY_DROP: current activity 16.07 is below 0.25x this grid's within-day baseline of 114.00
7824,2013-11-01 01:00:00,ACTIVITY_DROP,9.9206,114.0005,ACTIVITY_DROP: current activity 9.92 is below 0.25x this grid's within-day baseline of 114.00
7824,2013-11-01 02:00:00,ACTIVITY_DROP,6.8377,114.0005,ACTIVITY_DROP: current activity 6.84 is below 0.25x this grid's within-day baseline of 114.00
7824,2013-11-01 03:00:00,ACTIVITY_DROP,4.9378,114.0005,ACTIVITY_DROP: current activity 4.94 is below 0.25x this grid's within-day baseline of 114.00
7824,2013-11-01 04:00:00,ACTIVITY_DROP,5.532,114.0005,ACTIVITY_DROP: current activity 5.53 is below 0.25x this grid's within-day baseline of 114.00
7824,2013-11-01 05:00:00,ACTIVITY_DROP,7.0814,114.0005,ACTIVITY_DROP: current activity 7.08 is below 0.25x this grid's within-day baseline of 114.00
7824,2013-11-01 06:00:00,ACTIVITY_DROP,14.6385,114.0005,ACTIVITY_DROP: current activity 14.64 is below 0.25x this grid's within-day baseline of 114.00
7824,2013-11-01 10:00:00,HIGH_ACTIVITY,272.6522,97.9628,HIGH_ACTIVITY: current activity 272.65 is more than 2.0x this grid's within-day baseline of 97.96
7824,2013-11-01 11:00:00,HIGH_ACTIVITY,352.3267,97.9628,HIGH_ACTIVITY: current activity 352.33 is more than 2.0x this grid's within-day baseline of 97.96
7824,2013-11-01 12:00:00,HIGH_ACTIVITY,368.6301,97.9628,HIGH_ACTIVITY: current activity 368.63 is more than 2.0x this grid's within-day baseline of 97.96
7824,2013-11-01 13:00:00,HIGH_ACTIVITY,361.1345,97.9628,HIGH_ACTIVITY: current activity 361.13 is more than 2.0x this grid's within-day baseline of 97.96
7824,2013-11-01 14:00:00,HIGH_ACTIVITY,403.2288,97.9628,HIGH_ACTIVITY: current activity 403.23 is more than 2.0x this grid's within-day baseline of 97.96
7824,2013-11-01 15:00:00,HIGH_ACTIVITY,333.9844,97.9628,HIGH_ACTIVITY: current activity 333.98 is more than 2.0x this grid's within-day baseline of 97.96
7824,2013-11-01 16:00:00,HIGH_ACTIVITY,341.0253,97.9628,HIGH_ACTIVITY: current activity 341.03 is more than 2.0x this grid's within-day baseline of 97.96
7824,2013-11-01 17:00:00,HIGH_ACTIVITY,349.3255,97.9628,HIGH_ACTIVITY: current activity 349.33 is more than 2.0x this grid's within-day baseline of 97.96
7824,2013-11-01 18:00:00,HIGH_ACTIVITY,236.2722,97.9628,HIGH_ACTIVITY: current activity 236.27 is more than 2.0x this grid's within-day baseline of 97.96
7829,2013-11-01 10:00:00,HIGH_ACTIVITY,399.2537,165.8907,HIGH_ACTIVITY: current activity 399.25 is more than 2.0x this grid's within-day baseline of 165.89
7829,2013-11-01 10:00:00,ACTIVITY_SPIKE,399.2537,151.6679,ACTIVITY_SPIKE: current activity 399.25 is more than 2.0x the immediately preceding hour's 151.67
7830,2013-11-01 10:00:00,HIGH_ACTIVITY,452.5467,173.967,HIGH_ACTIVITY: current activity 452.55 is more than 2.0x this grid's within-day baseline of 173.97
7830,2013-11-01 10:00:00,ACTIVITY_SPIKE,452.5467,160.4577,ACTIVITY_SPIKE: current activity 452.55 is more than 2.0x the immediately preceding hour's 160.46
7833,2013-11-01 11:00:00,HIGH_ACTIVITY,265.1415,126.092,HIGH_ACTIVITY: current activity 265.14 is more than 2.0x this grid's within-day baseline of 126.09
7833,2013-11-01 16:00:00,HIGH_ACTIVITY,256.825,126.092,HIGH_ACTIVITY: current activity 256.82 is more than 2.0x this grid's within-day baseline of 126.09
7835,2013-11-01 05:00:00,ACTIVITY_SPIKE,296.005,147.114,ACTIVITY_SPIKE: current activity 296.00 is more than 2.0x the immediately preceding hour's 147.11
7846,2013-11-01 17:00:00,HIGH_ACTIVITY,808.8127,367.0048,HIGH_ACTIVITY: current activity 808.81 is more than 2.0x this grid's within-day baseline of 367.00
7846,2013-11-01 18:00:00,HIGH_ACTIVITY,934.1831,367.0048,HIGH_ACTIVITY: current activity 934.18 is more than 2.0x this grid's within-day baseline of 367.00
7847,2013-11-01 17:00:00,HIGH_ACTIVITY,949.8624,421.9558,HIGH_ACTIVITY: current activity 949.86 is more than 2.0x this grid's within-day baseline of 421.96
7847,2013-11-01 18:00:00,HIGH_ACTIVITY,1112.333,421.9558,HIGH_ACTIVITY: current activity 1112.33 is more than 2.0x this grid's within-day baseline of 421.96
7848,2013-11-01 03:00:00,HIGH_ACTIVITY,427.4517,192.7151,HIGH_ACTIVITY: current activity 427.45 is more than 2.0x this grid's within-day baseline of 192.72
7848,2013-11-01 03:00:00,ACTIVITY_SPIKE,427.4517,101.3183,ACTIVITY_SPIKE: current activity 427.45 is more than 2.0x the immediately preceding hour's 101.32
7868,2013-11-01 00:00:00,HIGH_ACTIVITY,2089.7137,887.7476,HIGH_ACTIVITY: current activity 2089.71 is more than 2.0x this grid's within-day baseline of 887.75
7868,2013-11-01 04:00:00,ACTIVITY_DROP,240.7221,1002.7538,ACTIVITY_DROP: current activity 240.72 is below 0.25x this grid's within-day baseline of 1002.75
7868,2013-11-01 05:00:00,ACTIVITY_DROP,242.7254,1002.7538,ACTIVITY_DROP: current activity 242.73 is below 0.25x this grid's within-day baseline of 1002.75
7868,2013-11-01 06:00:00,ACTIVITY_DROP,236.8554,1002.7538,ACTIVITY_DROP: current activity 236.86 is below 0.25x this grid's within-day baseline of 1002.75
7868,2013-11-01 07:00:00,ACTIVITY_DROP,238.035,1002.7538,ACTIVITY_DROP: current activity 238.03 is below 0.25x this grid's within-day baseline of 1002.75
7868,2013-11-01 18:00:00,HIGH_ACTIVITY,1926.6289,887.7476,HIGH_ACTIVITY: current activity 1926.63 is more than 2.0x this grid's within-day baseline of 887.75
7868,2013-11-01 19:00:00,HIGH_ACTIVITY,2682.4413,887.7476,HIGH_ACTIVITY: current activity 2682.44 is more than 2.0x this grid's within-day baseline of 887.75
7868,2013-11-01 20:00:00,HIGH_ACTIVITY,3109.3155,887.7476,HIGH_ACTIVITY: current activity 3109.32 is more than 2.0x this grid's within-day baseline of 887.75
7868,2013-11-01 21:00:00,HIGH_ACTIVITY,3078.5431,887.7476,HIGH_ACTIVITY: current activity 3078.54 is more than 2.0x this grid's within-day baseline of 887.75
7868,2013-11-01 22:00:00,HIGH_ACTIVITY,3782.6598,887.7476,HIGH_ACTIVITY: current activity 3782.66 is more than 2.0x this grid's within-day baseline of 887.75
7868,2013-11-01 23:00:00,HIGH_ACTIVITY,2857.2095,887.7476,HIGH_ACTIVITY: current activity 2857.21 is more than 2.0x this grid's within-day baseline of 887.75
7869,2013-11-01 00:00:00,HIGH_ACTIVITY,2234.6126,951.8446,HIGH_ACTIVITY: current activity 2234.61 is more than 2.0x this grid's within-day baseline of 951.84
7869,2013-11-01 03:00:00,ACTIVITY_DROP,239.9473,997.761,ACTIVITY_DROP: current activity 239.95 is below 0.25x this grid's within-day baseline of 997.76
7869,2013-11-01 04:00:00,ACTIVITY_DROP,228.9659,997.761,ACTIVITY_DROP: current activity 228.97 is below 0.25x this grid's within-day baseline of 997.76
7869,2013-11-01 05:00:00,ACTIVITY_DROP,222.9487,997.761,ACTIVITY_DROP: current activity 222.95 is below 0.25x this grid's within-day baseline of 997.76
7869,2013-11-01 06:00:00,ACTIVITY_DROP,213.6402,997.761,ACTIVITY_DROP: current activity 213.64 is below 0.25x this grid's within-day baseline of 997.76
7869,2013-11-01 07:00:00,ACTIVITY_DROP,207.2236,997.761,ACTIVITY_DROP: current activity 207.22 is below 0.25x this grid's within-day baseline of 997.76
7869,2013-11-01 18:00:00,HIGH_ACTIVITY,1943.5778,951.8446,HIGH_ACTIVITY: current activity 1943.58 is more than 2.0x this grid's within-day baseline of 951.84
7869,2013-11-01 19:00:00,HIGH_ACTIVITY,2795.1487,951.8446,HIGH_ACTIVITY: current activity 2795.15 is more than 2.0x this grid's within-day baseline of 951.84
7869,2013-11-01 20:00:00,HIGH_ACTIVITY,3256.358,951.8446,HIGH_ACTIVITY: current activity 3256.36 is more than 2.0x this grid's within-day baseline of 951.84
7869,2013-11-01 21:00:00,HIGH_ACTIVITY,3149.7188,951.8446,HIGH_ACTIVITY: current activity 3149.72 is more than 2.0x this grid's within-day baseline of 951.84
7869,2013-11-01 22:00:00,HIGH_ACTIVITY,4035.0539,951.8446,HIGH_ACTIVITY: current activity 4035.05 is more than 2.0x this grid's within-day baseline of 951.84
7869,2013-11-01 23:00:00,HIGH_ACTIVITY,3106.7796,951.8446,HIGH_ACTIVITY: current activity 3106.78 is more than 2.0x this grid's within-day baseline of 951.84
7870,2013-11-01 00:00:00,HIGH_ACTIVITY,1608.2388,773.3949,HIGH_ACTIVITY: current activity 1608.24 is more than 2.0x this grid's within-day baseline of 773.39
7870,2013-11-01 19:00:00,HIGH_ACTIVITY,2034.3589,773.3949,HIGH_ACTIVITY: current activity 2034.36 is more than 2.0x this grid's within-day baseline of 773.39
7870,2013-11-01 20:00:00,HIGH_ACTIVITY,2348.3785,773.3949,HIGH_ACTIVITY: current activity 2348.38 is more than 2.0x this grid's within-day baseline of 773.39
7870,2013-11-01 21:00:00,HIGH_ACTIVITY,2276.9341,773.3949,HIGH_ACTIVITY: current activity 2276.93 is more than 2.0x this grid's within-day baseline of 773.39
7870,2013-11-01 22:00:00,HIGH_ACTIVITY,2846.5365,773.3949,HIGH_ACTIVITY: current activity 2846.54 is more than 2.0x this grid's within-day baseline of 773.39
7870,2013-11-01 23:00:00,HIGH_ACTIVITY,2242.6235,773.3949,HIGH_ACTIVITY: current activity 2242.62 is more than 2.0x this grid's within-day baseline of 773.39
7886,2013-11-01 14:00:00,HIGH_ACTIVITY,1487.8583,664.7544,HIGH_ACTIVITY: current activity 1487.86 is more than 2.0x this grid's within-day baseline of 664.75
7887,2013-11-01 14:00:00,HIGH_ACTIVITY,1757.3197,663.1315,HIGH_ACTIVITY: current activity 1757.32 is more than 2.0x this grid's within-day baseline of 663.13
7887,2013-11-01 14:00:00,ACTIVITY_SPIKE,1757.3197,777.8318,ACTIVITY_SPIKE: current activity 1757.32 is more than 2.0x the immediately preceding hour's 777.83
7917,2013-11-01 17:00:00,HIGH_ACTIVITY,289.8736,143.2535,HIGH_ACTIVITY: current activity 289.87 is more than 2.0x this grid's within-day baseline of 143.25
7922,2013-11-01 03:00:00,ACTIVITY_DROP,45.3488,212.4559,ACTIVITY_DROP: current activity 45.35 is below 0.25x this grid's within-day baseline of 212.46
7922,2013-11-01 04:00:00,ACTIVITY_DROP,39.8436,212.4559,ACTIVITY_DROP: current activity 39.84 is below 0.25x this grid's within-day baseline of 212.46
7922,2013-11-01 05:00:00,ACTIVITY_DROP,47.9646,212.4559,ACTIVITY_DROP: current activity 47.96 is below 0.25x this grid's within-day baseline of 212.46
7922,2013-11-01 06:00:00,ACTIVITY_DROP,44.0328,212.4559,ACTIVITY_DROP: current activity 44.03 is below 0.25x this grid's within-day baseline of 212.46
7922,2013-11-01 12:00:00,HIGH_ACTIVITY,411.7177,196.6809,HIGH_ACTIVITY: current activity 411.72 is more than 2.0x this grid's within-day baseline of 196.68
7922,2013-11-01 15:00:00,HIGH_ACTIVITY,438.9828,196.6809,HIGH_ACTIVITY: current activity 438.98 is more than 2.0x this grid's within-day baseline of 196.68
7922,2013-11-01 17:00:00,HIGH_ACTIVITY,527.5606,196.6809,HIGH_ACTIVITY: current activity 527.56 is more than 2.0x this grid's within-day baseline of 196.68
7922,2013-11-01 22:00:00,ACTIVITY_SPIKE,271.3072,103.6668,ACTIVITY_SPIKE: current activity 271.31 is more than 2.0x the immediately preceding hour's 103.67
7923,2013-11-01 03:00:00,ACTIVITY_DROP,27.9589,126.4411,ACTIVITY_DROP: current activity 27.96 is below 0.25x this grid's within-day baseline of 126.44
7923,2013-11-01 04:00:00,ACTIVITY_DROP,23.7043,126.4411,ACTIVITY_DROP: current activity 23.70 is below 0.25x this grid's within-day baseline of 126.44
7923,2013-11-01 05:00:00,ACTIVITY_DROP,31.3524,126.4411,ACTIVITY_DROP: current activity 31.35 is below 0.25x this grid's within-day baseline of 126.44
7923,2013-11-01 06:00:00,ACTIVITY_DROP,27.822,126.4411,ACTIVITY_DROP: current activity 27.82 is below 0.25x this grid's within-day baseline of 126.44
7923,2013-11-01 10:00:00,HIGH_ACTIVITY,267.6482,125.1423,HIGH_ACTIVITY: current activity 267.65 is more than 2.0x this grid's within-day baseline of 125.14
7923,2013-11-01 10:00:00,ACTIVITY_SPIKE,267.6482,126.4411,ACTIVITY_SPIKE: current activity 267.65 is more than 2.0x the immediately preceding hour's 126.44
7923,2013-11-01 15:00:00,HIGH_ACTIVITY,250.7403,125.1423,HIGH_ACTIVITY: current activity 250.74 is more than 2.0x this grid's within-day baseline of 125.14
7923,2013-11-01 16:00:00,HIGH_ACTIVITY,303.6565,125.1423,HIGH_ACTIVITY: current activity 303.66 is more than 2.0x this grid's within-day baseline of 125.14
7923,2013-11-01 17:00:00,HIGH_ACTIVITY,465.3071,125.1423,HIGH_ACTIVITY: current activity 465.31 is more than 2.0x this grid's within-day baseline of 125.14
7923,2013-11-01 18:00:00,HIGH_ACTIVITY,252.4576,125.1423,HIGH_ACTIVITY: current activity 252.46 is more than 2.0x this grid's within-day baseline of 125.14
7924,2013-11-01 01:00:00,ACTIVITY_DROP,18.531,78.2584,ACTIVITY_DROP: current activity 18.53 is below 0.25x this grid's within-day baseline of 78.26
7924,2013-11-01 02:00:00,ACTIVITY_DROP,15.6488,78.2584,ACTIVITY_DROP: current activity 15.65 is below 0.25x this grid's within-day baseline of 78.26
7924,2013-11-01 03:00:00,ACTIVITY_DROP,13.3502,78.2584,ACTIVITY_DROP: current activity 13.35 is below 0.25x this grid's within-day baseline of 78.26
7924,2013-11-01 04:00:00,ACTIVITY_DROP,11.2391,78.2584,ACTIVITY_DROP: current activity 11.24 is below 0.25x this grid's within-day baseline of 78.26
7924,2013-11-01 05:00:00,ACTIVITY_DROP,15.4045,78.2584,ACTIVITY_DROP: current activity 15.40 is below 0.25x this grid's within-day baseline of 78.26
7924,2013-11-01 06:00:00,ACTIVITY_DROP,15.8276,78.2584,ACTIVITY_DROP: current activity 15.83 is below 0.25x this grid's within-day baseline of 78.26
7924,2013-11-01 10:00:00,ACTIVITY_SPIKE,217.1039,106.7967,ACTIVITY_SPIKE: current activity 217.10 is more than 2.0x the immediately preceding hour's 106.80
7935,2013-11-01 05:00:00,ACTIVITY_SPIKE,297.5025,146.8171,ACTIVITY_SPIKE: current activity 297.50 is more than 2.0x the immediately preceding hour's 146.82
7947,2013-11-01 18:00:00,HIGH_ACTIVITY,611.0636,305.4124,HIGH_ACTIVITY: current activity 611.06 is more than 2.0x this grid's within-day baseline of 305.41
7948,2013-11-01 03:00:00,HIGH_ACTIVITY,600.7589,168.1968,HIGH_ACTIVITY: current activity 600.76 is more than 2.0x this grid's within-day baseline of 168.20
7948,2013-11-01 03:00:00,ACTIVITY_SPIKE,600.7589,108.9564,ACTIVITY_SPIKE: current activity 600.76 is more than 2.0x the immediately preceding hour's 108.96
7968,2013-11-01 00:00:00,HIGH_ACTIVITY,1100.9816,535.1824,HIGH_ACTIVITY: current activity 1100.98 is more than 2.0x this grid's within-day baseline of 535.18
7968,2013-11-01 18:00:00,HIGH_ACTIVITY,1101.1033,535.1824,HIGH_ACTIVITY: current activity 1101.10 is more than 2.0x this grid's within-day baseline of 535.18
7968,2013-11-01 19:00:00,HIGH_ACTIVITY,1428.8167,535.1824,HIGH_ACTIVITY: current activity 1428.82 is more than 2.0x this grid's within-day baseline of 535.18
7968,2013-11-01 20:00:00,HIGH_ACTIVITY,1619.9237,535.1824,HIGH_ACTIVITY: current activity 1619.92 is more than 2.0x this grid's within-day baseline of 535.18
7968,2013-11-01 21:00:00,HIGH_ACTIVITY,1589.448,535.1824,HIGH_ACTIVITY: current activity 1589.45 is more than 2.0x this grid's within-day baseline of 535.18
7968,2013-11-01 22:00:00,HIGH_ACTIVITY,2039.7373,535.1824,HIGH_ACTIVITY: current activity 2039.74 is more than 2.0x this grid's within-day baseline of 535.18
7968,2013-11-01 23:00:00,HIGH_ACTIVITY,1574.2253,535.1824,HIGH_ACTIVITY: current activity 1574.23 is more than 2.0x this grid's within-day baseline of 535.18
7969,2013-11-01 00:00:00,HIGH_ACTIVITY,2115.6465,906.2923,HIGH_ACTIVITY: current activity 2115.65 is more than 2.0x this grid's within-day baseline of 906.29
7969,2013-11-01 03:00:00,ACTIVITY_DROP,235.803,963.9192,ACTIVITY_DROP: current activity 235.80 is below 0.25x this grid's within-day baseline of 963.92
7969,2013-11-01 04:00:00,ACTIVITY_DROP,224.8363,963.9192,ACTIVITY_DROP: current activity 224.84 is below 0.25x this grid's within-day baseline of 963.92
7969,2013-11-01 05:00:00,ACTIVITY_DROP,218.8114,963.9192,ACTIVITY_DROP: current activity 218.81 is below 0.25x this grid's within-day baseline of 963.92
7969,2013-11-01 06:00:00,ACTIVITY_DROP,213.5759,963.9192,ACTIVITY_DROP: current activity 213.58 is below 0.25x this grid's within-day baseline of 963.92
7969,2013-11-01 07:00:00,ACTIVITY_DROP,206.916,963.9192,ACTIVITY_DROP: current activity 206.92 is below 0.25x this grid's within-day baseline of 963.92
7969,2013-11-01 18:00:00,HIGH_ACTIVITY,1858.9011,906.2923,HIGH_ACTIVITY: current activity 1858.90 is more than 2.0x this grid's within-day baseline of 906.29
7969,2013-11-01 19:00:00,HIGH_ACTIVITY,2656.6821,906.2923,HIGH_ACTIVITY: current activity 2656.68 is more than 2.0x this grid's within-day baseline of 906.29
7969,2013-11-01 20:00:00,HIGH_ACTIVITY,3085.9882,906.2923,HIGH_ACTIVITY: current activity 3085.99 is more than 2.0x this grid's within-day baseline of 906.29
7969,2013-11-01 21:00:00,HIGH_ACTIVITY,2986.4898,906.2923,HIGH_ACTIVITY: current activity 2986.49 is more than 2.0x this grid's within-day baseline of 906.29
7969,2013-11-01 22:00:00,HIGH_ACTIVITY,3825.0931,906.2923,HIGH_ACTIVITY: current activity 3825.09 is more than 2.0x this grid's within-day baseline of 906.29
7969,2013-11-01 23:00:00,HIGH_ACTIVITY,2946.197,906.2923,HIGH_ACTIVITY: current activity 2946.20 is more than 2.0x this grid's within-day baseline of 906.29
7970,2013-11-01 19:00:00,HIGH_ACTIVITY,1272.2309,584.5441,HIGH_ACTIVITY: current activity 1272.23 is more than 2.0x this grid's within-day baseline of 584.54
7970,2013-11-01 20:00:00,HIGH_ACTIVITY,1399.9819,584.5441,HIGH_ACTIVITY: current activity 1399.98 is more than 2.0x this grid's within-day baseline of 584.54
7970,2013-11-01 21:00:00,HIGH_ACTIVITY,1385.6441,584.5441,HIGH_ACTIVITY: current activity 1385.64 is more than 2.0x this grid's within-day baseline of 584.54
7970,2013-11-01 22:00:00,HIGH_ACTIVITY,1590.0423,584.5441,HIGH_ACTIVITY: current activity 1590.04 is more than 2.0x this grid's within-day baseline of 584.54
7970,2013-11-01 23:00:00,HIGH_ACTIVITY,1301.3116,584.5441,HIGH_ACTIVITY: current activity 1301.31 is more than 2.0x this grid's within-day baseline of 584.54
7985,2013-11-01 07:00:00,ACTIVITY_SPIKE,973.5744,304.2361,ACTIVITY_SPIKE: current activity 973.57 is more than 2.0x the immediately preceding hour's 304.24
7986,2013-11-01 07:00:00,ACTIVITY_SPIKE,1498.3078,359.2409,ACTIVITY_SPIKE: current activity 1498.31 is more than 2.0x the immediately preceding hour's 359.24
7987,2013-11-01 14:00:00,HIGH_ACTIVITY,1353.9568,587.0186,HIGH_ACTIVITY: current activity 1353.96 is more than 2.0x this grid's within-day baseline of 587.02
7987,2013-11-01 14:00:00,ACTIVITY_SPIKE,1353.9568,633.1628,ACTIVITY_SPIKE: current activity 1353.96 is more than 2.0x the immediately preceding hour's 633.16
8023,2013-11-01 04:00:00,ACTIVITY_DROP,51.2743,223.6436,ACTIVITY_DROP: current activity 51.27 is below 0.25x this grid's within-day baseline of 223.64
8023,2013-11-01 06:00:00,ACTIVITY_DROP,54.7642,223.6436,ACTIVITY_DROP: current activity 54.76 is below 0.25x this grid's within-day baseline of 223.64
8023,2013-11-01 15:00:00,HIGH_ACTIVITY,491.5611,221.3346,HIGH_ACTIVITY: current activity 491.56 is more than 2.0x this grid's within-day baseline of 221.33
8023,2013-11-01 17:00:00,HIGH_ACTIVITY,518.6736,221.3346,HIGH_ACTIVITY: current activity 518.67 is more than 2.0x this grid's within-day baseline of 221.33
8023,2013-11-01 22:00:00,ACTIVITY_SPIKE,302.4098,126.2757,ACTIVITY_SPIKE: current activity 302.41 is more than 2.0x the immediately preceding hour's 126.28
8024,2013-11-01 12:00:00,HIGH_ACTIVITY,349.2722,98.2406,HIGH_ACTIVITY: current activity 349.27 is more than 2.0x this grid's within-day baseline of 98.24
8024,2013-11-01 12:00:00,ACTIVITY_SPIKE,349.2722,150.9244,ACTIVITY_SPIKE: current activity 349.27 is more than 2.0x the immediately preceding hour's 150.92
8024,2013-11-01 16:00:00,HIGH_ACTIVITY,202.2189,98.2406,HIGH_ACTIVITY: current activity 202.22 is more than 2.0x this grid's within-day baseline of 98.24
8024,2013-11-01 17:00:00,HIGH_ACTIVITY,224.3106,98.2406,HIGH_ACTIVITY: current activity 224.31 is more than 2.0x this grid's within-day baseline of 98.24
8024,2013-11-01 22:00:00,HIGH_ACTIVITY,208.2478,98.2406,HIGH_ACTIVITY: current activity 208.25 is more than 2.0x this grid's within-day baseline of 98.24
8024,2013-11-01 23:00:00,HIGH_ACTIVITY,249.3023,98.2406,HIGH_ACTIVITY: current activity 249.30 is more than 2.0x this grid's within-day baseline of 98.24
8038,2013-11-01 07:00:00,ACTIVITY_SPIKE,357.1482,176.6074,ACTIVITY_SPIKE: current activity 357.15 is more than 2.0x the immediately preceding hour's 176.61
8039,2013-11-01 07:00:00,ACTIVITY_SPIKE,334.7494,160.218,ACTIVITY_SPIKE: current activity 334.75 is more than 2.0x the immediately preceding hour's 160.22
8040,2013-11-01 07:00:00,ACTIVITY_SPIKE,309.7118,149.5612,ACTIVITY_SPIKE: current activity 309.71 is more than 2.0x the immediately preceding hour's 149.56
8069,2013-11-01 02:00:00,ACTIVITY_DROP,124.419,519.7299,ACTIVITY_DROP: current activity 124.42 is below 0.25x this grid's within-day baseline of 519.73
8069,2013-11-01 03:00:00,ACTIVITY_DROP,119.612,519.7299,ACTIVITY_DROP: current activity 119.61 is below 0.25x this grid's within-day baseline of 519.73
8069,2013-11-01 04:00:00,ACTIVITY_DROP,120.3334,519.7299,ACTIVITY_DROP: current activity 120.33 is below 0.25x this grid's within-day baseline of 519.73
8069,2013-11-01 05:00:00,ACTIVITY_DROP,115.804,519.7299,ACTIVITY_DROP: current activity 115.80 is below 0.25x this grid's within-day baseline of 519.73
8069,2013-11-01 17:00:00,HIGH_ACTIVITY,1061.9183,458.896,HIGH_ACTIVITY: current activity 1061.92 is more than 2.0x this grid's within-day baseline of 458.90
8069,2013-11-01 18:00:00,HIGH_ACTIVITY,1044.0155,458.896,HIGH_ACTIVITY: current activity 1044.02 is more than 2.0x this grid's within-day baseline of 458.90
8069,2013-11-01 19:00:00,HIGH_ACTIVITY,1113.6552,458.896,HIGH_ACTIVITY: current activity 1113.66 is more than 2.0x this grid's within-day baseline of 458.90
8070,2013-11-01 17:00:00,HIGH_ACTIVITY,1117.7233,552.3517,HIGH_ACTIVITY: current activity 1117.72 is more than 2.0x this grid's within-day baseline of 552.35
8070,2013-11-01 19:00:00,HIGH_ACTIVITY,1170.2557,552.3517,HIGH_ACTIVITY: current activity 1170.26 is more than 2.0x this grid's within-day baseline of 552.35
8084,2013-11-01 07:00:00,ACTIVITY_SPIKE,1412.8018,403.1467,ACTIVITY_SPIKE: current activity 1412.80 is more than 2.0x the immediately preceding hour's 403.15
8130,2013-11-01 02:00:00,ACTIVITY_SPIKE,322.7375,151.5662,ACTIVITY_SPIKE: current activity 322.74 is more than 2.0x the immediately preceding hour's 151.57
8138,2013-11-01 07:00:00,ACTIVITY_SPIKE,323.3937,153.0483,ACTIVITY_SPIKE: current activity 323.39 is more than 2.0x the immediately preceding hour's 153.05
8139,2013-11-01 07:00:00,ACTIVITY_SPIKE,318.201,148.4854,ACTIVITY_SPIKE: current activity 318.20 is more than 2.0x the immediately preceding hour's 148.49
8169,2013-11-01 00:00:00,ACTIVITY_DROP,412.2554,3032.5231,ACTIVITY_DROP: current activity 412.26 is below 0.25x this grid's within-day baseline of 3032.52
8169,2013-11-01 01:00:00,ACTIVITY_DROP,157.0793,3032.5231,ACTIVITY_DROP: current activity 157.08 is below 0.25x this grid's within-day baseline of 3032.52
8169,2013-11-01 02:00:00,ACTIVITY_DROP,114.9209,3032.5231,ACTIVITY_DROP: current activity 114.92 is below 0.25x this grid's within-day baseline of 3032.52
8169,2013-11-01 03:00:00,ACTIVITY_DROP,104.6333,3032.5231,ACTIVITY_DROP: current activity 104.63 is below 0.25x this grid's within-day baseline of 3032.52
8169,2013-11-01 04:00:00,ACTIVITY_DROP,122.0284,3032.5231,ACTIVITY_DROP: current activity 122.03 is below 0.25x this grid's within-day baseline of 3032.52
8169,2013-11-01 05:00:00,ACTIVITY_DROP,162.7009,3032.5231,ACTIVITY_DROP: current activity 162.70 is below 0.25x this grid's within-day baseline of 3032.52
8169,2013-11-01 06:00:00,ACTIVITY_DROP,244.5361,3032.5231,ACTIVITY_DROP: current activity 244.54 is below 0.25x this grid's within-day baseline of 3032.52
8169,2013-11-01 07:00:00,ACTIVITY_DROP,243.5643,3032.5231,ACTIVITY_DROP: current activity 243.56 is below 0.25x this grid's within-day baseline of 3032.52
8169,2013-11-01 08:00:00,ACTIVITY_DROP,606.3016,3032.5231,ACTIVITY_DROP: current activity 606.30 is below 0.25x this grid's within-day baseline of 3032.52
8169,2013-11-01 08:00:00,ACTIVITY_SPIKE,606.3016,243.5643,ACTIVITY_SPIKE: current activity 606.30 is more than 2.0x the immediately preceding hour's 243.56
8169,2013-11-01 09:00:00,ACTIVITY_SPIKE,1947.6382,606.3016,ACTIVITY_SPIKE: current activity 1947.64 is more than 2.0x the immediately preceding hour's 606.30
8169,2013-11-01 12:00:00,HIGH_ACTIVITY,4017.4412,1959.5647,HIGH_ACTIVITY: current activity 4017.44 is more than 2.0x this grid's within-day baseline of 1959.56
8169,2013-11-01 14:00:00,HIGH_ACTIVITY,4094.5222,1959.5647,HIGH_ACTIVITY: current activity 4094.52 is more than 2.0x this grid's within-day baseline of 1959.56
8169,2013-11-01 15:00:00,HIGH_ACTIVITY,5215.8105,1959.5647,HIGH_ACTIVITY: current activity 5215.81 is more than 2.0x this grid's within-day baseline of 1959.56
8169,2013-11-01 16:00:00,HIGH_ACTIVITY,6361.4276,1959.5647,HIGH_ACTIVITY: current activity 6361.43 is more than 2.0x this grid's within-day baseline of 1959.56
8169,2013-11-01 17:00:00,HIGH_ACTIVITY,8110.5766,1959.5647,HIGH_ACTIVITY: current activity 8110.58 is more than 2.0x this grid's within-day baseline of 1959.56
8169,2013-11-01 18:00:00,HIGH_ACTIVITY,7224.4597,1959.5647,HIGH_ACTIVITY: current activity 7224.46 is more than 2.0x this grid's within-day baseline of 1959.56
8169,2013-11-01 19:00:00,HIGH_ACTIVITY,6519.6859,1959.5647,HIGH_ACTIVITY: current activity 6519.69 is more than 2.0x this grid's within-day baseline of 1959.56
8169,2013-11-01 20:00:00,HIGH_ACTIVITY,4092.1973,1959.5647,HIGH_ACTIVITY: current activity 4092.20 is more than 2.0x this grid's within-day baseline of 1959.56
8170,2013-11-01 01:00:00,ACTIVITY_DROP,143.8302,578.2964,ACTIVITY_DROP: current activity 143.83 is below 0.25x this grid's within-day baseline of 578.30
8170,2013-11-01 02:00:00,ACTIVITY_DROP,109.9814,578.2964,ACTIVITY_DROP: current activity 109.98 is below 0.25x this grid's within-day baseline of 578.30
8170,2013-11-01 03:00:00,ACTIVITY_DROP,104.4768,578.2964,ACTIVITY_DROP: current activity 104.48 is below 0.25x this grid's within-day baseline of 578.30
8170,2013-11-01 04:00:00,ACTIVITY_DROP,107.2057,578.2964,ACTIVITY_DROP: current activity 107.21 is below 0.25x this grid's within-day baseline of 578.30
8170,2013-11-01 05:00:00,ACTIVITY_DROP,103.8613,578.2964,ACTIVITY_DROP: current activity 103.86 is below 0.25x this grid's within-day baseline of 578.30
8170,2013-11-01 06:00:00,ACTIVITY_DROP,140.8711,578.2964,ACTIVITY_DROP: current activity 140.87 is below 0.25x this grid's within-day baseline of 578.30
8170,2013-11-01 07:00:00,ACTIVITY_DROP,113.6963,578.2964,ACTIVITY_DROP: current activity 113.70 is below 0.25x this grid's within-day baseline of 578.30
8170,2013-11-01 09:00:00,ACTIVITY_SPIKE,370.1279,156.3423,ACTIVITY_SPIKE: current activity 370.13 is more than 2.0x the immediately preceding hour's 156.34
8170,2013-11-01 17:00:00,HIGH_ACTIVITY,1261.1644,506.171,HIGH_ACTIVITY: current activity 1261.16 is more than 2.0x this grid's within-day baseline of 506.17
8170,2013-11-01 18:00:00,HIGH_ACTIVITY,1219.6404,506.171,HIGH_ACTIVITY: current activity 1219.64 is more than 2.0x this grid's within-day baseline of 506.17
8170,2013-11-01 19:00:00,HIGH_ACTIVITY,1315.2762,506.171,HIGH_ACTIVITY: current activity 1315.28 is more than 2.0x this grid's within-day baseline of 506.17
8184,2013-11-01 07:00:00,ACTIVITY_SPIKE,759.7821,284.3311,ACTIVITY_SPIKE: current activity 759.78 is more than 2.0x the immediately preceding hour's 284.33
8211,2013-11-01 09:00:00,ACTIVITY_SPIKE,709.0707,308.4075,ACTIVITY_SPIKE: current activity 709.07 is more than 2.0x the immediately preceding hour's 308.41
8231,2013-11-01 23:00:00,ACTIVITY_SPIKE,339.3704,130.4507,ACTIVITY_SPIKE: current activity 339.37 is more than 2.0x the immediately preceding hour's 130.45
8232,2013-11-01 23:00:00,ACTIVITY_SPIKE,358.3858,146.0295,ACTIVITY_SPIKE: current activity 358.39 is more than 2.0x the immediately preceding hour's 146.03
8237,2013-11-01 07:00:00,ACTIVITY_SPIKE,333.7794,166.5332,ACTIVITY_SPIKE: current activity 333.78 is more than 2.0x the immediately preceding hour's 166.53
8268,2013-11-01 19:00:00,HIGH_ACTIVITY,754.4736,374.5723,HIGH_ACTIVITY: current activity 754.47 is more than 2.0x this grid's within-day baseline of 374.57
8269,2013-11-01 01:00:00,ACTIVITY_DROP,134.9081,1074.8237,ACTIVITY_DROP: current activity 134.91 is below 0.25x this grid's within-day baseline of 1074.82
8269,2013-11-01 02:00:00,ACTIVITY_DROP,100.9158,1074.8237,ACTIVITY_DROP: current activity 100.92 is below 0.25x this grid's within-day baseline of 1074.82
8269,2013-11-01 03:00:00,ACTIVITY_DROP,96.4372,1074.8237,ACTIVITY_DROP: current activity 96.44 is below 0.25x this grid's within-day baseline of 1074.82
8269,2013-11-01 04:00:00,ACTIVITY_DROP,104.2118,1074.8237,ACTIVITY_DROP: current activity 104.21 is below 0.25x this grid's within-day baseline of 1074.82
8269,2013-11-01 05:00:00,ACTIVITY_DROP,111.9937,1074.8237,ACTIVITY_DROP: current activity 111.99 is below 0.25x this grid's within-day baseline of 1074.82
8269,2013-11-01 06:00:00,ACTIVITY_DROP,160.7126,1074.8237,ACTIVITY_DROP: current activity 160.71 is below 0.25x this grid's within-day baseline of 1074.82
8269,2013-11-01 07:00:00,ACTIVITY_DROP,137.1335,1074.8237,ACTIVITY_DROP: current activity 137.13 is below 0.25x this grid's within-day baseline of 1074.82
8269,2013-11-01 08:00:00,ACTIVITY_DROP,255.3954,1074.8237,ACTIVITY_DROP: current activity 255.40 is below 0.25x this grid's within-day baseline of 1074.82
8269,2013-11-01 09:00:00,ACTIVITY_SPIKE,740.513,255.3954,ACTIVITY_SPIKE: current activity 740.51 is more than 2.0x the immediately preceding hour's 255.40
8269,2013-11-01 16:00:00,HIGH_ACTIVITY,2261.0652,1070.2301,HIGH_ACTIVITY: current activity 2261.07 is more than 2.0x this grid's within-day baseline of 1070.23
8269,2013-11-01 17:00:00,HIGH_ACTIVITY,2913.1289,1070.2301,HIGH_ACTIVITY: current activity 2913.13 is more than 2.0x this grid's within-day baseline of 1070.23
8269,2013-11-01 18:00:00,HIGH_ACTIVITY,2667.7549,1070.2301,HIGH_ACTIVITY: current activity 2667.75 is more than 2.0x this grid's within-day baseline of 1070.23
8269,2013-11-01 19:00:00,HIGH_ACTIVITY,2572.1224,1070.2301,HIGH_ACTIVITY: current activity 2572.12 is more than 2.0x this grid's within-day baseline of 1070.23
8310,2013-11-01 09:00:00,ACTIVITY_SPIKE,639.577,318.5519,ACTIVITY_SPIKE: current activity 639.58 is more than 2.0x the immediately preceding hour's 318.55
8311,2013-11-01 09:00:00,ACTIVITY_SPIKE,797.4458,317.8347,ACTIVITY_SPIKE: current activity 797.45 is more than 2.0x the immediately preceding hour's 317.83
8331,2013-11-01 23:00:00,ACTIVITY_SPIKE,361.0958,143.0613,ACTIVITY_SPIKE: current activity 361.10 is more than 2.0x the immediately preceding hour's 143.06
8332,2013-11-01 23:00:00,ACTIVITY_SPIKE,361.5131,143.5387,ACTIVITY_SPIKE: current activity 361.51 is more than 2.0x the immediately preceding hour's 143.54
8349,2013-11-01 16:00:00,HIGH_ACTIVITY,448.8915,222.4969,HIGH_ACTIVITY: current activity 448.89 is more than 2.0x this grid's within-day baseline of 222.50
8387,2013-11-01 09:00:00,ACTIVITY_SPIKE,812.5504,399.1451,ACTIVITY_SPIKE: current activity 812.55 is more than 2.0x the immediately preceding hour's 399.15
8388,2013-11-01 09:00:00,ACTIVITY_SPIKE,854.7847,416.0875,ACTIVITY_SPIKE: current activity 854.78 is more than 2.0x the immediately preceding hour's 416.09
8397,2013-11-01 11:00:00,HIGH_ACTIVITY,414.4145,167.798,HIGH_ACTIVITY: current activity 414.41 is more than 2.0x this grid's within-day baseline of 167.80
8397,2013-11-01 12:00:00,HIGH_ACTIVITY,421.8423,167.798,HIGH_ACTIVITY: current activity 421.84 is more than 2.0x this grid's within-day baseline of 167.80
8398,2013-11-01 11:00:00,HIGH_ACTIVITY,427.8698,160.1228,HIGH_ACTIVITY: current activity 427.87 is more than 2.0x this grid's within-day baseline of 160.12
8398,2013-11-01 12:00:00,HIGH_ACTIVITY,443.5915,160.1228,HIGH_ACTIVITY: current activity 443.59 is more than 2.0x this grid's within-day baseline of 160.12
8399,2013-11-01 11:00:00,HIGH_ACTIVITY,411.5604,152.3958,HIGH_ACTIVITY: current activity 411.56 is more than 2.0x this grid's within-day baseline of 152.40
8399,2013-11-01 12:00:00,HIGH_ACTIVITY,416.402,152.3958,HIGH_ACTIVITY: current activity 416.40 is more than 2.0x this grid's within-day baseline of 152.40
8400,2013-11-01 10:00:00,HIGH_ACTIVITY,174.9844,80.3254,HIGH_ACTIVITY: current activity 174.98 is more than 2.0x this grid's within-day baseline of 80.33
8400,2013-11-01 11:00:00,HIGH_ACTIVITY,266.7883,80.3254,HIGH_ACTIVITY: current activity 266.79 is more than 2.0x this grid's within-day baseline of 80.33
8400,2013-11-01 12:00:00,HIGH_ACTIVITY,186.3405,80.3254,HIGH_ACTIVITY: current activity 186.34 is more than 2.0x this grid's within-day baseline of 80.33
8412,2013-11-01 10:00:00,HIGH_ACTIVITY,619.6874,271.0461,HIGH_ACTIVITY: current activity 619.69 is more than 2.0x this grid's within-day baseline of 271.05
8449,2013-11-01 16:00:00,HIGH_ACTIVITY,460.7785,221.759,HIGH_ACTIVITY: current activity 460.78 is more than 2.0x this grid's within-day baseline of 221.76
8450,2013-11-01 09:00:00,HIGH_ACTIVITY,602.4135,275.097,HIGH_ACTIVITY: current activity 602.41 is more than 2.0x this grid's within-day baseline of 275.10
8450,2013-11-01 09:00:00,ACTIVITY_SPIKE,602.4135,274.489,ACTIVITY_SPIKE: current activity 602.41 is more than 2.0x the immediately preceding hour's 274.49
8450,2013-11-01 11:00:00,HIGH_ACTIVITY,658.5241,275.097,HIGH_ACTIVITY: current activity 658.52 is more than 2.0x this grid's within-day baseline of 275.10
8450,2013-11-01 12:00:00,HIGH_ACTIVITY,564.5603,275.097,HIGH_ACTIVITY: current activity 564.56 is more than 2.0x this grid's within-day baseline of 275.10
8451,2013-11-01 09:00:00,ACTIVITY_SPIKE,670.5702,311.1154,ACTIVITY_SPIKE: current activity 670.57 is more than 2.0x the immediately preceding hour's 311.12
8451,2013-11-01 11:00:00,HIGH_ACTIVITY,739.3954,340.8066,HIGH_ACTIVITY: current activity 739.40 is more than 2.0x this grid's within-day baseline of 340.81
8452,2013-11-01 10:00:00,HIGH_ACTIVITY,1135.5273,488.226,HIGH_ACTIVITY: current activity 1135.53 is more than 2.0x this grid's within-day baseline of 488.23
8453,2013-11-01 10:00:00,HIGH_ACTIVITY,982.5204,404.0556,HIGH_ACTIVITY: current activity 982.52 is more than 2.0x this grid's within-day baseline of 404.06
8453,2013-11-01 11:00:00,HIGH_ACTIVITY,963.1371,404.0556,HIGH_ACTIVITY: current activity 963.14 is more than 2.0x this grid's within-day baseline of 404.06
8454,2013-11-01 10:00:00,HIGH_ACTIVITY,720.4145,317.6738,HIGH_ACTIVITY: current activity 720.41 is more than 2.0x this grid's within-day baseline of 317.67
8454,2013-11-01 11:00:00,HIGH_ACTIVITY,834.7715,317.6738,HIGH_ACTIVITY: current activity 834.77 is more than 2.0x this grid's within-day baseline of 317.67
8469,2013-11-01 08:00:00,ACTIVITY_SPIKE,455.0671,199.5573,ACTIVITY_SPIKE: current activity 455.07 is more than 2.0x the immediately preceding hour's 199.56
8487,2013-11-01 09:00:00,ACTIVITY_SPIKE,685.3121,315.6097,ACTIVITY_SPIKE: current activity 685.31 is more than 2.0x the immediately preceding hour's 315.61
8487,2013-11-01 12:00:00,HIGH_ACTIVITY,909.9722,435.7898,HIGH_ACTIVITY: current activity 909.97 is more than 2.0x this grid's within-day baseline of 435.79
8488,2013-11-01 09:00:00,ACTIVITY_SPIKE,789.4736,362.7115,ACTIVITY_SPIKE: current activity 789.47 is more than 2.0x the immediately preceding hour's 362.71
8488,2013-11-01 12:00:00,HIGH_ACTIVITY,1014.8482,504.5831,HIGH_ACTIVITY: current activity 1014.85 is more than 2.0x this grid's within-day baseline of 504.58
8497,2013-11-01 11:00:00,HIGH_ACTIVITY,427.8698,160.1228,HIGH_ACTIVITY: current activity 427.87 is more than 2.0x this grid's within-day baseline of 160.12
8497,2013-11-01 12:00:00,HIGH_ACTIVITY,443.5915,160.1228,HIGH_ACTIVITY: current activity 443.59 is more than 2.0x this grid's within-day baseline of 160.12
8498,2013-11-01 11:00:00,HIGH_ACTIVITY,427.8698,160.1228,HIGH_ACTIVITY: current activity 427.87 is more than 2.0x this grid's within-day baseline of 160.12
8498,2013-11-01 12:00:00,HIGH_ACTIVITY,443.5915,160.1228,HIGH_ACTIVITY: current activity 443.59 is more than 2.0x this grid's within-day baseline of 160.12
8499,2013-11-01 11:00:00,HIGH_ACTIVITY,377.3816,142.8004,HIGH_ACTIVITY: current activity 377.38 is more than 2.0x this grid's within-day baseline of 142.80
8499,2013-11-01 12:00:00,HIGH_ACTIVITY,378.1343,142.8004,HIGH_ACTIVITY: current activity 378.13 is more than 2.0x this grid's within-day baseline of 142.80
8502,2013-11-01 09:00:00,HIGH_ACTIVITY,910.3464,304.9764,HIGH_ACTIVITY: current activity 910.35 is more than 2.0x this grid's within-day baseline of 304.98
8502,2013-11-01 09:00:00,ACTIVITY_SPIKE,910.3464,320.32,ACTIVITY_SPIKE: current activity 910.35 is more than 2.0x the immediately preceding hour's 320.32
8502,2013-11-01 10:00:00,HIGH_ACTIVITY,1076.4371,304.9764,HIGH_ACTIVITY: current activity 1076.44 is more than 2.0x this grid's within-day baseline of 304.98
8502,2013-11-01 11:00:00,HIGH_ACTIVITY,1133.5758,304.9764,HIGH_ACTIVITY: current activity 1133.58 is more than 2.0x this grid's within-day baseline of 304.98
8502,2013-11-01 12:00:00,HIGH_ACTIVITY,1032.4381,304.9764,HIGH_ACTIVITY: current activity 1032.44 is more than 2.0x this grid's within-day baseline of 304.98
8502,2013-11-01 13:00:00,HIGH_ACTIVITY,785.6121,304.9764,HIGH_ACTIVITY: current activity 785.61 is more than 2.0x this grid's within-day baseline of 304.98
8502,2013-11-01 15:00:00,HIGH_ACTIVITY,634.0362,304.9764,HIGH_ACTIVITY: current activity 634.04 is more than 2.0x this grid's within-day baseline of 304.98
8502,2013-11-01 16:00:00,HIGH_ACTIVITY,681.9106,304.9764,HIGH_ACTIVITY: current activity 681.91 is more than 2.0x this grid's within-day baseline of 304.98
8502,2013-11-01 17:00:00,HIGH_ACTIVITY,794.6824,304.9764,HIGH_ACTIVITY: current activity 794.68 is more than 2.0x this grid's within-day baseline of 304.98
8502,2013-11-01 18:00:00,HIGH_ACTIVITY,1021.1499,304.9764,HIGH_ACTIVITY: current activity 1021.15 is more than 2.0x this grid's within-day baseline of 304.98
8550,2013-11-01 09:00:00,HIGH_ACTIVITY,692.4093,330.0893,HIGH_ACTIVITY: current activity 692.41 is more than 2.0x this grid's within-day baseline of 330.09
8550,2013-11-01 09:00:00,ACTIVITY_SPIKE,692.4093,293.4956,ACTIVITY_SPIKE: current activity 692.41 is more than 2.0x the immediately preceding hour's 293.50
8550,2013-11-01 11:00:00,HIGH_ACTIVITY,745.6559,330.0893,HIGH_ACTIVITY: current activity 745.66 is more than 2.0x this grid's within-day baseline of 330.09
8551,2013-11-01 09:00:00,HIGH_ACTIVITY,684.5625,330.2622,HIGH_ACTIVITY: current activity 684.56 is more than 2.0x this grid's within-day baseline of 330.26
8551,2013-11-01 09:00:00,ACTIVITY_SPIKE,684.5625,312.939,ACTIVITY_SPIKE: current activity 684.56 is more than 2.0x the immediately preceding hour's 312.94
8551,2013-11-01 10:00:00,HIGH_ACTIVITY,670.6508,330.2622,HIGH_ACTIVITY: current activity 670.65 is more than 2.0x this grid's within-day baseline of 330.26
8551,2013-11-01 11:00:00,HIGH_ACTIVITY,766.4038,330.2622,HIGH_ACTIVITY: current activity 766.40 is more than 2.0x this grid's within-day baseline of 330.26
8551,2013-11-01 12:00:00,HIGH_ACTIVITY,689.1423,330.2622,HIGH_ACTIVITY: current activity 689.14 is more than 2.0x this grid's within-day baseline of 330.26
8552,2013-11-01 10:00:00,HIGH_ACTIVITY,1200.2502,477.9973,HIGH_ACTIVITY: current activity 1200.25 is more than 2.0x this grid's within-day baseline of 478.00
8553,2013-11-01 10:00:00,HIGH_ACTIVITY,1021.9609,413.9606,HIGH_ACTIVITY: current activity 1021.96 is more than 2.0x this grid's within-day baseline of 413.96
8553,2013-11-01 11:00:00,HIGH_ACTIVITY,953.2874,413.9606,HIGH_ACTIVITY: current activity 953.29 is more than 2.0x this grid's within-day baseline of 413.96
8554,2013-11-01 10:00:00,HIGH_ACTIVITY,837.0001,359.1626,HIGH_ACTIVITY: current activity 837.00 is more than 2.0x this grid's within-day baseline of 359.16
8554,2013-11-01 11:00:00,HIGH_ACTIVITY,1001.8471,359.1626,HIGH_ACTIVITY: current activity 1001.85 is more than 2.0x this grid's within-day baseline of 359.16
8555,2013-11-01 10:00:00,HIGH_ACTIVITY,852.1332,413.18,HIGH_ACTIVITY: current activity 852.13 is more than 2.0x this grid's within-day baseline of 413.18
8568,2013-11-01 08:00:00,ACTIVITY_SPIKE,394.0122,167.7233,ACTIVITY_SPIKE: current activity 394.01 is more than 2.0x the immediately preceding hour's 167.72
8569,2013-11-01 08:00:00,ACTIVITY_SPIKE,442.7708,193.2144,ACTIVITY_SPIKE: current activity 442.77 is more than 2.0x the immediately preceding hour's 193.21
8570,2013-11-01 08:00:00,ACTIVITY_SPIKE,507.5014,232.7705,ACTIVITY_SPIKE: current activity 507.50 is more than 2.0x the immediately preceding hour's 232.77
8579,2013-11-01 14:00:00,HIGH_ACTIVITY,192.9593,94.3683,HIGH_ACTIVITY: current activity 192.96 is more than 2.0x this grid's within-day baseline of 94.37
8580,2013-11-01 14:00:00,HIGH_ACTIVITY,189.4403,91.1569,HIGH_ACTIVITY: current activity 189.44 is more than 2.0x this grid's within-day baseline of 91.16
8597,2013-11-01 11:00:00,HIGH_ACTIVITY,427.8698,160.1228,HIGH_ACTIVITY: current activity 427.87 is more than 2.0x this grid's within-day baseline of 160.12
8597,2013-11-01 12:00:00,HIGH_ACTIVITY,443.5915,160.1228,HIGH_ACTIVITY: current activity 443.59 is more than 2.0x this grid's within-day baseline of 160.12
8598,2013-11-01 11:00:00,HIGH_ACTIVITY,427.8698,160.1228,HIGH_ACTIVITY: current activity 427.87 is more than 2.0x this grid's within-day baseline of 160.12
8598,2013-11-01 12:00:00,HIGH_ACTIVITY,443.5915,160.1228,HIGH_ACTIVITY: current activity 443.59 is more than 2.0x this grid's within-day baseline of 160.12
8599,2013-11-01 11:00:00,HIGH_ACTIVITY,408.0956,151.0361,HIGH_ACTIVITY: current activity 408.10 is more than 2.0x this grid's within-day baseline of 151.04
8599,2013-11-01 12:00:00,HIGH_ACTIVITY,410.7987,151.0361,HIGH_ACTIVITY: current activity 410.80 is more than 2.0x this grid's within-day baseline of 151.04
8602,2013-11-01 09:00:00,ACTIVITY_SPIKE,646.1443,274.0135,ACTIVITY_SPIKE: current activity 646.14 is more than 2.0x the immediately preceding hour's 274.01
8602,2013-11-01 11:00:00,HIGH_ACTIVITY,713.2714,328.3918,HIGH_ACTIVITY: current activity 713.27 is more than 2.0x this grid's within-day baseline of 328.39
8602,2013-11-01 12:00:00,HIGH_ACTIVITY,727.0777,328.3918,HIGH_ACTIVITY: current activity 727.08 is more than 2.0x this grid's within-day baseline of 328.39
8602,2013-11-01 18:00:00,HIGH_ACTIVITY,787.8336,328.3918,HIGH_ACTIVITY: current activity 787.83 is more than 2.0x this grid's within-day baseline of 328.39
8603,2013-11-01 18:00:00,HIGH_ACTIVITY,376.561,187.4671,HIGH_ACTIVITY: current activity 376.56 is more than 2.0x this grid's within-day baseline of 187.47
8643,2013-11-01 09:00:00,ACTIVITY_SPIKE,453.6065,210.0903,ACTIVITY_SPIKE: current activity 453.61 is more than 2.0x the immediately preceding hour's 210.09
8650,2013-11-01 09:00:00,HIGH_ACTIVITY,697.1631,341.4562,HIGH_ACTIVITY: current activity 697.16 is more than 2.0x this grid's within-day baseline of 341.46
8650,2013-11-01 09:00:00,ACTIVITY_SPIKE,697.1631,302.4466,ACTIVITY_SPIKE: current activity 697.16 is more than 2.0x the immediately preceding hour's 302.45
8650,2013-11-01 11:00:00,HIGH_ACTIVITY,753.2914,341.4562,HIGH_ACTIVITY: current activity 753.29 is more than 2.0x this grid's within-day baseline of 341.46
8652,2013-11-01 10:00:00,HIGH_ACTIVITY,1173.7049,540.3898,HIGH_ACTIVITY: current activity 1173.70 is more than 2.0x this grid's within-day baseline of 540.39
8653,2013-11-01 10:00:00,HIGH_ACTIVITY,898.7097,389.9735,HIGH_ACTIVITY: current activity 898.71 is more than 2.0x this grid's within-day baseline of 389.97
8653,2013-11-01 11:00:00,HIGH_ACTIVITY,1005.4646,389.9735,HIGH_ACTIVITY: current activity 1005.46 is more than 2.0x this grid's within-day baseline of 389.97
8654,2013-11-01 10:00:00,HIGH_ACTIVITY,843.1819,392.3451,HIGH_ACTIVITY: current activity 843.18 is more than 2.0x this grid's within-day baseline of 392.35
8654,2013-11-01 11:00:00,HIGH_ACTIVITY,934.647,392.3451,HIGH_ACTIVITY: current activity 934.65 is more than 2.0x this grid's within-day baseline of 392.35
8667,2013-11-01 08:00:00,ACTIVITY_SPIKE,240.9676,112.2058,ACTIVITY_SPIKE: current activity 240.97 is more than 2.0x the immediately preceding hour's 112.21
8668,2013-11-01 08:00:00,ACTIVITY_SPIKE,373.0711,159.3152,ACTIVITY_SPIKE: current activity 373.07 is more than 2.0x the immediately preceding hour's 159.32
8669,2013-11-01 08:00:00,ACTIVITY_SPIKE,418.8938,179.7299,ACTIVITY_SPIKE: current activity 418.89 is more than 2.0x the immediately preceding hour's 179.73
8670,2013-11-01 08:00:00,ACTIVITY_SPIKE,671.1701,335.3857,ACTIVITY_SPIKE: current activity 671.17 is more than 2.0x the immediately preceding hour's 335.39
8679,2013-11-01 14:00:00,HIGH_ACTIVITY,182.5187,86.5397,HIGH_ACTIVITY: current activity 182.52 is more than 2.0x this grid's within-day baseline of 86.54
8680,2013-11-01 14:00:00,HIGH_ACTIVITY,193.9313,96.7014,HIGH_ACTIVITY: current activity 193.93 is more than 2.0x this grid's within-day baseline of 96.70
8691,2013-11-01 08:00:00,ACTIVITY_SPIKE,470.291,220.727,ACTIVITY_SPIKE: current activity 470.29 is more than 2.0x the immediately preceding hour's 220.73
8697,2013-11-01 11:00:00,HIGH_ACTIVITY,427.8698,160.1228,HIGH_ACTIVITY: current activity 427.87 is more than 2.0x this grid's within-day baseline of 160.12
8697,2013-11-01 12:00:00,HIGH_ACTIVITY,443.5915,160.1228,HIGH_ACTIVITY: current activity 443.59 is more than 2.0x this grid's within-day baseline of 160.12
8698,2013-11-01 11:00:00,HIGH_ACTIVITY,427.8698,160.1228,HIGH_ACTIVITY: current activity 427.87 is more than 2.0x this grid's within-day baseline of 160.12
8698,2013-11-01 12:00:00,HIGH_ACTIVITY,443.5915,160.1228,HIGH_ACTIVITY: current activity 443.59 is more than 2.0x this grid's within-day baseline of 160.12
8699,2013-11-01 11:00:00,HIGH_ACTIVITY,432.1487,205.7055,HIGH_ACTIVITY: current activity 432.15 is more than 2.0x this grid's within-day baseline of 205.71
8699,2013-11-01 12:00:00,HIGH_ACTIVITY,427.6436,205.7055,HIGH_ACTIVITY: current activity 427.64 is more than 2.0x this grid's within-day baseline of 205.71
8700,2013-11-01 11:00:00,HIGH_ACTIVITY,282.6304,104.0876,HIGH_ACTIVITY: current activity 282.63 is more than 2.0x this grid's within-day baseline of 104.09
8701,2013-11-01 09:00:00,ACTIVITY_SPIKE,479.1542,223.1326,ACTIVITY_SPIKE: current activity 479.15 is more than 2.0x the immediately preceding hour's 223.13
8742,2013-11-01 09:00:00,ACTIVITY_SPIKE,434.0984,214.7183,ACTIVITY_SPIKE: current activity 434.10 is more than 2.0x the immediately preceding hour's 214.72
8778,2013-11-01 14:00:00,HIGH_ACTIVITY,172.9946,83.5691,HIGH_ACTIVITY: current activity 172.99 is more than 2.0x this grid's within-day baseline of 83.57
8778,2013-11-01 14:00:00,ACTIVITY_SPIKE,172.9946,83.5691,ACTIVITY_SPIKE: current activity 172.99 is more than 2.0x the immediately preceding hour's 83.57
8801,2013-11-01 09:00:00,ACTIVITY_SPIKE,369.1585,178.3544,ACTIVITY_SPIKE: current activity 369.16 is more than 2.0x the immediately preceding hour's 178.35
8812,2013-11-01 08:00:00,ACTIVITY_SPIKE,186.7348,90.0919,ACTIVITY_SPIKE: current activity 186.73 is more than 2.0x the immediately preceding hour's 90.09
8813,2013-11-01 08:00:00,ACTIVITY_SPIKE,186.0652,85.9638,ACTIVITY_SPIKE: current activity 186.07 is more than 2.0x the immediately preceding hour's 85.96
8911,2013-11-01 08:00:00,ACTIVITY_SPIKE,193.8164,79.6718,ACTIVITY_SPIKE: current activity 193.82 is more than 2.0x the immediately preceding hour's 79.67
8912,2013-11-01 08:00:00,ACTIVITY_SPIKE,189.1757,82.6961,ACTIVITY_SPIKE: current activity 189.18 is more than 2.0x the immediately preceding hour's 82.70
8913,2013-11-01 08:00:00,ACTIVITY_SPIKE,183.2266,83.9687,ACTIVITY_SPIKE: current activity 183.23 is more than 2.0x the immediately preceding hour's 83.97
8979,2013-11-01 16:00:00,HIGH_ACTIVITY,328.1213,160.8941,HIGH_ACTIVITY: current activity 328.12 is more than 2.0x this grid's within-day baseline of 160.89
8979,2013-11-01 17:00:00,HIGH_ACTIVITY,383.7272,160.8941,HIGH_ACTIVITY: current activity 383.73 is more than 2.0x this grid's within-day baseline of 160.89
8979,2013-11-01 18:00:00,HIGH_ACTIVITY,333.6073,160.8941,HIGH_ACTIVITY: current activity 333.61 is more than 2.0x this grid's within-day baseline of 160.89
8980,2013-11-01 05:00:00,ACTIVITY_DROP,70.3686,282.3666,ACTIVITY_DROP: current activity 70.37 is below 0.25x this grid's within-day baseline of 282.37
8980,2013-11-01 12:00:00,HIGH_ACTIVITY,496.4653,227.6447,HIGH_ACTIVITY: current activity 496.47 is more than 2.0x this grid's within-day baseline of 227.64
8980,2013-11-01 13:00:00,HIGH_ACTIVITY,482.7946,227.6447,HIGH_ACTIVITY: current activity 482.79 is more than 2.0x this grid's within-day baseline of 227.64
8980,2013-11-01 14:00:00,HIGH_ACTIVITY,567.148,227.6447,HIGH_ACTIVITY: current activity 567.15 is more than 2.0x this grid's within-day baseline of 227.64
8980,2013-11-01 15:00:00,HIGH_ACTIVITY,661.2227,227.6447,HIGH_ACTIVITY: current activity 661.22 is more than 2.0x this grid's within-day baseline of 227.64
8980,2013-11-01 16:00:00,HIGH_ACTIVITY,825.9039,227.6447,HIGH_ACTIVITY: current activity 825.90 is more than 2.0x this grid's within-day baseline of 227.64
8980,2013-11-01 17:00:00,HIGH_ACTIVITY,999.7039,227.6447,HIGH_ACTIVITY: current activity 999.70 is more than 2.0x this grid's within-day baseline of 227.64
8980,2013-11-01 18:00:00,HIGH_ACTIVITY,808.813,227.6447,HIGH_ACTIVITY: current activity 808.81 is more than 2.0x this grid's within-day baseline of 227.64
8980,2013-11-01 19:00:00,HIGH_ACTIVITY,585.9112,227.6447,HIGH_ACTIVITY: current activity 585.91 is more than 2.0x this grid's within-day baseline of 227.64
8981,2013-11-01 14:00:00,HIGH_ACTIVITY,703.5546,314.6974,HIGH_ACTIVITY: current activity 703.55 is more than 2.0x this grid's within-day baseline of 314.70
8981,2013-11-01 15:00:00,HIGH_ACTIVITY,818.5107,314.6974,HIGH_ACTIVITY: current activity 818.51 is more than 2.0x this grid's within-day baseline of 314.70
8981,2013-11-01 16:00:00,HIGH_ACTIVITY,1015.5588,314.6974,HIGH_ACTIVITY: current activity 1015.56 is more than 2.0x this grid's within-day baseline of 314.70
8981,2013-11-01 17:00:00,HIGH_ACTIVITY,1221.5744,314.6974,HIGH_ACTIVITY: current activity 1221.57 is more than 2.0x this grid's within-day baseline of 314.70
8981,2013-11-01 18:00:00,HIGH_ACTIVITY,992.3886,314.6974,HIGH_ACTIVITY: current activity 992.39 is more than 2.0x this grid's within-day baseline of 314.70
8981,2013-11-01 19:00:00,HIGH_ACTIVITY,727.6321,314.6974,HIGH_ACTIVITY: current activity 727.63 is more than 2.0x this grid's within-day baseline of 314.70
8982,2013-11-01 16:00:00,HIGH_ACTIVITY,706.6971,301.3768,HIGH_ACTIVITY: current activity 706.70 is more than 2.0x this grid's within-day baseline of 301.38
8982,2013-11-01 17:00:00,HIGH_ACTIVITY,851.346,301.3768,HIGH_ACTIVITY: current activity 851.35 is more than 2.0x this grid's within-day baseline of 301.38
8982,2013-11-01 18:00:00,HIGH_ACTIVITY,701.4737,301.3768,HIGH_ACTIVITY: current activity 701.47 is more than 2.0x this grid's within-day baseline of 301.38
9002,2013-11-01 10:00:00,HIGH_ACTIVITY,518.2504,230.0276,HIGH_ACTIVITY: current activity 518.25 is more than 2.0x this grid's within-day baseline of 230.03
9002,2013-11-01 10:00:00,ACTIVITY_SPIKE,518.2504,218.9651,ACTIVITY_SPIKE: current activity 518.25 is more than 2.0x the immediately preceding hour's 218.97
9003,2013-11-01 10:00:00,HIGH_ACTIVITY,415.2413,194.1985,HIGH_ACTIVITY: current activity 415.24 is more than 2.0x this grid's within-day baseline of 194.20
9003,2013-11-01 10:00:00,ACTIVITY_SPIKE,415.2413,187.4641,ACTIVITY_SPIKE: current activity 415.24 is more than 2.0x the immediately preceding hour's 187.46
9012,2013-11-01 08:00:00,ACTIVITY_SPIKE,175.7857,84.566,ACTIVITY_SPIKE: current activity 175.79 is more than 2.0x the immediately preceding hour's 84.57
9078,2013-11-01 18:00:00,HIGH_ACTIVITY,495.9007,230.8159,HIGH_ACTIVITY: current activity 495.90 is more than 2.0x this grid's within-day baseline of 230.82
9079,2013-11-01 14:00:00,HIGH_ACTIVITY,551.3866,241.8223,HIGH_ACTIVITY: current activity 551.39 is more than 2.0x this grid's within-day baseline of 241.82
9079,2013-11-01 15:00:00,HIGH_ACTIVITY,558.3866,241.8223,HIGH_ACTIVITY: current activity 558.39 is more than 2.0x this grid's within-day baseline of 241.82
9079,2013-11-01 16:00:00,HIGH_ACTIVITY,694.9964,241.8223,HIGH_ACTIVITY: current activity 695.00 is more than 2.0x this grid's within-day baseline of 241.82
9079,2013-11-01 17:00:00,HIGH_ACTIVITY,839.9413,241.8223,HIGH_ACTIVITY: current activity 839.94 is more than 2.0x this grid's within-day baseline of 241.82
9079,2013-11-01 18:00:00,HIGH_ACTIVITY,781.1639,241.8223,HIGH_ACTIVITY: current activity 781.16 is more than 2.0x this grid's within-day baseline of 241.82
9079,2013-11-01 19:00:00,HIGH_ACTIVITY,512.0354,241.8223,HIGH_ACTIVITY: current activity 512.04 is more than 2.0x this grid's within-day baseline of 241.82
9080,2013-11-01 01:00:00,ACTIVITY_DROP,106.1928,466.1947,ACTIVITY_DROP: current activity 106.19 is below 0.25x this grid's within-day baseline of 466.19
9080,2013-11-01 02:00:00,ACTIVITY_DROP,99.3864,466.1947,ACTIVITY_DROP: current activity 99.39 is below 0.25x this grid's within-day baseline of 466.19
9080,2013-11-01 03:00:00,ACTIVITY_DROP,95.2511,466.1947,ACTIVITY_DROP: current activity 95.25 is below 0.25x this grid's within-day baseline of 466.19
9080,2013-11-01 04:00:00,ACTIVITY_DROP,96.2915,466.1947,ACTIVITY_DROP: current activity 96.29 is below 0.25x this grid's within-day baseline of 466.19
9080,2013-11-01 05:00:00,ACTIVITY_DROP,96.0255,466.1947,ACTIVITY_DROP: current activity 96.03 is below 0.25x this grid's within-day baseline of 466.19
9080,2013-11-01 11:00:00,HIGH_ACTIVITY,758.1731,362.4372,HIGH_ACTIVITY: current activity 758.17 is more than 2.0x this grid's within-day baseline of 362.44
9080,2013-11-01 12:00:00,HIGH_ACTIVITY,896.8427,362.4372,HIGH_ACTIVITY: current activity 896.84 is more than 2.0x this grid's within-day baseline of 362.44
9080,2013-11-01 13:00:00,HIGH_ACTIVITY,887.5411,362.4372,HIGH_ACTIVITY: current activity 887.54 is more than 2.0x this grid's within-day baseline of 362.44
9080,2013-11-01 14:00:00,HIGH_ACTIVITY,1036.963,362.4372,HIGH_ACTIVITY: current activity 1036.96 is more than 2.0x this grid's within-day baseline of 362.44
9080,2013-11-01 15:00:00,HIGH_ACTIVITY,1243.7128,362.4372,HIGH_ACTIVITY: current activity 1243.71 is more than 2.0x this grid's within-day baseline of 362.44
9080,2013-11-01 16:00:00,HIGH_ACTIVITY,1551.2095,362.4372,HIGH_ACTIVITY: current activity 1551.21 is more than 2.0x this grid's within-day baseline of 362.44
9080,2013-11-01 17:00:00,HIGH_ACTIVITY,1916.2944,362.4372,HIGH_ACTIVITY: current activity 1916.29 is more than 2.0x this grid's within-day baseline of 362.44
9080,2013-11-01 18:00:00,HIGH_ACTIVITY,1529.9208,362.4372,HIGH_ACTIVITY: current activity 1529.92 is more than 2.0x this grid's within-day baseline of 362.44
9080,2013-11-01 19:00:00,HIGH_ACTIVITY,1063.8095,362.4372,HIGH_ACTIVITY: current activity 1063.81 is more than 2.0x this grid's within-day baseline of 362.44
9081,2013-11-01 01:00:00,ACTIVITY_DROP,102.491,468.6687,ACTIVITY_DROP: current activity 102.49 is below 0.25x this grid's within-day baseline of 468.67
9081,2013-11-01 02:00:00,ACTIVITY_DROP,96.9841,468.6687,ACTIVITY_DROP: current activity 96.98 is below 0.25x this grid's within-day baseline of 468.67
9081,2013-11-01 03:00:00,ACTIVITY_DROP,93.5989,468.6687,ACTIVITY_DROP: current activity 93.60 is below 0.25x this grid's within-day baseline of 468.67
9081,2013-11-01 04:00:00,ACTIVITY_DROP,95.1523,468.6687,ACTIVITY_DROP: current activity 95.15 is below 0.25x this grid's within-day baseline of 468.67
9081,2013-11-01 05:00:00,ACTIVITY_DROP,96.0954,468.6687,ACTIVITY_DROP: current activity 96.10 is below 0.25x this grid's within-day baseline of 468.67
9081,2013-11-01 11:00:00,HIGH_ACTIVITY,751.493,354.9117,HIGH_ACTIVITY: current activity 751.49 is more than 2.0x this grid's within-day baseline of 354.91
9081,2013-11-01 12:00:00,HIGH_ACTIVITY,896.8273,354.9117,HIGH_ACTIVITY: current activity 896.83 is more than 2.0x this grid's within-day baseline of 354.91
9081,2013-11-01 13:00:00,HIGH_ACTIVITY,889.6512,354.9117,HIGH_ACTIVITY: current activity 889.65 is more than 2.0x this grid's within-day baseline of 354.91
9081,2013-11-01 14:00:00,HIGH_ACTIVITY,1040.8183,354.9117,HIGH_ACTIVITY: current activity 1040.82 is more than 2.0x this grid's within-day baseline of 354.91
9081,2013-11-01 15:00:00,HIGH_ACTIVITY,1238.6357,354.9117,HIGH_ACTIVITY: current activity 1238.64 is more than 2.0x this grid's within-day baseline of 354.91
9081,2013-11-01 16:00:00,HIGH_ACTIVITY,1546.3997,354.9117,HIGH_ACTIVITY: current activity 1546.40 is more than 2.0x this grid's within-day baseline of 354.91
9081,2013-11-01 17:00:00,HIGH_ACTIVITY,1909.7845,354.9117,HIGH_ACTIVITY: current activity 1909.78 is more than 2.0x this grid's within-day baseline of 354.91
9081,2013-11-01 18:00:00,HIGH_ACTIVITY,1518.6331,354.9117,HIGH_ACTIVITY: current activity 1518.63 is more than 2.0x this grid's within-day baseline of 354.91
9081,2013-11-01 19:00:00,HIGH_ACTIVITY,1064.0076,354.9117,HIGH_ACTIVITY: current activity 1064.01 is more than 2.0x this grid's within-day baseline of 354.91
9082,2013-11-01 01:00:00,ACTIVITY_DROP,102.8816,461.6453,ACTIVITY_DROP: current activity 102.88 is below 0.25x this grid's within-day baseline of 461.65
9082,2013-11-01 02:00:00,ACTIVITY_DROP,97.4165,461.6453,ACTIVITY_DROP: current activity 97.42 is below 0.25x this grid's within-day baseline of 461.65
9082,2013-11-01 03:00:00,ACTIVITY_DROP,94.3221,461.6453,ACTIVITY_DROP: current activity 94.32 is below 0.25x this grid's within-day baseline of 461.65
9082,2013-11-01 04:00:00,ACTIVITY_DROP,95.8223,461.6453,ACTIVITY_DROP: current activity 95.82 is below 0.25x this grid's within-day baseline of 461.65
9082,2013-11-01 05:00:00,ACTIVITY_DROP,97.0722,461.6453,ACTIVITY_DROP: current activity 97.07 is below 0.25x this grid's within-day baseline of 461.65
9082,2013-11-01 11:00:00,HIGH_ACTIVITY,743.4446,354.7585,HIGH_ACTIVITY: current activity 743.44 is more than 2.0x this grid's within-day baseline of 354.76
9082,2013-11-01 12:00:00,HIGH_ACTIVITY,883.7256,354.7585,HIGH_ACTIVITY: current activity 883.73 is more than 2.0x this grid's within-day baseline of 354.76
9082,2013-11-01 13:00:00,HIGH_ACTIVITY,874.7989,354.7585,HIGH_ACTIVITY: current activity 874.80 is more than 2.0x this grid's within-day baseline of 354.76
9082,2013-11-01 14:00:00,HIGH_ACTIVITY,1025.5082,354.7585,HIGH_ACTIVITY: current activity 1025.51 is more than 2.0x this grid's within-day baseline of 354.76
9082,2013-11-01 15:00:00,HIGH_ACTIVITY,1215.0398,354.7585,HIGH_ACTIVITY: current activity 1215.04 is more than 2.0x this grid's within-day baseline of 354.76
9082,2013-11-01 16:00:00,HIGH_ACTIVITY,1514.5398,354.7585,HIGH_ACTIVITY: current activity 1514.54 is more than 2.0x this grid's within-day baseline of 354.76
9082,2013-11-01 17:00:00,HIGH_ACTIVITY,1873.0443,354.7585,HIGH_ACTIVITY: current activity 1873.04 is more than 2.0x this grid's within-day baseline of 354.76
9082,2013-11-01 18:00:00,HIGH_ACTIVITY,1490.0613,354.7585,HIGH_ACTIVITY: current activity 1490.06 is more than 2.0x this grid's within-day baseline of 354.76
9082,2013-11-01 19:00:00,HIGH_ACTIVITY,1043.849,354.7585,HIGH_ACTIVITY: current activity 1043.85 is more than 2.0x this grid's within-day baseline of 354.76
9083,2013-11-01 16:00:00,HIGH_ACTIVITY,705.5846,310.1272,HIGH_ACTIVITY: current activity 705.58 is more than 2.0x this grid's within-day baseline of 310.13
9083,2013-11-01 17:00:00,HIGH_ACTIVITY,896.7125,310.1272,HIGH_ACTIVITY: current activity 896.71 is more than 2.0x this grid's within-day baseline of 310.13
9083,2013-11-01 18:00:00,HIGH_ACTIVITY,751.2472,310.1272,HIGH_ACTIVITY: current activity 751.25 is more than 2.0x this grid's within-day baseline of 310.13
9102,2013-11-01 10:00:00,HIGH_ACTIVITY,476.5644,226.4598,HIGH_ACTIVITY: current activity 476.56 is more than 2.0x this grid's within-day baseline of 226.46
9102,2013-11-01 10:00:00,ACTIVITY_SPIKE,476.5644,210.6011,ACTIVITY_SPIKE: current activity 476.56 is more than 2.0x the immediately preceding hour's 210.60
9103,2013-11-01 10:00:00,HIGH_ACTIVITY,510.9024,223.5145,HIGH_ACTIVITY: current activity 510.90 is more than 2.0x this grid's within-day baseline of 223.51
9103,2013-11-01 10:00:00,ACTIVITY_SPIKE,510.9024,198.2144,ACTIVITY_SPIKE: current activity 510.90 is more than 2.0x the immediately preceding hour's 198.21
9170,2013-11-01 12:00:00,HIGH_ACTIVITY,1511.4235,675.0671,HIGH_ACTIVITY: current activity 1511.42 is more than 2.0x this grid's within-day baseline of 675.07
9171,2013-11-01 12:00:00,HIGH_ACTIVITY,1400.3423,685.6889,HIGH_ACTIVITY: current activity 1400.34 is more than 2.0x this grid's within-day baseline of 685.69
9177,2013-11-01 18:00:00,HIGH_ACTIVITY,566.7282,282.4059,HIGH_ACTIVITY: current activity 566.73 is more than 2.0x this grid's within-day baseline of 282.41
9178,2013-11-01 18:00:00,HIGH_ACTIVITY,521.3744,239.9232,HIGH_ACTIVITY: current activity 521.37 is more than 2.0x this grid's within-day baseline of 239.92
9179,2013-11-01 14:00:00,HIGH_ACTIVITY,579.5272,281.3083,HIGH_ACTIVITY: current activity 579.53 is more than 2.0x this grid's within-day baseline of 281.31
9179,2013-11-01 16:00:00,HIGH_ACTIVITY,694.4485,281.3083,HIGH_ACTIVITY: current activity 694.45 is more than 2.0x this grid's within-day baseline of 281.31
9179,2013-11-01 17:00:00,HIGH_ACTIVITY,805.5072,281.3083,HIGH_ACTIVITY: current activity 805.51 is more than 2.0x this grid's within-day baseline of 281.31
9179,2013-11-01 18:00:00,HIGH_ACTIVITY,837.0859,281.3083,HIGH_ACTIVITY: current activity 837.09 is more than 2.0x this grid's within-day baseline of 281.31
9180,2013-11-01 11:00:00,HIGH_ACTIVITY,842.1061,394.6524,HIGH_ACTIVITY: current activity 842.11 is more than 2.0x this grid's within-day baseline of 394.65
9180,2013-11-01 12:00:00,HIGH_ACTIVITY,924.403,394.6524,HIGH_ACTIVITY: current activity 924.40 is more than 2.0x this grid's within-day baseline of 394.65
9180,2013-11-01 13:00:00,HIGH_ACTIVITY,921.3422,394.6524,HIGH_ACTIVITY: current activity 921.34 is more than 2.0x this grid's within-day baseline of 394.65
9180,2013-11-01 14:00:00,HIGH_ACTIVITY,957.938,394.6524,HIGH_ACTIVITY: current activity 957.94 is more than 2.0x this grid's within-day baseline of 394.65
9180,2013-11-01 15:00:00,HIGH_ACTIVITY,1148.6469,394.6524,HIGH_ACTIVITY: current activity 1148.65 is more than 2.0x this grid's within-day baseline of 394.65
9180,2013-11-01 16:00:00,HIGH_ACTIVITY,1438.7133,394.6524,HIGH_ACTIVITY: current activity 1438.71 is more than 2.0x this grid's within-day baseline of 394.65
9180,2013-11-01 17:00:00,HIGH_ACTIVITY,1713.0621,394.6524,HIGH_ACTIVITY: current activity 1713.06 is more than 2.0x this grid's within-day baseline of 394.65
9180,2013-11-01 18:00:00,HIGH_ACTIVITY,1449.698,394.6524,HIGH_ACTIVITY: current activity 1449.70 is more than 2.0x this grid's within-day baseline of 394.65
9180,2013-11-01 19:00:00,HIGH_ACTIVITY,960.0004,394.6524,HIGH_ACTIVITY: current activity 960.00 is more than 2.0x this grid's within-day baseline of 394.65
9181,2013-11-01 02:00:00,ACTIVITY_DROP,111.2381,447.0353,ACTIVITY_DROP: current activity 111.24 is below 0.25x this grid's within-day baseline of 447.04
9181,2013-11-01 04:00:00,ACTIVITY_DROP,105.7391,447.0353,ACTIVITY_DROP: current activity 105.74 is below 0.25x this grid's within-day baseline of 447.04
9181,2013-11-01 05:00:00,ACTIVITY_DROP,108.0326,447.0353,ACTIVITY_DROP: current activity 108.03 is below 0.25x this grid's within-day baseline of 447.04
9181,2013-11-01 11:00:00,HIGH_ACTIVITY,791.5584,370.7416,HIGH_ACTIVITY: current activity 791.56 is more than 2.0x this grid's within-day baseline of 370.74
9181,2013-11-01 12:00:00,HIGH_ACTIVITY,912.6584,370.7416,HIGH_ACTIVITY: current activity 912.66 is more than 2.0x this grid's within-day baseline of 370.74
9181,2013-11-01 13:00:00,HIGH_ACTIVITY,910.4333,370.7416,HIGH_ACTIVITY: current activity 910.43 is more than 2.0x this grid's within-day baseline of 370.74
9181,2013-11-01 14:00:00,HIGH_ACTIVITY,1011.895,370.7416,HIGH_ACTIVITY: current activity 1011.89 is more than 2.0x this grid's within-day baseline of 370.74
9181,2013-11-01 15:00:00,HIGH_ACTIVITY,1206.7595,370.7416,HIGH_ACTIVITY: current activity 1206.76 is more than 2.0x this grid's within-day baseline of 370.74
9181,2013-11-01 16:00:00,HIGH_ACTIVITY,1508.6413,370.7416,HIGH_ACTIVITY: current activity 1508.64 is more than 2.0x this grid's within-day baseline of 370.74
9181,2013-11-01 17:00:00,HIGH_ACTIVITY,1837.9321,370.7416,HIGH_ACTIVITY: current activity 1837.93 is more than 2.0x this grid's within-day baseline of 370.74
9181,2013-11-01 18:00:00,HIGH_ACTIVITY,1494.2404,370.7416,HIGH_ACTIVITY: current activity 1494.24 is more than 2.0x this grid's within-day baseline of 370.74
9181,2013-11-01 19:00:00,HIGH_ACTIVITY,1021.4483,370.7416,HIGH_ACTIVITY: current activity 1021.45 is more than 2.0x this grid's within-day baseline of 370.74
9182,2013-11-01 01:00:00,ACTIVITY_DROP,108.7,448.4758,ACTIVITY_DROP: current activity 108.70 is below 0.25x this grid's within-day baseline of 448.48
9182,2013-11-01 02:00:00,ACTIVITY_DROP,101.8693,448.4758,ACTIVITY_DROP: current activity 101.87 is below 0.25x this grid's within-day baseline of 448.48
9182,2013-11-01 03:00:00,ACTIVITY_DROP,100.2459,448.4758,ACTIVITY_DROP: current activity 100.25 is below 0.25x this grid's within-day baseline of 448.48
9182,2013-11-01 04:00:00,ACTIVITY_DROP,98.1291,448.4758,ACTIVITY_DROP: current activity 98.13 is below 0.25x this grid's within-day baseline of 448.48
9182,2013-11-01 05:00:00,ACTIVITY_DROP,101.1682,448.4758,ACTIVITY_DROP: current activity 101.17 is below 0.25x this grid's within-day baseline of 448.48
9182,2013-11-01 11:00:00,HIGH_ACTIVITY,733.7117,356.1898,HIGH_ACTIVITY: current activity 733.71 is more than 2.0x this grid's within-day baseline of 356.19
9182,2013-11-01 12:00:00,HIGH_ACTIVITY,863.3313,356.1898,HIGH_ACTIVITY: current activity 863.33 is more than 2.0x this grid's within-day baseline of 356.19
9182,2013-11-01 13:00:00,HIGH_ACTIVITY,846.2808,356.1898,HIGH_ACTIVITY: current activity 846.28 is more than 2.0x this grid's within-day baseline of 356.19
9182,2013-11-01 14:00:00,HIGH_ACTIVITY,980.1548,356.1898,HIGH_ACTIVITY: current activity 980.15 is more than 2.0x this grid's within-day baseline of 356.19
9182,2013-11-01 15:00:00,HIGH_ACTIVITY,1169.4193,356.1898,HIGH_ACTIVITY: current activity 1169.42 is more than 2.0x this grid's within-day baseline of 356.19
9182,2013-11-01 16:00:00,HIGH_ACTIVITY,1453.9653,356.1898,HIGH_ACTIVITY: current activity 1453.97 is more than 2.0x this grid's within-day baseline of 356.19
9182,2013-11-01 17:00:00,HIGH_ACTIVITY,1793.0284,356.1898,HIGH_ACTIVITY: current activity 1793.03 is more than 2.0x this grid's within-day baseline of 356.19
9182,2013-11-01 18:00:00,HIGH_ACTIVITY,1430.3282,356.1898,HIGH_ACTIVITY: current activity 1430.33 is more than 2.0x this grid's within-day baseline of 356.19
9182,2013-11-01 19:00:00,HIGH_ACTIVITY,996.9789,356.1898,HIGH_ACTIVITY: current activity 996.98 is more than 2.0x this grid's within-day baseline of 356.19
9183,2013-11-01 16:00:00,HIGH_ACTIVITY,622.9367,301.3288,HIGH_ACTIVITY: current activity 622.94 is more than 2.0x this grid's within-day baseline of 301.33
9183,2013-11-01 17:00:00,HIGH_ACTIVITY,773.683,301.3288,HIGH_ACTIVITY: current activity 773.68 is more than 2.0x this grid's within-day baseline of 301.33
9183,2013-11-01 18:00:00,HIGH_ACTIVITY,626.6989,301.3288,HIGH_ACTIVITY: current activity 626.70 is more than 2.0x this grid's within-day baseline of 301.33
9275,2013-11-01 11:00:00,HIGH_ACTIVITY,1070.3184,515.3297,HIGH_ACTIVITY: current activity 1070.32 is more than 2.0x this grid's within-day baseline of 515.33
9276,2013-11-01 11:00:00,HIGH_ACTIVITY,1066.2431,405.6793,HIGH_ACTIVITY: current activity 1066.24 is more than 2.0x this grid's within-day baseline of 405.68
9277,2013-11-01 11:00:00,HIGH_ACTIVITY,769.7888,325.6616,HIGH_ACTIVITY: current activity 769.79 is more than 2.0x this grid's within-day baseline of 325.66
9278,2013-11-01 10:00:00,HIGH_ACTIVITY,480.3993,199.1034,HIGH_ACTIVITY: current activity 480.40 is more than 2.0x this grid's within-day baseline of 199.10
9278,2013-11-01 11:00:00,HIGH_ACTIVITY,592.1246,199.1034,HIGH_ACTIVITY: current activity 592.12 is more than 2.0x this grid's within-day baseline of 199.10
9278,2013-11-01 13:00:00,HIGH_ACTIVITY,525.1841,199.1034,HIGH_ACTIVITY: current activity 525.18 is more than 2.0x this grid's within-day baseline of 199.10
9279,2013-11-01 10:00:00,HIGH_ACTIVITY,541.7445,251.2692,HIGH_ACTIVITY: current activity 541.74 is more than 2.0x this grid's within-day baseline of 251.27
9279,2013-11-01 11:00:00,HIGH_ACTIVITY,693.9443,251.2692,HIGH_ACTIVITY: current activity 693.94 is more than 2.0x this grid's within-day baseline of 251.27
9279,2013-11-01 12:00:00,HIGH_ACTIVITY,567.8712,251.2692,HIGH_ACTIVITY: current activity 567.87 is more than 2.0x this grid's within-day baseline of 251.27
9279,2013-11-01 13:00:00,HIGH_ACTIVITY,658.977,251.2692,HIGH_ACTIVITY: current activity 658.98 is more than 2.0x this grid's within-day baseline of 251.27
9279,2013-11-01 15:00:00,HIGH_ACTIVITY,552.0609,251.2692,HIGH_ACTIVITY: current activity 552.06 is more than 2.0x this grid's within-day baseline of 251.27
9279,2013-11-01 16:00:00,HIGH_ACTIVITY,611.9428,251.2692,HIGH_ACTIVITY: current activity 611.94 is more than 2.0x this grid's within-day baseline of 251.27
9279,2013-11-01 17:00:00,HIGH_ACTIVITY,687.2022,251.2692,HIGH_ACTIVITY: current activity 687.20 is more than 2.0x this grid's within-day baseline of 251.27
9279,2013-11-01 18:00:00,HIGH_ACTIVITY,649.5915,251.2692,HIGH_ACTIVITY: current activity 649.59 is more than 2.0x this grid's within-day baseline of 251.27
9280,2013-11-01 11:00:00,HIGH_ACTIVITY,885.771,350.3038,HIGH_ACTIVITY: current activity 885.77 is more than 2.0x this grid's within-day baseline of 350.30
9280,2013-11-01 12:00:00,HIGH_ACTIVITY,911.5313,350.3038,HIGH_ACTIVITY: current activity 911.53 is more than 2.0x this grid's within-day baseline of 350.30
9280,2013-11-01 13:00:00,HIGH_ACTIVITY,909.5899,350.3038,HIGH_ACTIVITY: current activity 909.59 is more than 2.0x this grid's within-day baseline of 350.30
9280,2013-11-01 14:00:00,HIGH_ACTIVITY,819.1633,350.3038,HIGH_ACTIVITY: current activity 819.16 is more than 2.0x this grid's within-day baseline of 350.30
9280,2013-11-01 15:00:00,HIGH_ACTIVITY,956.2209,350.3038,HIGH_ACTIVITY: current activity 956.22 is more than 2.0x this grid's within-day baseline of 350.30
9280,2013-11-01 16:00:00,HIGH_ACTIVITY,1223.0479,350.3038,HIGH_ACTIVITY: current activity 1223.05 is more than 2.0x this grid's within-day baseline of 350.30
9280,2013-11-01 17:00:00,HIGH_ACTIVITY,1347.8052,350.3038,HIGH_ACTIVITY: current activity 1347.81 is more than 2.0x this grid's within-day baseline of 350.30
9280,2013-11-01 18:00:00,HIGH_ACTIVITY,1262.5252,350.3038,HIGH_ACTIVITY: current activity 1262.53 is more than 2.0x this grid's within-day baseline of 350.30
9280,2013-11-01 19:00:00,HIGH_ACTIVITY,807.5694,350.3038,HIGH_ACTIVITY: current activity 807.57 is more than 2.0x this grid's within-day baseline of 350.30
9281,2013-11-01 11:00:00,HIGH_ACTIVITY,872.8363,354.0645,HIGH_ACTIVITY: current activity 872.84 is more than 2.0x this grid's within-day baseline of 354.06
9281,2013-11-01 12:00:00,HIGH_ACTIVITY,908.2443,354.0645,HIGH_ACTIVITY: current activity 908.24 is more than 2.0x this grid's within-day baseline of 354.06
9281,2013-11-01 13:00:00,HIGH_ACTIVITY,911.1252,354.0645,HIGH_ACTIVITY: current activity 911.13 is more than 2.0x this grid's within-day baseline of 354.06
9281,2013-11-01 14:00:00,HIGH_ACTIVITY,824.2862,354.0645,HIGH_ACTIVITY: current activity 824.29 is more than 2.0x this grid's within-day baseline of 354.06
9281,2013-11-01 15:00:00,HIGH_ACTIVITY,953.9566,354.0645,HIGH_ACTIVITY: current activity 953.96 is more than 2.0x this grid's within-day baseline of 354.06
9281,2013-11-01 16:00:00,HIGH_ACTIVITY,1224.1482,354.0645,HIGH_ACTIVITY: current activity 1224.15 is more than 2.0x this grid's within-day baseline of 354.06
9281,2013-11-01 17:00:00,HIGH_ACTIVITY,1349.9686,354.0645,HIGH_ACTIVITY: current activity 1349.97 is more than 2.0x this grid's within-day baseline of 354.06
9281,2013-11-01 18:00:00,HIGH_ACTIVITY,1253.8561,354.0645,HIGH_ACTIVITY: current activity 1253.86 is more than 2.0x this grid's within-day baseline of 354.06
9281,2013-11-01 19:00:00,HIGH_ACTIVITY,807.7902,354.0645,HIGH_ACTIVITY: current activity 807.79 is more than 2.0x this grid's within-day baseline of 354.06
9282,2013-11-01 12:00:00,HIGH_ACTIVITY,618.6238,304.2266,HIGH_ACTIVITY: current activity 618.62 is more than 2.0x this grid's within-day baseline of 304.23
9282,2013-11-01 15:00:00,HIGH_ACTIVITY,631.719,304.2266,HIGH_ACTIVITY: current activity 631.72 is more than 2.0x this grid's within-day baseline of 304.23
9282,2013-11-01 16:00:00,HIGH_ACTIVITY,768.7103,304.2266,HIGH_ACTIVITY: current activity 768.71 is more than 2.0x this grid's within-day baseline of 304.23
9282,2013-11-01 17:00:00,HIGH_ACTIVITY,880.1029,304.2266,HIGH_ACTIVITY: current activity 880.10 is more than 2.0x this grid's within-day baseline of 304.23
9282,2013-11-01 18:00:00,HIGH_ACTIVITY,777.7437,304.2266,HIGH_ACTIVITY: current activity 777.74 is more than 2.0x this grid's within-day baseline of 304.23
9286,2013-11-01 11:00:00,HIGH_ACTIVITY,435.0251,207.717,HIGH_ACTIVITY: current activity 435.03 is more than 2.0x this grid's within-day baseline of 207.72
9375,2013-11-01 04:00:00,ACTIVITY_DROP,120.29,503.5637,ACTIVITY_DROP: current activity 120.29 is below 0.25x this grid's within-day baseline of 503.56
9375,2013-11-01 05:00:00,ACTIVITY_DROP,97.4983,503.5637,ACTIVITY_DROP: current activity 97.50 is below 0.25x this grid's within-day baseline of 503.56
9375,2013-11-01 06:00:00,ACTIVITY_DROP,107.9954,503.5637,ACTIVITY_DROP: current activity 108.00 is below 0.25x this grid's within-day baseline of 503.56
9375,2013-11-01 09:00:00,ACTIVITY_SPIKE,601.7885,208.3174,ACTIVITY_SPIKE: current activity 601.79 is more than 2.0x the immediately preceding hour's 208.32
9375,2013-11-01 17:00:00,HIGH_ACTIVITY,1135.566,483.7373,HIGH_ACTIVITY: current activity 1135.57 is more than 2.0x this grid's within-day baseline of 483.74
9376,2013-11-01 11:00:00,HIGH_ACTIVITY,1191.5373,473.5816,HIGH_ACTIVITY: current activity 1191.54 is more than 2.0x this grid's within-day baseline of 473.58
9376,2013-11-01 16:00:00,HIGH_ACTIVITY,1111.5424,473.5816,HIGH_ACTIVITY: current activity 1111.54 is more than 2.0x this grid's within-day baseline of 473.58
9376,2013-11-01 17:00:00,HIGH_ACTIVITY,1309.4549,473.5816,HIGH_ACTIVITY: current activity 1309.45 is more than 2.0x this grid's within-day baseline of 473.58
9376,2013-11-01 18:00:00,HIGH_ACTIVITY,1173.5224,473.5816,HIGH_ACTIVITY: current activity 1173.52 is more than 2.0x this grid's within-day baseline of 473.58
9376,2013-11-01 19:00:00,HIGH_ACTIVITY,959.122,473.5816,HIGH_ACTIVITY: current activity 959.12 is more than 2.0x this grid's within-day baseline of 473.58
9377,2013-11-01 04:00:00,ACTIVITY_DROP,110.2759,451.6517,ACTIVITY_DROP: current activity 110.28 is below 0.25x this grid's within-day baseline of 451.65
9377,2013-11-01 10:00:00,HIGH_ACTIVITY,961.1321,417.012,HIGH_ACTIVITY: current activity 961.13 is more than 2.0x this grid's within-day baseline of 417.01
9377,2013-11-01 10:00:00,ACTIVITY_SPIKE,961.1321,451.6517,ACTIVITY_SPIKE: current activity 961.13 is more than 2.0x the immediately preceding hour's 451.65
9377,2013-11-01 11:00:00,HIGH_ACTIVITY,1472.5745,417.012,HIGH_ACTIVITY: current activity 1472.57 is more than 2.0x this grid's within-day baseline of 417.01
9377,2013-11-01 12:00:00,HIGH_ACTIVITY,1149.6884,417.012,HIGH_ACTIVITY: current activity 1149.69 is more than 2.0x this grid's within-day baseline of 417.01
9377,2013-11-01 13:00:00,HIGH_ACTIVITY,885.9124,417.012,HIGH_ACTIVITY: current activity 885.91 is more than 2.0x this grid's within-day baseline of 417.01
9377,2013-11-01 14:00:00,HIGH_ACTIVITY,968.7428,417.012,HIGH_ACTIVITY: current activity 968.74 is more than 2.0x this grid's within-day baseline of 417.01
9377,2013-11-01 15:00:00,HIGH_ACTIVITY,1079.5689,417.012,HIGH_ACTIVITY: current activity 1079.57 is more than 2.0x this grid's within-day baseline of 417.01
9377,2013-11-01 16:00:00,HIGH_ACTIVITY,1697.9433,417.012,HIGH_ACTIVITY: current activity 1697.94 is more than 2.0x this grid's within-day baseline of 417.01
9377,2013-11-01 17:00:00,HIGH_ACTIVITY,1862.7942,417.012,HIGH_ACTIVITY: current activity 1862.79 is more than 2.0x this grid's within-day baseline of 417.01
9377,2013-11-01 18:00:00,HIGH_ACTIVITY,1724.0621,417.012,HIGH_ACTIVITY: current activity 1724.06 is more than 2.0x this grid's within-day baseline of 417.01
9377,2013-11-01 19:00:00,HIGH_ACTIVITY,1220.5429,417.012,HIGH_ACTIVITY: current activity 1220.54 is more than 2.0x this grid's within-day baseline of 417.01
9378,2013-11-01 10:00:00,HIGH_ACTIVITY,521.7047,209.2397,HIGH_ACTIVITY: current activity 521.70 is more than 2.0x this grid's within-day baseline of 209.24
9378,2013-11-01 11:00:00,HIGH_ACTIVITY,647.1067,209.2397,HIGH_ACTIVITY: current activity 647.11 is more than 2.0x this grid's within-day baseline of 209.24
9378,2013-11-01 13:00:00,HIGH_ACTIVITY,565.4501,209.2397,HIGH_ACTIVITY: current activity 565.45 is more than 2.0x this grid's within-day baseline of 209.24
9379,2013-11-01 10:00:00,HIGH_ACTIVITY,446.6797,206.3427,HIGH_ACTIVITY: current activity 446.68 is more than 2.0x this grid's within-day baseline of 206.34
9379,2013-11-01 11:00:00,HIGH_ACTIVITY,560.5825,206.3427,HIGH_ACTIVITY: current activity 560.58 is more than 2.0x this grid's within-day baseline of 206.34
9379,2013-11-01 12:00:00,HIGH_ACTIVITY,440.3724,206.3427,HIGH_ACTIVITY: current activity 440.37 is more than 2.0x this grid's within-day baseline of 206.34
9379,2013-11-01 13:00:00,HIGH_ACTIVITY,516.2393,206.3427,HIGH_ACTIVITY: current activity 516.24 is more than 2.0x this grid's within-day baseline of 206.34
9379,2013-11-01 15:00:00,HIGH_ACTIVITY,428.763,206.3427,HIGH_ACTIVITY: current activity 428.76 is more than 2.0x this grid's within-day baseline of 206.34
9379,2013-11-01 16:00:00,HIGH_ACTIVITY,457.6649,206.3427,HIGH_ACTIVITY: current activity 457.66 is more than 2.0x this grid's within-day baseline of 206.34
9379,2013-11-01 17:00:00,HIGH_ACTIVITY,506.993,206.3427,HIGH_ACTIVITY: current activity 506.99 is more than 2.0x this grid's within-day baseline of 206.34
9379,2013-11-01 18:00:00,HIGH_ACTIVITY,478.9131,206.3427,HIGH_ACTIVITY: current activity 478.91 is more than 2.0x this grid's within-day baseline of 206.34
9380,2013-11-01 11:00:00,HIGH_ACTIVITY,835.677,330.7407,HIGH_ACTIVITY: current activity 835.68 is more than 2.0x this grid's within-day baseline of 330.74
9380,2013-11-01 12:00:00,HIGH_ACTIVITY,859.4717,330.7407,HIGH_ACTIVITY: current activity 859.47 is more than 2.0x this grid's within-day baseline of 330.74
9380,2013-11-01 13:00:00,HIGH_ACTIVITY,855.1356,330.7407,HIGH_ACTIVITY: current activity 855.14 is more than 2.0x this grid's within-day baseline of 330.74
9380,2013-11-01 14:00:00,HIGH_ACTIVITY,772.5944,330.7407,HIGH_ACTIVITY: current activity 772.59 is more than 2.0x this grid's within-day baseline of 330.74
9380,2013-11-01 15:00:00,HIGH_ACTIVITY,902.0225,330.7407,HIGH_ACTIVITY: current activity 902.02 is more than 2.0x this grid's within-day baseline of 330.74
9380,2013-11-01 16:00:00,HIGH_ACTIVITY,1152.3765,330.7407,HIGH_ACTIVITY: current activity 1152.38 is more than 2.0x this grid's within-day baseline of 330.74
9380,2013-11-01 17:00:00,HIGH_ACTIVITY,1267.9581,330.7407,HIGH_ACTIVITY: current activity 1267.96 is more than 2.0x this grid's within-day baseline of 330.74
9380,2013-11-01 18:00:00,HIGH_ACTIVITY,1190.5531,330.7407,HIGH_ACTIVITY: current activity 1190.55 is more than 2.0x this grid's within-day baseline of 330.74
9380,2013-11-01 19:00:00,HIGH_ACTIVITY,764.1674,330.7407,HIGH_ACTIVITY: current activity 764.17 is more than 2.0x this grid's within-day baseline of 330.74
9381,2013-11-01 11:00:00,HIGH_ACTIVITY,844.4251,372.0203,HIGH_ACTIVITY: current activity 844.43 is more than 2.0x this grid's within-day baseline of 372.02
9381,2013-11-01 12:00:00,HIGH_ACTIVITY,868.0601,372.0203,HIGH_ACTIVITY: current activity 868.06 is more than 2.0x this grid's within-day baseline of 372.02
9381,2013-11-01 13:00:00,HIGH_ACTIVITY,863.7323,372.0203,HIGH_ACTIVITY: current activity 863.73 is more than 2.0x this grid's within-day baseline of 372.02
9381,2013-11-01 14:00:00,HIGH_ACTIVITY,788.2816,372.0203,HIGH_ACTIVITY: current activity 788.28 is more than 2.0x this grid's within-day baseline of 372.02
9381,2013-11-01 15:00:00,HIGH_ACTIVITY,901.3328,372.0203,HIGH_ACTIVITY: current activity 901.33 is more than 2.0x this grid's within-day baseline of 372.02
9381,2013-11-01 16:00:00,HIGH_ACTIVITY,1155.0461,372.0203,HIGH_ACTIVITY: current activity 1155.05 is more than 2.0x this grid's within-day baseline of 372.02
9381,2013-11-01 17:00:00,HIGH_ACTIVITY,1270.5211,372.0203,HIGH_ACTIVITY: current activity 1270.52 is more than 2.0x this grid's within-day baseline of 372.02
9381,2013-11-01 18:00:00,HIGH_ACTIVITY,1189.596,372.0203,HIGH_ACTIVITY: current activity 1189.60 is more than 2.0x this grid's within-day baseline of 372.02
9381,2013-11-01 19:00:00,HIGH_ACTIVITY,781.7169,372.0203,HIGH_ACTIVITY: current activity 781.72 is more than 2.0x this grid's within-day baseline of 372.02
9385,2013-11-01 11:00:00,HIGH_ACTIVITY,840.6642,345.943,HIGH_ACTIVITY: current activity 840.66 is more than 2.0x this grid's within-day baseline of 345.94
9386,2013-11-01 10:00:00,HIGH_ACTIVITY,719.0986,355.4294,HIGH_ACTIVITY: current activity 719.10 is more than 2.0x this grid's within-day baseline of 355.43
9386,2013-11-01 11:00:00,HIGH_ACTIVITY,937.5194,355.4294,HIGH_ACTIVITY: current activity 937.52 is more than 2.0x this grid's within-day baseline of 355.43
9387,2013-11-01 10:00:00,HIGH_ACTIVITY,602.8409,289.1381,HIGH_ACTIVITY: current activity 602.84 is more than 2.0x this grid's within-day baseline of 289.14
9387,2013-11-01 11:00:00,HIGH_ACTIVITY,796.2452,289.1381,HIGH_ACTIVITY: current activity 796.25 is more than 2.0x this grid's within-day baseline of 289.14
9388,2013-11-01 10:00:00,HIGH_ACTIVITY,298.995,140.1353,HIGH_ACTIVITY: current activity 299.00 is more than 2.0x this grid's within-day baseline of 140.14
9388,2013-11-01 11:00:00,HIGH_ACTIVITY,393.8451,140.1353,HIGH_ACTIVITY: current activity 393.85 is more than 2.0x this grid's within-day baseline of 140.14
9390,2013-11-01 10:00:00,HIGH_ACTIVITY,668.4706,274.375,HIGH_ACTIVITY: current activity 668.47 is more than 2.0x this grid's within-day baseline of 274.38
9390,2013-11-01 11:00:00,HIGH_ACTIVITY,812.1152,274.375,HIGH_ACTIVITY: current activity 812.12 is more than 2.0x this grid's within-day baseline of 274.38
9390,2013-11-01 12:00:00,HIGH_ACTIVITY,590.1895,274.375,HIGH_ACTIVITY: current activity 590.19 is more than 2.0x this grid's within-day baseline of 274.38
9391,2013-11-01 10:00:00,HIGH_ACTIVITY,651.0684,252.8788,HIGH_ACTIVITY: current activity 651.07 is more than 2.0x this grid's within-day baseline of 252.88
9391,2013-11-01 11:00:00,HIGH_ACTIVITY,792.0723,252.8788,HIGH_ACTIVITY: current activity 792.07 is more than 2.0x this grid's within-day baseline of 252.88
9391,2013-11-01 12:00:00,HIGH_ACTIVITY,575.4574,252.8788,HIGH_ACTIVITY: current activity 575.46 is more than 2.0x this grid's within-day baseline of 252.88
9475,2013-11-01 04:00:00,ACTIVITY_DROP,123.1431,640.817,ACTIVITY_DROP: current activity 123.14 is below 0.25x this grid's within-day baseline of 640.82
9475,2013-11-01 05:00:00,ACTIVITY_DROP,100.3059,640.817,ACTIVITY_DROP: current activity 100.31 is below 0.25x this grid's within-day baseline of 640.82
9475,2013-11-01 06:00:00,ACTIVITY_DROP,103.2362,640.817,ACTIVITY_DROP: current activity 103.24 is below 0.25x this grid's within-day baseline of 640.82
9475,2013-11-01 07:00:00,ACTIVITY_DROP,140.8476,640.817,ACTIVITY_DROP: current activity 140.85 is below 0.25x this grid's within-day baseline of 640.82
9475,2013-11-01 09:00:00,ACTIVITY_SPIKE,722.9472,185.9748,ACTIVITY_SPIKE: current activity 722.95 is more than 2.0x the immediately preceding hour's 185.97
9475,2013-11-01 16:00:00,HIGH_ACTIVITY,1237.2582,554.4447,HIGH_ACTIVITY: current activity 1237.26 is more than 2.0x this grid's within-day baseline of 554.44
9475,2013-11-01 17:00:00,HIGH_ACTIVITY,1588.652,554.4447,HIGH_ACTIVITY: current activity 1588.65 is more than 2.0x this grid's within-day baseline of 554.44
9475,2013-11-01 18:00:00,HIGH_ACTIVITY,1285.8089,554.4447,HIGH_ACTIVITY: current activity 1285.81 is more than 2.0x this grid's within-day baseline of 554.44
9476,2013-11-01 04:00:00,ACTIVITY_DROP,99.9726,667.939,ACTIVITY_DROP: current activity 99.97 is below 0.25x this grid's within-day baseline of 667.94
9476,2013-11-01 05:00:00,ACTIVITY_DROP,103.591,667.939,ACTIVITY_DROP: current activity 103.59 is below 0.25x this grid's within-day baseline of 667.94
9476,2013-11-01 06:00:00,ACTIVITY_DROP,104.5221,667.939,ACTIVITY_DROP: current activity 104.52 is below 0.25x this grid's within-day baseline of 667.94
9476,2013-11-01 07:00:00,ACTIVITY_DROP,135.2647,667.939,ACTIVITY_DROP: current activity 135.26 is below 0.25x this grid's within-day baseline of 667.94
9476,2013-11-01 09:00:00,ACTIVITY_SPIKE,667.939,208.416,ACTIVITY_SPIKE: current activity 667.94 is more than 2.0x the immediately preceding hour's 208.42
9476,2013-11-01 11:00:00,HIGH_ACTIVITY,1180.3519,542.3321,HIGH_ACTIVITY: current activity 1180.35 is more than 2.0x this grid's within-day baseline of 542.33
9476,2013-11-01 12:00:00,HIGH_ACTIVITY,1117.1486,542.3321,HIGH_ACTIVITY: current activity 1117.15 is more than 2.0x this grid's within-day baseline of 542.33
9476,2013-11-01 15:00:00,HIGH_ACTIVITY,1150.5724,542.3321,HIGH_ACTIVITY: current activity 1150.57 is more than 2.0x this grid's within-day baseline of 542.33
9476,2013-11-01 16:00:00,HIGH_ACTIVITY,1767.4581,542.3321,HIGH_ACTIVITY: current activity 1767.46 is more than 2.0x this grid's within-day baseline of 542.33
9476,2013-11-01 17:00:00,HIGH_ACTIVITY,2131.9979,542.3321,HIGH_ACTIVITY: current activity 2132.00 is more than 2.0x this grid's within-day baseline of 542.33
9476,2013-11-01 18:00:00,HIGH_ACTIVITY,1842.52,542.3321,HIGH_ACTIVITY: current activity 1842.52 is more than 2.0x this grid's within-day baseline of 542.33
9476,2013-11-01 19:00:00,HIGH_ACTIVITY,1363.7997,542.3321,HIGH_ACTIVITY: current activity 1363.80 is more than 2.0x this grid's within-day baseline of 542.33
9477,2013-11-01 03:00:00,ACTIVITY_DROP,113.1832,463.0197,ACTIVITY_DROP: current activity 113.18 is below 0.25x this grid's within-day baseline of 463.02
9477,2013-11-01 04:00:00,ACTIVITY_DROP,99.5056,463.0197,ACTIVITY_DROP: current activity 99.51 is below 0.25x this grid's within-day baseline of 463.02
9477,2013-11-01 10:00:00,HIGH_ACTIVITY,1081.6228,458.7243,HIGH_ACTIVITY: current activity 1081.62 is more than 2.0x this grid's within-day baseline of 458.72
9477,2013-11-01 10:00:00,ACTIVITY_SPIKE,1081.6228,463.0197,ACTIVITY_SPIKE: current activity 1081.62 is more than 2.0x the immediately preceding hour's 463.02
9477,2013-11-01 11:00:00,HIGH_ACTIVITY,1691.2989,458.7243,HIGH_ACTIVITY: current activity 1691.30 is more than 2.0x this grid's within-day baseline of 458.72
9477,2013-11-01 12:00:00,HIGH_ACTIVITY,1367.7469,458.7243,HIGH_ACTIVITY: current activity 1367.75 is more than 2.0x this grid's within-day baseline of 458.72
9477,2013-11-01 13:00:00,HIGH_ACTIVITY,999.4033,458.7243,HIGH_ACTIVITY: current activity 999.40 is more than 2.0x this grid's within-day baseline of 458.72
9477,2013-11-01 14:00:00,HIGH_ACTIVITY,1180.7775,458.7243,HIGH_ACTIVITY: current activity 1180.78 is more than 2.0x this grid's within-day baseline of 458.72
9477,2013-11-01 15:00:00,HIGH_ACTIVITY,1292.598,458.7243,HIGH_ACTIVITY: current activity 1292.60 is more than 2.0x this grid's within-day baseline of 458.72
9477,2013-11-01 16:00:00,HIGH_ACTIVITY,2112.9588,458.7243,HIGH_ACTIVITY: current activity 2112.96 is more than 2.0x this grid's within-day baseline of 458.72
9477,2013-11-01 17:00:00,HIGH_ACTIVITY,2310.1699,458.7243,HIGH_ACTIVITY: current activity 2310.17 is more than 2.0x this grid's within-day baseline of 458.72
9477,2013-11-01 18:00:00,HIGH_ACTIVITY,2141.0812,458.7243,HIGH_ACTIVITY: current activity 2141.08 is more than 2.0x this grid's within-day baseline of 458.72
9477,2013-11-01 19:00:00,HIGH_ACTIVITY,1503.3882,458.7243,HIGH_ACTIVITY: current activity 1503.39 is more than 2.0x this grid's within-day baseline of 458.72
9478,2013-11-01 03:00:00,ACTIVITY_DROP,78.3963,319.5455,ACTIVITY_DROP: current activity 78.40 is below 0.25x this grid's within-day baseline of 319.55
9478,2013-11-01 04:00:00,ACTIVITY_DROP,78.8367,319.5455,ACTIVITY_DROP: current activity 78.84 is below 0.25x this grid's within-day baseline of 319.55
9478,2013-11-01 10:00:00,HIGH_ACTIVITY,654.3303,264.6677,HIGH_ACTIVITY: current activity 654.33 is more than 2.0x this grid's within-day baseline of 264.67
9478,2013-11-01 10:00:00,ACTIVITY_SPIKE,654.3303,319.5455,ACTIVITY_SPIKE: current activity 654.33 is more than 2.0x the immediately preceding hour's 319.55
9478,2013-11-01 11:00:00,HIGH_ACTIVITY,951.3986,264.6677,HIGH_ACTIVITY: current activity 951.40 is more than 2.0x this grid's within-day baseline of 264.67
9478,2013-11-01 12:00:00,HIGH_ACTIVITY,766.1807,264.6677,HIGH_ACTIVITY: current activity 766.18 is more than 2.0x this grid's within-day baseline of 264.67
9478,2013-11-01 13:00:00,HIGH_ACTIVITY,599.3073,264.6677,HIGH_ACTIVITY: current activity 599.31 is more than 2.0x this grid's within-day baseline of 264.67
9478,2013-11-01 14:00:00,HIGH_ACTIVITY,662.8135,264.6677,HIGH_ACTIVITY: current activity 662.81 is more than 2.0x this grid's within-day baseline of 264.67
9478,2013-11-01 15:00:00,HIGH_ACTIVITY,747.0378,264.6677,HIGH_ACTIVITY: current activity 747.04 is more than 2.0x this grid's within-day baseline of 264.67
9478,2013-11-01 16:00:00,HIGH_ACTIVITY,1154.7975,264.6677,HIGH_ACTIVITY: current activity 1154.80 is more than 2.0x this grid's within-day baseline of 264.67
9478,2013-11-01 17:00:00,HIGH_ACTIVITY,1251.8359,264.6677,HIGH_ACTIVITY: current activity 1251.84 is more than 2.0x this grid's within-day baseline of 264.67
9478,2013-11-01 18:00:00,HIGH_ACTIVITY,1186.3319,264.6677,HIGH_ACTIVITY: current activity 1186.33 is more than 2.0x this grid's within-day baseline of 264.67
9478,2013-11-01 19:00:00,HIGH_ACTIVITY,832.2277,264.6677,HIGH_ACTIVITY: current activity 832.23 is more than 2.0x this grid's within-day baseline of 264.67
9479,2013-11-01 11:00:00,HIGH_ACTIVITY,156.2532,77.4965,HIGH_ACTIVITY: current activity 156.25 is more than 2.0x this grid's within-day baseline of 77.50
9479,2013-11-01 15:00:00,HIGH_ACTIVITY,162.3707,77.4965,HIGH_ACTIVITY: current activity 162.37 is more than 2.0x this grid's within-day baseline of 77.50
9479,2013-11-01 16:00:00,HIGH_ACTIVITY,190.0146,77.4965,HIGH_ACTIVITY: current activity 190.01 is more than 2.0x this grid's within-day baseline of 77.50
9479,2013-11-01 17:00:00,HIGH_ACTIVITY,179.343,77.4965,HIGH_ACTIVITY: current activity 179.34 is more than 2.0x this grid's within-day baseline of 77.50
9479,2013-11-01 18:00:00,HIGH_ACTIVITY,210.0428,77.4965,HIGH_ACTIVITY: current activity 210.04 is more than 2.0x this grid's within-day baseline of 77.50
9479,2013-11-01 19:00:00,HIGH_ACTIVITY,173.3346,77.4965,HIGH_ACTIVITY: current activity 173.33 is more than 2.0x this grid's within-day baseline of 77.50
9480,2013-11-01 10:00:00,HIGH_ACTIVITY,252.0289,124.0612,HIGH_ACTIVITY: current activity 252.03 is more than 2.0x this grid's within-day baseline of 124.06
9480,2013-11-01 11:00:00,HIGH_ACTIVITY,293.294,124.0612,HIGH_ACTIVITY: current activity 293.29 is more than 2.0x this grid's within-day baseline of 124.06
9480,2013-11-01 12:00:00,HIGH_ACTIVITY,295.8832,124.0612,HIGH_ACTIVITY: current activity 295.88 is more than 2.0x this grid's within-day baseline of 124.06
9480,2013-11-01 13:00:00,HIGH_ACTIVITY,267.1255,124.0612,HIGH_ACTIVITY: current activity 267.13 is more than 2.0x this grid's within-day baseline of 124.06
9480,2013-11-01 14:00:00,HIGH_ACTIVITY,271.5425,124.0612,HIGH_ACTIVITY: current activity 271.54 is more than 2.0x this grid's within-day baseline of 124.06
9480,2013-11-01 15:00:00,HIGH_ACTIVITY,310.5059,124.0612,HIGH_ACTIVITY: current activity 310.51 is more than 2.0x this grid's within-day baseline of 124.06
9480,2013-11-01 16:00:00,HIGH_ACTIVITY,393.4286,124.0612,HIGH_ACTIVITY: current activity 393.43 is more than 2.0x this grid's within-day baseline of 124.06
9480,2013-11-01 17:00:00,HIGH_ACTIVITY,401.2688,124.0612,HIGH_ACTIVITY: current activity 401.27 is more than 2.0x this grid's within-day baseline of 124.06
9480,2013-11-01 18:00:00,HIGH_ACTIVITY,414.4872,124.0612,HIGH_ACTIVITY: current activity 414.49 is more than 2.0x this grid's within-day baseline of 124.06
9480,2013-11-01 19:00:00,HIGH_ACTIVITY,301.0252,124.0612,HIGH_ACTIVITY: current activity 301.03 is more than 2.0x this grid's within-day baseline of 124.06
9486,2013-11-01 10:00:00,HIGH_ACTIVITY,721.9486,357.431,HIGH_ACTIVITY: current activity 721.95 is more than 2.0x this grid's within-day baseline of 357.43
9486,2013-11-01 11:00:00,HIGH_ACTIVITY,940.5764,357.431,HIGH_ACTIVITY: current activity 940.58 is more than 2.0x this grid's within-day baseline of 357.43
9487,2013-11-01 11:00:00,HIGH_ACTIVITY,791.7141,332.7546,HIGH_ACTIVITY: current activity 791.71 is more than 2.0x this grid's within-day baseline of 332.75
9488,2013-11-01 11:00:00,HIGH_ACTIVITY,727.1479,283.9418,HIGH_ACTIVITY: current activity 727.15 is more than 2.0x this grid's within-day baseline of 283.94
9489,2013-11-01 10:00:00,HIGH_ACTIVITY,699.7126,237.4357,HIGH_ACTIVITY: current activity 699.71 is more than 2.0x this grid's within-day baseline of 237.44
9489,2013-11-01 10:00:00,ACTIVITY_SPIKE,699.7126,335.1717,ACTIVITY_SPIKE: current activity 699.71 is more than 2.0x the immediately preceding hour's 335.17
9489,2013-11-01 11:00:00,HIGH_ACTIVITY,941.7863,237.4357,HIGH_ACTIVITY: current activity 941.79 is more than 2.0x this grid's within-day baseline of 237.44
9489,2013-11-01 12:00:00,HIGH_ACTIVITY,633.2594,237.4357,HIGH_ACTIVITY: current activity 633.26 is more than 2.0x this grid's within-day baseline of 237.44
9490,2013-11-01 10:00:00,HIGH_ACTIVITY,1098.5322,235.7661,HIGH_ACTIVITY: current activity 1098.53 is more than 2.0x this grid's within-day baseline of 235.77
9490,2013-11-01 10:00:00,ACTIVITY_SPIKE,1098.5322,440.6469,ACTIVITY_SPIKE: current activity 1098.53 is more than 2.0x the immediately preceding hour's 440.65
9490,2013-11-01 11:00:00,HIGH_ACTIVITY,1520.1081,235.7661,HIGH_ACTIVITY: current activity 1520.11 is more than 2.0x this grid's within-day baseline of 235.77
9490,2013-11-01 12:00:00,HIGH_ACTIVITY,1004.563,235.7661,HIGH_ACTIVITY: current activity 1004.56 is more than 2.0x this grid's within-day baseline of 235.77
9490,2013-11-01 14:00:00,HIGH_ACTIVITY,483.8669,235.7661,HIGH_ACTIVITY: current activity 483.87 is more than 2.0x this grid's within-day baseline of 235.77
9491,2013-11-01 10:00:00,HIGH_ACTIVITY,1155.3707,250.0912,HIGH_ACTIVITY: current activity 1155.37 is more than 2.0x this grid's within-day baseline of 250.09
9491,2013-11-01 10:00:00,ACTIVITY_SPIKE,1155.3707,466.9688,ACTIVITY_SPIKE: current activity 1155.37 is more than 2.0x the immediately preceding hour's 466.97
9491,2013-11-01 11:00:00,HIGH_ACTIVITY,1574.7772,250.0912,HIGH_ACTIVITY: current activity 1574.78 is more than 2.0x this grid's within-day baseline of 250.09
9491,2013-11-01 12:00:00,HIGH_ACTIVITY,1037.1945,250.0912,HIGH_ACTIVITY: current activity 1037.19 is more than 2.0x this grid's within-day baseline of 250.09
9492,2013-11-01 10:00:00,HIGH_ACTIVITY,938.1783,297.5389,HIGH_ACTIVITY: current activity 938.18 is more than 2.0x this grid's within-day baseline of 297.54
9492,2013-11-01 11:00:00,HIGH_ACTIVITY,1090.9971,297.5389,HIGH_ACTIVITY: current activity 1091.00 is more than 2.0x this grid's within-day baseline of 297.54
9492,2013-11-01 12:00:00,HIGH_ACTIVITY,710.6783,297.5389,HIGH_ACTIVITY: current activity 710.68 is more than 2.0x this grid's within-day baseline of 297.54
9493,2013-11-01 10:00:00,HIGH_ACTIVITY,831.2935,291.544,HIGH_ACTIVITY: current activity 831.29 is more than 2.0x this grid's within-day baseline of 291.54
9493,2013-11-01 11:00:00,HIGH_ACTIVITY,944.3697,291.544,HIGH_ACTIVITY: current activity 944.37 is more than 2.0x this grid's within-day baseline of 291.54
9493,2013-11-01 12:00:00,HIGH_ACTIVITY,627.9264,291.544,HIGH_ACTIVITY: current activity 627.93 is more than 2.0x this grid's within-day baseline of 291.54
9494,2013-11-01 10:00:00,HIGH_ACTIVITY,620.4781,274.7603,HIGH_ACTIVITY: current activity 620.48 is more than 2.0x this grid's within-day baseline of 274.76
9494,2013-11-01 11:00:00,HIGH_ACTIVITY,692.4006,274.7603,HIGH_ACTIVITY: current activity 692.40 is more than 2.0x this grid's within-day baseline of 274.76
9575,2013-11-01 11:00:00,HIGH_ACTIVITY,692.4022,253.4598,HIGH_ACTIVITY: current activity 692.40 is more than 2.0x this grid's within-day baseline of 253.46
9575,2013-11-01 12:00:00,HIGH_ACTIVITY,533.6697,253.4598,HIGH_ACTIVITY: current activity 533.67 is more than 2.0x this grid's within-day baseline of 253.46
9575,2013-11-01 15:00:00,HIGH_ACTIVITY,542.3844,253.4598,HIGH_ACTIVITY: current activity 542.38 is more than 2.0x this grid's within-day baseline of 253.46
9575,2013-11-01 16:00:00,HIGH_ACTIVITY,786.5734,253.4598,HIGH_ACTIVITY: current activity 786.57 is more than 2.0x this grid's within-day baseline of 253.46
9575,2013-11-01 17:00:00,HIGH_ACTIVITY,822.3762,253.4598,HIGH_ACTIVITY: current activity 822.38 is more than 2.0x this grid's within-day baseline of 253.46
9575,2013-11-01 18:00:00,HIGH_ACTIVITY,661.648,253.4598,HIGH_ACTIVITY: current activity 661.65 is more than 2.0x this grid's within-day baseline of 253.46
9575,2013-11-01 19:00:00,HIGH_ACTIVITY,534.8099,253.4598,HIGH_ACTIVITY: current activity 534.81 is more than 2.0x this grid's within-day baseline of 253.46
9576,2013-11-01 04:00:00,ACTIVITY_DROP,98.8001,498.5751,ACTIVITY_DROP: current activity 98.80 is below 0.25x this grid's within-day baseline of 498.58
9576,2013-11-01 05:00:00,ACTIVITY_DROP,99.4897,498.5751,ACTIVITY_DROP: current activity 99.49 is below 0.25x this grid's within-day baseline of 498.58
9576,2013-11-01 06:00:00,ACTIVITY_DROP,104.5286,498.5751,ACTIVITY_DROP: current activity 104.53 is below 0.25x this grid's within-day baseline of 498.58
9576,2013-11-01 09:00:00,ACTIVITY_SPIKE,498.5751,204.9379,ACTIVITY_SPIKE: current activity 498.58 is more than 2.0x the immediately preceding hour's 204.94
9576,2013-11-01 11:00:00,HIGH_ACTIVITY,914.9795,368.8652,HIGH_ACTIVITY: current activity 914.98 is more than 2.0x this grid's within-day baseline of 368.87
9576,2013-11-01 12:00:00,HIGH_ACTIVITY,788.7844,368.8652,HIGH_ACTIVITY: current activity 788.78 is more than 2.0x this grid's within-day baseline of 368.87
9576,2013-11-01 15:00:00,HIGH_ACTIVITY,820.694,368.8652,HIGH_ACTIVITY: current activity 820.69 is more than 2.0x this grid's within-day baseline of 368.87
9576,2013-11-01 16:00:00,HIGH_ACTIVITY,1240.5607,368.8652,HIGH_ACTIVITY: current activity 1240.56 is more than 2.0x this grid's within-day baseline of 368.87
9576,2013-11-01 17:00:00,HIGH_ACTIVITY,1433.0691,368.8652,HIGH_ACTIVITY: current activity 1433.07 is more than 2.0x this grid's within-day baseline of 368.87
9576,2013-11-01 18:00:00,HIGH_ACTIVITY,1212.1327,368.8652,HIGH_ACTIVITY: current activity 1212.13 is more than 2.0x this grid's within-day baseline of 368.87
9576,2013-11-01 19:00:00,HIGH_ACTIVITY,916.4075,368.8652,HIGH_ACTIVITY: current activity 916.41 is more than 2.0x this grid's within-day baseline of 368.87
9577,2013-11-01 04:00:00,ACTIVITY_DROP,102.5421,436.7043,ACTIVITY_DROP: current activity 102.54 is below 0.25x this grid's within-day baseline of 436.70
9577,2013-11-01 10:00:00,HIGH_ACTIVITY,970.1257,429.3037,HIGH_ACTIVITY: current activity 970.13 is more than 2.0x this grid's within-day baseline of 429.30
9577,2013-11-01 10:00:00,ACTIVITY_SPIKE,970.1257,436.7043,ACTIVITY_SPIKE: current activity 970.13 is more than 2.0x the immediately preceding hour's 436.70
9577,2013-11-01 11:00:00,HIGH_ACTIVITY,1475.7479,429.3037,HIGH_ACTIVITY: current activity 1475.75 is more than 2.0x this grid's within-day baseline of 429.30
9577,2013-11-01 12:00:00,HIGH_ACTIVITY,1196.2163,429.3037,HIGH_ACTIVITY: current activity 1196.22 is more than 2.0x this grid's within-day baseline of 429.30
9577,2013-11-01 13:00:00,HIGH_ACTIVITY,882.3357,429.3037,HIGH_ACTIVITY: current activity 882.34 is more than 2.0x this grid's within-day baseline of 429.30
9577,2013-11-01 14:00:00,HIGH_ACTIVITY,1020.5053,429.3037,HIGH_ACTIVITY: current activity 1020.51 is more than 2.0x this grid's within-day baseline of 429.30
9577,2013-11-01 15:00:00,HIGH_ACTIVITY,1124.7135,429.3037,HIGH_ACTIVITY: current activity 1124.71 is more than 2.0x this grid's within-day baseline of 429.30
9577,2013-11-01 16:00:00,HIGH_ACTIVITY,1797.9992,429.3037,HIGH_ACTIVITY: current activity 1798.00 is more than 2.0x this grid's within-day baseline of 429.30
9577,2013-11-01 17:00:00,HIGH_ACTIVITY,1962.563,429.3037,HIGH_ACTIVITY: current activity 1962.56 is more than 2.0x this grid's within-day baseline of 429.30
9577,2013-11-01 18:00:00,HIGH_ACTIVITY,1813.4721,429.3037,HIGH_ACTIVITY: current activity 1813.47 is more than 2.0x this grid's within-day baseline of 429.30
9577,2013-11-01 19:00:00,HIGH_ACTIVITY,1306.4098,429.3037,HIGH_ACTIVITY: current activity 1306.41 is more than 2.0x this grid's within-day baseline of 429.30
9578,2013-11-01 10:00:00,HIGH_ACTIVITY,295.2156,127.5436,HIGH_ACTIVITY: current activity 295.22 is more than 2.0x this grid's within-day baseline of 127.54
9578,2013-11-01 11:00:00,HIGH_ACTIVITY,366.4302,127.5436,HIGH_ACTIVITY: current activity 366.43 is more than 2.0x this grid's within-day baseline of 127.54
9578,2013-11-01 12:00:00,HIGH_ACTIVITY,324.0202,127.5436,HIGH_ACTIVITY: current activity 324.02 is more than 2.0x this grid's within-day baseline of 127.54
9578,2013-11-01 14:00:00,HIGH_ACTIVITY,295.433,127.5436,HIGH_ACTIVITY: current activity 295.43 is more than 2.0x this grid's within-day baseline of 127.54
9578,2013-11-01 15:00:00,HIGH_ACTIVITY,321.3081,127.5436,HIGH_ACTIVITY: current activity 321.31 is more than 2.0x this grid's within-day baseline of 127.54
9578,2013-11-01 16:00:00,HIGH_ACTIVITY,483.2587,127.5436,HIGH_ACTIVITY: current activity 483.26 is more than 2.0x this grid's within-day baseline of 127.54
9578,2013-11-01 17:00:00,HIGH_ACTIVITY,486.7726,127.5436,HIGH_ACTIVITY: current activity 486.77 is more than 2.0x this grid's within-day baseline of 127.54
9578,2013-11-01 18:00:00,HIGH_ACTIVITY,501.1383,127.5436,HIGH_ACTIVITY: current activity 501.14 is more than 2.0x this grid's within-day baseline of 127.54
9578,2013-11-01 19:00:00,HIGH_ACTIVITY,379.6461,127.5436,HIGH_ACTIVITY: current activity 379.65 is more than 2.0x this grid's within-day baseline of 127.54
9579,2013-11-01 16:00:00,HIGH_ACTIVITY,219.6177,92.7402,HIGH_ACTIVITY: current activity 219.62 is more than 2.0x this grid's within-day baseline of 92.74
9579,2013-11-01 17:00:00,HIGH_ACTIVITY,191.1607,92.7402,HIGH_ACTIVITY: current activity 191.16 is more than 2.0x this grid's within-day baseline of 92.74
9579,2013-11-01 18:00:00,HIGH_ACTIVITY,232.439,92.7402,HIGH_ACTIVITY: current activity 232.44 is more than 2.0x this grid's within-day baseline of 92.74
9579,2013-11-01 19:00:00,HIGH_ACTIVITY,198.3886,92.7402,HIGH_ACTIVITY: current activity 198.39 is more than 2.0x this grid's within-day baseline of 92.74
9580,2013-11-01 16:00:00,HIGH_ACTIVITY,219.6177,92.7402,HIGH_ACTIVITY: current activity 219.62 is more than 2.0x this grid's within-day baseline of 92.74
9580,2013-11-01 17:00:00,HIGH_ACTIVITY,191.1607,92.7402,HIGH_ACTIVITY: current activity 191.16 is more than 2.0x this grid's within-day baseline of 92.74
9580,2013-11-01 18:00:00,HIGH_ACTIVITY,232.439,92.7402,HIGH_ACTIVITY: current activity 232.44 is more than 2.0x this grid's within-day baseline of 92.74
9580,2013-11-01 19:00:00,HIGH_ACTIVITY,198.3886,92.7402,HIGH_ACTIVITY: current activity 198.39 is more than 2.0x this grid's within-day baseline of 92.74
9588,2013-11-01 11:00:00,HIGH_ACTIVITY,710.9913,302.8826,HIGH_ACTIVITY: current activity 710.99 is more than 2.0x this grid's within-day baseline of 302.88
9589,2013-11-01 10:00:00,HIGH_ACTIVITY,756.3886,244.9675,HIGH_ACTIVITY: current activity 756.39 is more than 2.0x this grid's within-day baseline of 244.97
9589,2013-11-01 10:00:00,ACTIVITY_SPIKE,756.3886,360.8931,ACTIVITY_SPIKE: current activity 756.39 is more than 2.0x the immediately preceding hour's 360.89
9589,2013-11-01 11:00:00,HIGH_ACTIVITY,998.47,244.9675,HIGH_ACTIVITY: current activity 998.47 is more than 2.0x this grid's within-day baseline of 244.97
9589,2013-11-01 12:00:00,HIGH_ACTIVITY,742.8874,244.9675,HIGH_ACTIVITY: current activity 742.89 is more than 2.0x this grid's within-day baseline of 244.97
9590,2013-11-01 10:00:00,HIGH_ACTIVITY,1273.7047,296.7599,HIGH_ACTIVITY: current activity 1273.70 is more than 2.0x this grid's within-day baseline of 296.76
9590,2013-11-01 10:00:00,ACTIVITY_SPIKE,1273.7047,519.088,ACTIVITY_SPIKE: current activity 1273.70 is more than 2.0x the immediately preceding hour's 519.09
9590,2013-11-01 11:00:00,HIGH_ACTIVITY,1758.7577,296.7599,HIGH_ACTIVITY: current activity 1758.76 is more than 2.0x this grid's within-day baseline of 296.76
9590,2013-11-01 12:00:00,HIGH_ACTIVITY,1171.55,296.7599,HIGH_ACTIVITY: current activity 1171.55 is more than 2.0x this grid's within-day baseline of 296.76
9591,2013-11-01 10:00:00,HIGH_ACTIVITY,1298.4199,299.8636,HIGH_ACTIVITY: current activity 1298.42 is more than 2.0x this grid's within-day baseline of 299.86
9591,2013-11-01 10:00:00,ACTIVITY_SPIKE,1298.4199,534.2169,ACTIVITY_SPIKE: current activity 1298.42 is more than 2.0x the immediately preceding hour's 534.22
9591,2013-11-01 11:00:00,HIGH_ACTIVITY,1793.0021,299.8636,HIGH_ACTIVITY: current activity 1793.00 is more than 2.0x this grid's within-day baseline of 299.86
9591,2013-11-01 12:00:00,HIGH_ACTIVITY,1202.3104,299.8636,HIGH_ACTIVITY: current activity 1202.31 is more than 2.0x this grid's within-day baseline of 299.86
9592,2013-11-01 10:00:00,HIGH_ACTIVITY,971.638,292.772,HIGH_ACTIVITY: current activity 971.64 is more than 2.0x this grid's within-day baseline of 292.77
9592,2013-11-01 10:00:00,ACTIVITY_SPIKE,971.638,466.7493,ACTIVITY_SPIKE: current activity 971.64 is more than 2.0x the immediately preceding hour's 466.75
9592,2013-11-01 11:00:00,HIGH_ACTIVITY,1186.449,292.772,HIGH_ACTIVITY: current activity 1186.45 is more than 2.0x this grid's within-day baseline of 292.77
9592,2013-11-01 12:00:00,HIGH_ACTIVITY,782.4165,292.772,HIGH_ACTIVITY: current activity 782.42 is more than 2.0x this grid's within-day baseline of 292.77
9593,2013-11-01 10:00:00,HIGH_ACTIVITY,896.545,296.7334,HIGH_ACTIVITY: current activity 896.55 is more than 2.0x this grid's within-day baseline of 296.73
9593,2013-11-01 11:00:00,HIGH_ACTIVITY,1021.1192,296.7334,HIGH_ACTIVITY: current activity 1021.12 is more than 2.0x this grid's within-day baseline of 296.73
9593,2013-11-01 12:00:00,HIGH_ACTIVITY,666.2547,296.7334,HIGH_ACTIVITY: current activity 666.25 is more than 2.0x this grid's within-day baseline of 296.73
9594,2013-11-01 10:00:00,HIGH_ACTIVITY,915.5395,334.8352,HIGH_ACTIVITY: current activity 915.54 is more than 2.0x this grid's within-day baseline of 334.84
9594,2013-11-01 11:00:00,HIGH_ACTIVITY,1023.4977,334.8352,HIGH_ACTIVITY: current activity 1023.50 is more than 2.0x this grid's within-day baseline of 334.84
9594,2013-11-01 12:00:00,HIGH_ACTIVITY,719.6438,334.8352,HIGH_ACTIVITY: current activity 719.64 is more than 2.0x this grid's within-day baseline of 334.84
9595,2013-11-01 10:00:00,HIGH_ACTIVITY,911.7918,427.8072,HIGH_ACTIVITY: current activity 911.79 is more than 2.0x this grid's within-day baseline of 427.81
9595,2013-11-01 11:00:00,HIGH_ACTIVITY,893.7537,427.8072,HIGH_ACTIVITY: current activity 893.75 is more than 2.0x this grid's within-day baseline of 427.81
9595,2013-11-01 12:00:00,HIGH_ACTIVITY,971.8239,427.8072,HIGH_ACTIVITY: current activity 971.82 is more than 2.0x this grid's within-day baseline of 427.81
9596,2013-11-01 10:00:00,HIGH_ACTIVITY,911.7918,427.8072,HIGH_ACTIVITY: current activity 911.79 is more than 2.0x this grid's within-day baseline of 427.81
9596,2013-11-01 11:00:00,HIGH_ACTIVITY,893.7537,427.8072,HIGH_ACTIVITY: current activity 893.75 is more than 2.0x this grid's within-day baseline of 427.81
9596,2013-11-01 12:00:00,HIGH_ACTIVITY,971.8239,427.8072,HIGH_ACTIVITY: current activity 971.82 is more than 2.0x this grid's within-day baseline of 427.81
9598,2013-11-01 00:00:00,HIGH_ACTIVITY,1250.2236,500.6018,HIGH_ACTIVITY: current activity 1250.22 is more than 2.0x this grid's within-day baseline of 500.60
9598,2013-11-01 01:00:00,HIGH_ACTIVITY,1420.8882,500.6018,HIGH_ACTIVITY: current activity 1420.89 is more than 2.0x this grid's within-day baseline of 500.60
9598,2013-11-01 02:00:00,HIGH_ACTIVITY,1082.8797,500.6018,HIGH_ACTIVITY: current activity 1082.88 is more than 2.0x this grid's within-day baseline of 500.60
9598,2013-11-01 10:00:00,HIGH_ACTIVITY,1189.615,500.6018,HIGH_ACTIVITY: current activity 1189.61 is more than 2.0x this grid's within-day baseline of 500.60
9598,2013-11-01 10:00:00,ACTIVITY_SPIKE,1189.615,447.9907,ACTIVITY_SPIKE: current activity 1189.61 is more than 2.0x the immediately preceding hour's 447.99
9673,2013-11-01 03:00:00,ACTIVITY_DROP,89.8785,367.3829,ACTIVITY_DROP: current activity 89.88 is below 0.25x this grid's within-day baseline of 367.38
9673,2013-11-01 04:00:00,ACTIVITY_DROP,91.3302,367.3829,ACTIVITY_DROP: current activity 91.33 is below 0.25x this grid's within-day baseline of 367.38
9674,2013-11-01 11:00:00,HIGH_ACTIVITY,598.9706,208.4968,HIGH_ACTIVITY: current activity 598.97 is more than 2.0x this grid's within-day baseline of 208.50
9674,2013-11-01 12:00:00,HIGH_ACTIVITY,417.5702,208.4968,HIGH_ACTIVITY: current activity 417.57 is more than 2.0x this grid's within-day baseline of 208.50
9674,2013-11-01 16:00:00,HIGH_ACTIVITY,527.1946,208.4968,HIGH_ACTIVITY: current activity 527.19 is more than 2.0x this grid's within-day baseline of 208.50
9674,2013-11-01 17:00:00,HIGH_ACTIVITY,523.6414,208.4968,HIGH_ACTIVITY: current activity 523.64 is more than 2.0x this grid's within-day baseline of 208.50
9674,2013-11-01 18:00:00,HIGH_ACTIVITY,433.6685,208.4968,HIGH_ACTIVITY: current activity 433.67 is more than 2.0x this grid's within-day baseline of 208.50
9675,2013-11-01 11:00:00,HIGH_ACTIVITY,710.5444,255.1765,HIGH_ACTIVITY: current activity 710.54 is more than 2.0x this grid's within-day baseline of 255.18
9675,2013-11-01 16:00:00,HIGH_ACTIVITY,705.6207,255.1765,HIGH_ACTIVITY: current activity 705.62 is more than 2.0x this grid's within-day baseline of 255.18
9675,2013-11-01 17:00:00,HIGH_ACTIVITY,679.7825,255.1765,HIGH_ACTIVITY: current activity 679.78 is more than 2.0x this grid's within-day baseline of 255.18
9675,2013-11-01 18:00:00,HIGH_ACTIVITY,540.6576,255.1765,HIGH_ACTIVITY: current activity 540.66 is more than 2.0x this grid's within-day baseline of 255.18
9676,2013-11-01 11:00:00,HIGH_ACTIVITY,671.4341,285.5845,HIGH_ACTIVITY: current activity 671.43 is more than 2.0x this grid's within-day baseline of 285.58
9676,2013-11-01 16:00:00,HIGH_ACTIVITY,753.348,285.5845,HIGH_ACTIVITY: current activity 753.35 is more than 2.0x this grid's within-day baseline of 285.58
9676,2013-11-01 17:00:00,HIGH_ACTIVITY,746.5384,285.5845,HIGH_ACTIVITY: current activity 746.54 is more than 2.0x this grid's within-day baseline of 285.58
9676,2013-11-01 18:00:00,HIGH_ACTIVITY,617.6446,285.5845,HIGH_ACTIVITY: current activity 617.64 is more than 2.0x this grid's within-day baseline of 285.58
9680,2013-11-01 16:00:00,HIGH_ACTIVITY,219.6177,92.7402,HIGH_ACTIVITY: current activity 219.62 is more than 2.0x this grid's within-day baseline of 92.74
9680,2013-11-01 17:00:00,HIGH_ACTIVITY,191.1607,92.7402,HIGH_ACTIVITY: current activity 191.16 is more than 2.0x this grid's within-day baseline of 92.74
9680,2013-11-01 18:00:00,HIGH_ACTIVITY,232.439,92.7402,HIGH_ACTIVITY: current activity 232.44 is more than 2.0x this grid's within-day baseline of 92.74
9680,2013-11-01 19:00:00,HIGH_ACTIVITY,198.3886,92.7402,HIGH_ACTIVITY: current activity 198.39 is more than 2.0x this grid's within-day baseline of 92.74
9690,2013-11-01 10:00:00,HIGH_ACTIVITY,1210.9251,444.3968,HIGH_ACTIVITY: current activity 1210.93 is more than 2.0x this grid's within-day baseline of 444.40
9690,2013-11-01 11:00:00,HIGH_ACTIVITY,1553.5439,444.3968,HIGH_ACTIVITY: current activity 1553.54 is more than 2.0x this grid's within-day baseline of 444.40
9690,2013-11-01 12:00:00,HIGH_ACTIVITY,1115.7523,444.3968,HIGH_ACTIVITY: current activity 1115.75 is more than 2.0x this grid's within-day baseline of 444.40
9691,2013-11-01 10:00:00,HIGH_ACTIVITY,1232.6254,345.7246,HIGH_ACTIVITY: current activity 1232.63 is more than 2.0x this grid's within-day baseline of 345.72
9691,2013-11-01 10:00:00,ACTIVITY_SPIKE,1232.6254,559.7316,ACTIVITY_SPIKE: current activity 1232.63 is more than 2.0x the immediately preceding hour's 559.73
9691,2013-11-01 11:00:00,HIGH_ACTIVITY,1658.0731,345.7246,HIGH_ACTIVITY: current activity 1658.07 is more than 2.0x this grid's within-day baseline of 345.72
9691,2013-11-01 12:00:00,HIGH_ACTIVITY,1145.6427,345.7246,HIGH_ACTIVITY: current activity 1145.64 is more than 2.0x this grid's within-day baseline of 345.72
9692,2013-11-01 10:00:00,HIGH_ACTIVITY,382.257,138.1511,HIGH_ACTIVITY: current activity 382.26 is more than 2.0x this grid's within-day baseline of 138.15
9692,2013-11-01 11:00:00,HIGH_ACTIVITY,448.6116,138.1511,HIGH_ACTIVITY: current activity 448.61 is more than 2.0x this grid's within-day baseline of 138.15
9692,2013-11-01 12:00:00,HIGH_ACTIVITY,367.4309,138.1511,HIGH_ACTIVITY: current activity 367.43 is more than 2.0x this grid's within-day baseline of 138.15
9693,2013-11-01 10:00:00,HIGH_ACTIVITY,313.4435,144.6047,HIGH_ACTIVITY: current activity 313.44 is more than 2.0x this grid's within-day baseline of 144.60
9693,2013-11-01 11:00:00,HIGH_ACTIVITY,330.0753,144.6047,HIGH_ACTIVITY: current activity 330.08 is more than 2.0x this grid's within-day baseline of 144.60
9693,2013-11-01 12:00:00,HIGH_ACTIVITY,289.5795,144.6047,HIGH_ACTIVITY: current activity 289.58 is more than 2.0x this grid's within-day baseline of 144.60
9694,2013-11-01 10:00:00,HIGH_ACTIVITY,640.5648,293.5322,HIGH_ACTIVITY: current activity 640.56 is more than 2.0x this grid's within-day baseline of 293.53
9694,2013-11-01 11:00:00,HIGH_ACTIVITY,645.0844,293.5322,HIGH_ACTIVITY: current activity 645.08 is more than 2.0x this grid's within-day baseline of 293.53
9694,2013-11-01 12:00:00,HIGH_ACTIVITY,649.0306,293.5322,HIGH_ACTIVITY: current activity 649.03 is more than 2.0x this grid's within-day baseline of 293.53
9695,2013-11-01 10:00:00,HIGH_ACTIVITY,911.7918,427.8072,HIGH_ACTIVITY: current activity 911.79 is more than 2.0x this grid's within-day baseline of 427.81
9695,2013-11-01 11:00:00,HIGH_ACTIVITY,893.7537,427.8072,HIGH_ACTIVITY: current activity 893.75 is more than 2.0x this grid's within-day baseline of 427.81
9695,2013-11-01 12:00:00,HIGH_ACTIVITY,971.8239,427.8072,HIGH_ACTIVITY: current activity 971.82 is more than 2.0x this grid's within-day baseline of 427.81
9696,2013-11-01 10:00:00,HIGH_ACTIVITY,911.6292,427.734,HIGH_ACTIVITY: current activity 911.63 is more than 2.0x this grid's within-day baseline of 427.73
9696,2013-11-01 11:00:00,HIGH_ACTIVITY,893.5798,427.734,HIGH_ACTIVITY: current activity 893.58 is more than 2.0x this grid's within-day baseline of 427.73
9696,2013-11-01 12:00:00,HIGH_ACTIVITY,971.6807,427.734,HIGH_ACTIVITY: current activity 971.68 is more than 2.0x this grid's within-day baseline of 427.73
9698,2013-11-01 00:00:00,HIGH_ACTIVITY,1249.6826,500.5611,HIGH_ACTIVITY: current activity 1249.68 is more than 2.0x this grid's within-day baseline of 500.56
9698,2013-11-01 01:00:00,HIGH_ACTIVITY,1420.2248,500.5611,HIGH_ACTIVITY: current activity 1420.22 is more than 2.0x this grid's within-day baseline of 500.56
9698,2013-11-01 02:00:00,HIGH_ACTIVITY,1082.5606,500.5611,HIGH_ACTIVITY: current activity 1082.56 is more than 2.0x this grid's within-day baseline of 500.56
9698,2013-11-01 10:00:00,HIGH_ACTIVITY,1189.3171,500.5611,HIGH_ACTIVITY: current activity 1189.32 is more than 2.0x this grid's within-day baseline of 500.56
9698,2013-11-01 10:00:00,ACTIVITY_SPIKE,1189.3171,447.8216,ACTIVITY_SPIKE: current activity 1189.32 is more than 2.0x the immediately preceding hour's 447.82
9699,2013-11-01 00:00:00,HIGH_ACTIVITY,1170.1187,498.1052,HIGH_ACTIVITY: current activity 1170.12 is more than 2.0x this grid's within-day baseline of 498.11
9699,2013-11-01 01:00:00,HIGH_ACTIVITY,1323.6955,498.1052,HIGH_ACTIVITY: current activity 1323.70 is more than 2.0x this grid's within-day baseline of 498.11
9699,2013-11-01 02:00:00,HIGH_ACTIVITY,1006.0599,498.1052,HIGH_ACTIVITY: current activity 1006.06 is more than 2.0x this grid's within-day baseline of 498.11
9699,2013-11-01 10:00:00,HIGH_ACTIVITY,1111.3832,498.1052,HIGH_ACTIVITY: current activity 1111.38 is more than 2.0x this grid's within-day baseline of 498.11
9699,2013-11-01 10:00:00,ACTIVITY_SPIKE,1111.3832,441.8319,ACTIVITY_SPIKE: current activity 1111.38 is more than 2.0x the immediately preceding hour's 441.83
9700,2013-11-01 00:00:00,HIGH_ACTIVITY,774.8932,376.0294,HIGH_ACTIVITY: current activity 774.89 is more than 2.0x this grid's within-day baseline of 376.03
9700,2013-11-01 01:00:00,HIGH_ACTIVITY,865.2579,376.0294,HIGH_ACTIVITY: current activity 865.26 is more than 2.0x this grid's within-day baseline of 376.03
9700,2013-11-01 10:00:00,HIGH_ACTIVITY,782.6557,376.0294,HIGH_ACTIVITY: current activity 782.66 is more than 2.0x this grid's within-day baseline of 376.03
9700,2013-11-01 10:00:00,ACTIVITY_SPIKE,782.6557,371.6656,ACTIVITY_SPIKE: current activity 782.66 is more than 2.0x the immediately preceding hour's 371.67
9772,2013-11-01 03:00:00,ACTIVITY_DROP,95.382,435.704,ACTIVITY_DROP: current activity 95.38 is below 0.25x this grid's within-day baseline of 435.70
9772,2013-11-01 04:00:00,ACTIVITY_DROP,100.387,435.704,ACTIVITY_DROP: current activity 100.39 is below 0.25x this grid's within-day baseline of 435.70
9772,2013-11-01 12:00:00,HIGH_ACTIVITY,688.9414,337.5716,HIGH_ACTIVITY: current activity 688.94 is more than 2.0x this grid's within-day baseline of 337.57
9772,2013-11-01 18:00:00,HIGH_ACTIVITY,799.8913,337.5716,HIGH_ACTIVITY: current activity 799.89 is more than 2.0x this grid's within-day baseline of 337.57
9773,2013-11-01 02:00:00,ACTIVITY_DROP,89.4285,383.2044,ACTIVITY_DROP: current activity 89.43 is below 0.25x this grid's within-day baseline of 383.20
9773,2013-11-01 03:00:00,ACTIVITY_DROP,75.355,383.2044,ACTIVITY_DROP: current activity 75.36 is below 0.25x this grid's within-day baseline of 383.20
9773,2013-11-01 04:00:00,ACTIVITY_DROP,79.6512,383.2044,ACTIVITY_DROP: current activity 79.65 is below 0.25x this grid's within-day baseline of 383.20
9773,2013-11-01 05:00:00,ACTIVITY_DROP,87.6284,383.2044,ACTIVITY_DROP: current activity 87.63 is below 0.25x this grid's within-day baseline of 383.20
9773,2013-11-01 11:00:00,HIGH_ACTIVITY,650.6857,310.177,HIGH_ACTIVITY: current activity 650.69 is more than 2.0x this grid's within-day baseline of 310.18
9773,2013-11-01 12:00:00,HIGH_ACTIVITY,676.4293,310.177,HIGH_ACTIVITY: current activity 676.43 is more than 2.0x this grid's within-day baseline of 310.18
9773,2013-11-01 17:00:00,HIGH_ACTIVITY,654.4028,310.177,HIGH_ACTIVITY: current activity 654.40 is more than 2.0x this grid's within-day baseline of 310.18
9773,2013-11-01 18:00:00,HIGH_ACTIVITY,813.1524,310.177,HIGH_ACTIVITY: current activity 813.15 is more than 2.0x this grid's within-day baseline of 310.18
9774,2013-11-01 11:00:00,HIGH_ACTIVITY,672.4689,310.7799,HIGH_ACTIVITY: current activity 672.47 is more than 2.0x this grid's within-day baseline of 310.78
9774,2013-11-01 17:00:00,HIGH_ACTIVITY,649.7833,310.7799,HIGH_ACTIVITY: current activity 649.78 is more than 2.0x this grid's within-day baseline of 310.78
9774,2013-11-01 18:00:00,HIGH_ACTIVITY,649.4005,310.7799,HIGH_ACTIVITY: current activity 649.40 is more than 2.0x this grid's within-day baseline of 310.78
9775,2013-11-01 16:00:00,HIGH_ACTIVITY,863.8256,358.981,HIGH_ACTIVITY: current activity 863.83 is more than 2.0x this grid's within-day baseline of 358.98
9775,2013-11-01 17:00:00,HIGH_ACTIVITY,858.0914,358.981,HIGH_ACTIVITY: current activity 858.09 is more than 2.0x this grid's within-day baseline of 358.98
9775,2013-11-01 18:00:00,HIGH_ACTIVITY,755.9071,358.981,HIGH_ACTIVITY: current activity 755.91 is more than 2.0x this grid's within-day baseline of 358.98
9776,2013-11-01 16:00:00,HIGH_ACTIVITY,958.9457,444.2249,HIGH_ACTIVITY: current activity 958.95 is more than 2.0x this grid's within-day baseline of 444.22
9776,2013-11-01 17:00:00,HIGH_ACTIVITY,969.6069,444.2249,HIGH_ACTIVITY: current activity 969.61 is more than 2.0x this grid's within-day baseline of 444.22
9778,2013-11-01 06:00:00,ACTIVITY_SPIKE,431.7794,214.9803,ACTIVITY_SPIKE: current activity 431.78 is more than 2.0x the immediately preceding hour's 214.98
9780,2013-11-01 16:00:00,HIGH_ACTIVITY,259.9869,128.4029,HIGH_ACTIVITY: current activity 259.99 is more than 2.0x this grid's within-day baseline of 128.40
9780,2013-11-01 18:00:00,HIGH_ACTIVITY,268.5122,128.4029,HIGH_ACTIVITY: current activity 268.51 is more than 2.0x this grid's within-day baseline of 128.40
9795,2013-11-01 10:00:00,HIGH_ACTIVITY,746.6226,362.6431,HIGH_ACTIVITY: current activity 746.62 is more than 2.0x this grid's within-day baseline of 362.64
9795,2013-11-01 11:00:00,HIGH_ACTIVITY,741.973,362.6431,HIGH_ACTIVITY: current activity 741.97 is more than 2.0x this grid's within-day baseline of 362.64
9795,2013-11-01 12:00:00,HIGH_ACTIVITY,798.5342,362.6431,HIGH_ACTIVITY: current activity 798.53 is more than 2.0x this grid's within-day baseline of 362.64
9796,2013-11-01 11:00:00,HIGH_ACTIVITY,610.6356,303.1496,HIGH_ACTIVITY: current activity 610.64 is more than 2.0x this grid's within-day baseline of 303.15
9799,2013-11-01 00:00:00,HIGH_ACTIVITY,794.3919,378.2791,HIGH_ACTIVITY: current activity 794.39 is more than 2.0x this grid's within-day baseline of 378.28
9799,2013-11-01 01:00:00,HIGH_ACTIVITY,878.4713,378.2791,HIGH_ACTIVITY: current activity 878.47 is more than 2.0x this grid's within-day baseline of 378.28
9799,2013-11-01 10:00:00,HIGH_ACTIVITY,827.9429,378.2791,HIGH_ACTIVITY: current activity 827.94 is more than 2.0x this grid's within-day baseline of 378.28
9799,2013-11-01 10:00:00,ACTIVITY_SPIKE,827.9429,356.5508,ACTIVITY_SPIKE: current activity 827.94 is more than 2.0x the immediately preceding hour's 356.55
9800,2013-11-01 10:00:00,HIGH_ACTIVITY,367.5769,164.03,HIGH_ACTIVITY: current activity 367.58 is more than 2.0x this grid's within-day baseline of 164.03
9813,2013-11-01 13:00:00,HIGH_ACTIVITY,196.4642,94.9036,HIGH_ACTIVITY: current activity 196.46 is more than 2.0x this grid's within-day baseline of 94.90
9872,2013-11-01 04:00:00,ACTIVITY_DROP,63.4058,269.9039,ACTIVITY_DROP: current activity 63.41 is below 0.25x this grid's within-day baseline of 269.90
9872,2013-11-01 05:00:00,ACTIVITY_DROP,59.7625,269.9039,ACTIVITY_DROP: current activity 59.76 is below 0.25x this grid's within-day baseline of 269.90
9872,2013-11-01 07:00:00,ACTIVITY_SPIKE,208.6818,85.6591,ACTIVITY_SPIKE: current activity 208.68 is more than 2.0x the immediately preceding hour's 85.66
9872,2013-11-01 18:00:00,HIGH_ACTIVITY,459.0278,208.6818,HIGH_ACTIVITY: current activity 459.03 is more than 2.0x this grid's within-day baseline of 208.68
9873,2013-11-01 03:00:00,ACTIVITY_DROP,86.4441,346.3025,ACTIVITY_DROP: current activity 86.44 is below 0.25x this grid's within-day baseline of 346.30
9873,2013-11-01 05:00:00,ACTIVITY_DROP,74.2041,346.3025,ACTIVITY_DROP: current activity 74.20 is below 0.25x this grid's within-day baseline of 346.30
9873,2013-11-01 18:00:00,HIGH_ACTIVITY,570.8299,243.8537,HIGH_ACTIVITY: current activity 570.83 is more than 2.0x this grid's within-day baseline of 243.85
9875,2013-11-01 16:00:00,HIGH_ACTIVITY,926.3753,432.4239,HIGH_ACTIVITY: current activity 926.38 is more than 2.0x this grid's within-day baseline of 432.42
9875,2013-11-01 17:00:00,HIGH_ACTIVITY,938.4256,432.4239,HIGH_ACTIVITY: current activity 938.43 is more than 2.0x this grid's within-day baseline of 432.42
9875,2013-11-01 18:00:00,HIGH_ACTIVITY,876.4908,432.4239,HIGH_ACTIVITY: current activity 876.49 is more than 2.0x this grid's within-day baseline of 432.42
9900,2013-11-01 10:00:00,HIGH_ACTIVITY,333.8962,144.9694,HIGH_ACTIVITY: current activity 333.90 is more than 2.0x this grid's within-day baseline of 144.97
9911,2013-11-01 13:00:00,HIGH_ACTIVITY,178.7833,89.0757,HIGH_ACTIVITY: current activity 178.78 is more than 2.0x this grid's within-day baseline of 89.08
9912,2013-11-01 13:00:00,HIGH_ACTIVITY,213.3877,102.9578,HIGH_ACTIVITY: current activity 213.39 is more than 2.0x this grid's within-day baseline of 102.96
9971,2013-11-01 07:00:00,ACTIVITY_SPIKE,252.8907,99.2432,ACTIVITY_SPIKE: current activity 252.89 is more than 2.0x the immediately preceding hour's 99.24
9972,2013-11-01 07:00:00,ACTIVITY_SPIKE,234.5517,77.8591,ACTIVITY_SPIKE: current activity 234.55 is more than 2.0x the immediately preceding hour's 77.86
9972,2013-11-01 14:00:00,HIGH_ACTIVITY,388.3979,190.5172,HIGH_ACTIVITY: current activity 388.40 is more than 2.0x this grid's within-day baseline of 190.52
9974,2013-11-01 10:00:00,HIGH_ACTIVITY,528.8112,257.1556,HIGH_ACTIVITY: current activity 528.81 is more than 2.0x this grid's within-day baseline of 257.16
10000,2013-11-01 10:00:00,HIGH_ACTIVITY,314.7566,139.7308,HIGH_ACTIVITY: current activity 314.76 is more than 2.0x this grid's within-day baseline of 139.73
